{"type":"FeatureCollection","features":[{"type":"Feature","properties":{"layer":"county","state":"MS","cwa":"LIX","name":"Amite","fips":"28005"},"geometry":{"type":"Polygon","coordinates":[[[-90.6823,31.34941],[-90.5485,31.34961],[-90.54779,31.00067],[-91.0601,30.99941],[-91.05939,31.28091],[-91.0799,31.28901],[-91.0869,31.31471],[-91.09499,31.32091],[-91.0872,31.32601],[-91.0705,31.32841],[-91.0668,31.33831],[-91.0638,31.33821],[-91.0601,31.33201],[-91.0518,31.33021],[-91.04279,31.33581],[-91.0272,31.33621],[-91.0197,31.34641],[-91.0159,31.34761],[-91.0069,31.34611],[-91.00269,31.33751],[-90.98859,31.33651],[-90.98579,31.34701],[-90.9833,31.34851],[-90.6823,31.34941]]]}},{"type":"Feature","properties":{"layer":"county","state":"MS","cwa":"JAN","name":"Attala","fips":"28007"},"geometry":{"type":"Polygon","coordinates":[[[-89.4538,33.28591],[-89.3165,33.28561],[-89.3196,32.93111],[-89.7296,32.92971],[-89.73,32.88481],[-89.84039,32.88541],[-89.83949,32.87971],[-89.9658,32.88031],[-89.9581,32.89091],[-89.9511,32.89041],[-89.94389,32.89241],[-89.9397,32.89651],[-89.9341,32.89631],[-89.93349,32.89861],[-89.9376,32.90361],[-89.93549,32.90591],[-89.9199,32.91031],[-89.916,32.91701],[-89.918,32.92211],[-89.9135,32.92591],[-89.89989,32.92931],[-89.8966,32.93681],[-89.8988,32.94381],[-89.8891,32.96031],[-89.8927,32.96101],[-89.89339,32.96441],[-89.8843,32.97431],[-89.88779,32.98011],[-89.8838,32.98791],[-89.8782,32.99261],[-89.8808,32.99891],[-89.87019,33.00451],[-89.8676,33.01051],[-89.8625,33.01211],[-89.8623,33.01441],[-89.8591,33.01461],[-89.8567,33.02111],[-89.8368,33.04071],[-89.84119,33.05771],[-89.8242,33.06461],[-89.8227,33.06731],[-89.8223,33.07461],[-89.8257,33.07561],[-89.8248,33.07921],[-89.8278,33.08191],[-89.82719,33.08871],[-89.81989,33.09851],[-89.8258,33.10681],[-89.823,33.11281],[-89.8177,33.11461],[-89.8159,33.11301],[-89.7975,33.12301],[-89.79469,33.13021],[-89.7981,33.13701],[-89.7933,33.14271],[-89.7942,33.15921],[-89.7832,33.16321],[-89.77969,33.17151],[-89.7746,33.17671],[-89.7785,33.18161],[-89.77579,33.18501],[-89.7783,33.19101],[-89.77029,33.19641],[-89.75909,33.19531],[-89.75549,33.19911],[-89.7482,33.21701],[-89.74419,33.21951],[-89.7449,33.22611],[-89.7408,33.23571],[-89.7299,33.24411],[-89.72839,33.25031],[-89.72179,33.25911],[-89.71239,33.26051],[-89.7103,33.26501],[-89.7118,33.26781],[-89.7066,33.27101],[-89.70119,33.28511],[-89.4538,33.28591]]]}},{"type":"Feature","properties":{"layer":"county","state":"MS","cwa":"MEG","name":"Benton","fips":"28009"},"geometry":{"type":"Polygon","coordinates":[[[-89.0171,34.99501],[-89.01759,34.85871],[-89.035,34.85871],[-89.03529,34.81521],[-89.0879,34.81491],[-89.0882,34.59851],[-89.2456,34.59761],[-89.2456,34.58321],[-89.29829,34.58381],[-89.29919,34.84421],[-89.3527,34.84441],[-89.3527,34.99391],[-89.0171,34.99501]]]}},{"type":"Feature","properties":{"layer":"county","state":"MS","cwa":"JAN","name":"Adams","fips":"28001"},"geometry":{"type":"Polygon","coordinates":[[[-91.3062,31.71121],[-91.30309,31.71351],[-91.3007,31.71161],[-91.3014,31.70831],[-91.29749,31.70751],[-91.2977,31.69911],[-91.29449,31.69731],[-91.293,31.69241],[-91.29359,31.68741],[-91.30019,31.68091],[-91.29739,31.67741],[-91.2994,31.67281],[-91.26949,31.66561],[-91.2659,31.65881],[-91.2701,31.65141],[-91.26849,31.64751],[-91.24979,31.64351],[-91.2332,31.62931],[-91.15379,31.63051],[-91.15839,31.34721],[-91.16489,31.35021],[-91.1736,31.34641],[-91.1803,31.35121],[-91.1856,31.34891],[-91.1877,31.35361],[-91.20879,31.35501],[-91.2114,31.35781],[-91.21049,31.36231],[-91.2193,31.36931],[-91.21809,31.37151],[-91.23209,31.37271],[-91.2362,31.37151],[-91.23959,31.36701],[-91.2445,31.36771],[-91.2506,31.36371],[-91.2541,31.36501],[-91.25809,31.36101],[-91.2643,31.36301],[-91.2618,31.36471],[-91.2627,31.36921],[-91.2748,31.36941],[-91.2764,31.36401],[-91.2857,31.35661],[-91.2994,31.36201],[-91.3055,31.36091],[-91.3109,31.35461],[-91.314,31.35661],[-91.3202,31.35311],[-91.33109,31.35141],[-91.34109,31.34051],[-91.35,31.33861],[-91.35529,31.34391],[-91.3648,31.34211],[-91.3662,31.33601],[-91.37849,31.33651],[-91.39149,31.32521],[-91.3931,31.32801],[-91.3988,31.32361],[-91.4106,31.32411],[-91.42699,31.31481],[-91.43459,31.31491],[-91.4425,31.31891],[-91.4675,31.31951],[-91.4715,31.28681],[-91.4763,31.28591],[-91.4796,31.28221],[-91.4935,31.28491],[-91.4958,31.28351],[-91.49699,31.27611],[-91.4892,31.26611],[-91.4835,31.26531],[-91.4776,31.25911],[-91.4797,31.25131],[-91.4788,31.23921],[-91.4832,31.23781],[-91.48309,31.23471],[-91.4883,31.23501],[-91.4874,31.22911],[-91.4893,31.22631],[-91.50629,31.22621],[-91.5145,31.21771],[-91.5294,31.21461],[-91.5293,31.22551],[-91.534,31.23461],[-91.5439,31.23901],[-91.5571,31.23701],[-91.5757,31.22451],[-91.586,31.20751],[-91.5842,31.19731],[-91.58929,31.19021],[-91.59499,31.20201],[-91.60159,31.20861],[-91.6251,31.22611],[-91.64439,31.23441],[-91.65199,31.24271],[-91.6549,31.25101],[-91.6534,31.25671],[-91.6461,31.26401],[-91.6377,31.26771],[-91.6214,31.26781],[-91.57449,31.26131],[-91.55869,31.26221],[-91.5337,31.26871],[-91.51559,31.27821],[-91.5089,31.29161],[-91.5094,31.31601],[-91.53239,31.33251],[-91.5355,31.33811],[-91.54559,31.34371],[-91.5486,31.34791],[-91.54749,31.35151],[-91.5509,31.36361],[-91.5499,31.37611],[-91.54639,31.38231],[-91.5564,31.38621],[-91.5685,31.37801],[-91.57829,31.39911],[-91.57629,31.41051],[-91.56519,31.42341],[-91.5485,31.43271],[-91.5442,31.43281],[-91.5383,31.42631],[-91.5394,31.41361],[-91.5323,31.39031],[-91.5189,31.37251],[-91.50439,31.36511],[-91.4789,31.36491],[-91.4748,31.36861],[-91.46539,31.38101],[-91.4666,31.39041],[-91.48019,31.41031],[-91.50079,31.42821],[-91.5134,31.44441],[-91.518,31.47631],[-91.5152,31.50811],[-91.51569,31.51101],[-91.5206,31.51341],[-91.5227,31.52101],[-91.51469,31.53161],[-91.49039,31.53421],[-91.4797,31.53041],[-91.4446,31.54221],[-91.4115,31.56531],[-91.40759,31.56991],[-91.40469,31.58091],[-91.4042,31.58951],[-91.4125,31.59501],[-91.4227,31.59711],[-91.43259,31.59611],[-91.461,31.58691],[-91.4864,31.58661],[-91.5028,31.59571],[-91.51669,31.61231],[-91.5179,31.61951],[-91.51479,31.63141],[-91.49689,31.64541],[-91.49239,31.64391],[-91.4758,31.62631],[-91.46329,31.62031],[-91.43909,31.61341],[-91.4202,31.61191],[-91.4017,31.62031],[-91.3984,31.62621],[-91.3959,31.64181],[-91.4002,31.69321],[-91.39729,31.71071],[-91.3685,31.74691],[-91.352,31.74991],[-91.3175,31.74921],[-91.3062,31.71121]]]}},{"type":"Feature","properties":{"layer":"county","state":"MS","cwa":"MEG","name":"Yalobusha","fips":"28161"},"geometry":{"type":"Polygon","coordinates":[[[-89.6925,34.19211],[-89.5094,34.19091],[-89.50739,33.86751],[-89.7692,33.86731],[-89.76929,33.89711],[-89.92529,33.89791],[-89.9255,34.14051],[-89.93169,34.14431],[-89.9309,34.16431],[-89.7215,34.16351],[-89.7211,34.19251],[-89.6925,34.19211]]]}},{"type":"Feature","properties":{"layer":"county","state":"MS","cwa":"JAN","name":"Winston","fips":"28159"},"geometry":{"type":"Polygon","coordinates":[[[-88.8118,32.92621],[-88.9306,32.92671],[-88.9305,32.92001],[-88.96439,32.91911],[-88.96529,32.92661],[-89.0177,32.92641],[-89.0177,32.93131],[-89.3196,32.93111],[-89.3175,33.10901],[-89.2139,33.10941],[-89.21339,33.19751],[-89.10889,33.19801],[-89.10889,33.28481],[-89.1067,33.28591],[-88.8131,33.28641],[-88.8118,32.92621]]]}},{"type":"Feature","properties":{"layer":"county","state":"MS","cwa":"LIX","name":"Wilkinson","fips":"28157"},"geometry":{"type":"Polygon","coordinates":[[[-91.23209,31.37271],[-91.21809,31.37151],[-91.2193,31.36931],[-91.21049,31.36231],[-91.2114,31.35781],[-91.20879,31.35501],[-91.1877,31.35361],[-91.1856,31.34891],[-91.1803,31.35121],[-91.1711,31.34611],[-91.1617,31.35001],[-91.15459,31.34371],[-91.1523,31.34651],[-91.14539,31.34681],[-91.1458,31.34351],[-91.1418,31.34311],[-91.1431,31.33981],[-91.1412,31.33751],[-91.1384,31.33711],[-91.1353,31.33251],[-91.12859,31.33081],[-91.1272,31.32751],[-91.1197,31.32491],[-91.118,31.32031],[-91.10999,31.32091],[-91.1027,31.32651],[-91.0869,31.31471],[-91.0799,31.28901],[-91.05939,31.28091],[-91.0601,30.99941],[-91.6365,30.99941],[-91.5784,31.02401],[-91.5665,31.03591],[-91.5612,31.04621],[-91.56039,31.05761],[-91.56419,31.06681],[-91.5947,31.09141],[-91.6186,31.10731],[-91.6265,31.11911],[-91.6242,31.13371],[-91.59969,31.15961],[-91.59019,31.17561],[-91.58929,31.19021],[-91.5862,31.19281],[-91.58379,31.20061],[-91.5868,31.20481],[-91.5757,31.22451],[-91.5612,31.23511],[-91.54729,31.23921],[-91.5377,31.23691],[-91.5311,31.23141],[-91.5294,31.21461],[-91.5145,31.21771],[-91.50629,31.22621],[-91.4893,31.22631],[-91.4874,31.22911],[-91.4883,31.23501],[-91.48309,31.23471],[-91.4832,31.23781],[-91.4788,31.23921],[-91.4797,31.25131],[-91.4776,31.25911],[-91.4835,31.26531],[-91.4892,31.26611],[-91.49699,31.27611],[-91.4958,31.28351],[-91.4935,31.28491],[-91.4796,31.28221],[-91.4763,31.28591],[-91.4715,31.28681],[-91.4675,31.31951],[-91.4425,31.31891],[-91.43459,31.31491],[-91.42699,31.31481],[-91.4106,31.32411],[-91.3988,31.32361],[-91.3931,31.32801],[-91.39149,31.32521],[-91.37849,31.33651],[-91.3662,31.33601],[-91.3648,31.34211],[-91.35529,31.34391],[-91.35,31.33861],[-91.34109,31.34051],[-91.33109,31.35141],[-91.3202,31.35311],[-91.314,31.35661],[-91.3109,31.35461],[-91.3055,31.36091],[-91.2994,31.36201],[-91.2857,31.35661],[-91.2764,31.36401],[-91.2748,31.36941],[-91.2627,31.36921],[-91.2618,31.36471],[-91.2643,31.36301],[-91.25809,31.36101],[-91.2541,31.36501],[-91.2506,31.36371],[-91.2445,31.36771],[-91.23959,31.36701],[-91.2362,31.37151],[-91.23209,31.37271]]]}},{"type":"Feature","properties":{"layer":"county","state":"MS","cwa":"JAN","name":"Webster","fips":"28155"},"geometry":{"type":"Polygon","coordinates":[[[-89.0348,33.71011],[-89.0351,33.63481],[-89.01849,33.63541],[-89.01859,33.56211],[-89.085,33.56201],[-89.0882,33.56021],[-89.08829,33.53331],[-89.1756,33.53281],[-89.1961,33.52981],[-89.2084,33.52551],[-89.2213,33.52751],[-89.228,33.52061],[-89.2401,33.51901],[-89.24129,33.51681],[-89.2617,33.51791],[-89.27309,33.51151],[-89.2943,33.50651],[-89.2971,33.50261],[-89.3032,33.50401],[-89.3176,33.49731],[-89.3224,33.49031],[-89.3296,33.48771],[-89.3392,33.47021],[-89.35509,33.46991],[-89.36179,33.47301],[-89.36739,33.46851],[-89.36819,33.46511],[-89.3784,33.46121],[-89.50649,33.45981],[-89.50719,33.72191],[-89.19189,33.72211],[-89.1918,33.73821],[-89.0345,33.73941],[-89.0348,33.71011]]]}},{"type":"Feature","properties":{"layer":"county","state":"MS","cwa":"MOB","name":"Wayne","fips":"28153"},"geometry":{"type":"Polygon","coordinates":[[[-88.45,31.44461],[-88.4502,31.43581],[-88.9425,31.43351],[-88.9434,31.82461],[-88.7627,31.83601],[-88.6402,31.85401],[-88.4732,31.89461],[-88.45,31.44461]]]}},{"type":"Feature","properties":{"layer":"county","state":"MS","cwa":"JAN","name":"Washington","fips":"28151"},"geometry":{"type":"Polygon","coordinates":[[[-90.8857,33.53041],[-90.7624,33.52921],[-90.7605,33.44571],[-90.76469,33.44481],[-90.76369,33.27071],[-90.71619,33.26991],[-90.72099,33.26541],[-90.7285,33.26691],[-90.7318,33.26371],[-90.7291,33.25081],[-90.73289,33.23511],[-90.7318,33.22931],[-90.72269,33.22901],[-90.7118,33.21721],[-90.6989,33.21061],[-90.6889,33.20881],[-90.6794,33.20031],[-90.6801,33.19381],[-90.6868,33.18681],[-90.68369,33.17521],[-90.685,33.16661],[-90.6894,33.15911],[-90.68829,33.14771],[-90.6912,33.14271],[-90.6972,33.13891],[-90.70039,33.12351],[-90.6977,33.12141],[-90.68999,33.12311],[-90.6887,33.11691],[-90.67979,33.11441],[-90.6796,33.10261],[-90.6842,33.09701],[-90.69579,33.10021],[-90.7015,33.09651],[-90.7186,33.09601],[-90.8446,33.09521],[-90.8624,33.09541],[-90.8629,33.09741],[-90.9145,33.09741],[-90.9151,33.00771],[-90.9519,33.00781],[-90.9743,33.01061],[-91.1665,33.01001],[-91.16299,33.01871],[-91.1558,33.02381],[-91.1374,33.02871],[-91.1291,33.03351],[-91.1209,33.05381],[-91.1216,33.06001],[-91.1483,33.08061],[-91.17149,33.08781],[-91.1813,33.09881],[-91.1988,33.10591],[-91.2015,33.11021],[-91.2017,33.12451],[-91.1922,33.13761],[-91.18369,33.14171],[-91.16129,33.14161],[-91.1504,33.13071],[-91.12669,33.12901],[-91.10429,33.13161],[-91.09319,33.13671],[-91.0886,33.14221],[-91.0849,33.16061],[-91.0844,33.18081],[-91.0914,33.22091],[-91.08189,33.22211],[-91.07729,33.22751],[-91.0709,33.22771],[-91.0687,33.23281],[-91.0655,33.23321],[-91.0505,33.25121],[-91.04369,33.27461],[-91.0462,33.28061],[-91.05309,33.28571],[-91.06709,33.28711],[-91.0767,33.28431],[-91.0859,33.27421],[-91.09689,33.24161],[-91.0992,33.23851],[-91.10609,33.24181],[-91.1106,33.24591],[-91.1171,33.26031],[-91.12769,33.26961],[-91.12569,33.27971],[-91.14069,33.29781],[-91.14359,33.32941],[-91.141,33.33641],[-91.1421,33.34931],[-91.1204,33.36381],[-91.1022,33.38651],[-91.07529,33.40601],[-91.06889,33.41311],[-91.05859,33.42791],[-91.0578,33.44581],[-91.0598,33.45021],[-91.0676,33.45511],[-91.0778,33.45561],[-91.08569,33.45201],[-91.09669,33.43761],[-91.09489,33.41861],[-91.09689,33.41101],[-91.1067,33.39951],[-91.1204,33.38871],[-91.1438,33.37961],[-91.1524,33.37881],[-91.172,33.38101],[-91.19109,33.38961],[-91.2056,33.39951],[-91.2091,33.40431],[-91.2072,33.41121],[-91.20219,33.41701],[-91.1851,33.41941],[-91.1754,33.41721],[-91.1535,33.42551],[-91.13419,33.42891],[-91.1214,33.44321],[-91.118,33.45381],[-91.12569,33.47341],[-91.1684,33.49821],[-91.1719,33.49681],[-91.17719,33.48571],[-91.1758,33.47261],[-91.16959,33.45271],[-91.1767,33.44431],[-91.187,33.43861],[-91.20589,33.43391],[-91.22549,33.43641],[-91.2356,33.44021],[-91.2318,33.45671],[-91.2085,33.46861],[-91.19769,33.48561],[-91.1831,33.49861],[-91.18629,33.50971],[-91.2157,33.52941],[-90.8857,33.53041]]]}},{"type":"Feature","properties":{"layer":"county","state":"MS","cwa":"JAN","name":"Warren","fips":"28149"},"geometry":{"type":"Polygon","coordinates":[[[-90.6903,32.58941],[-90.6561,32.58981],[-90.6545,32.54651],[-90.5892,32.54611],[-90.5867,32.53181],[-90.5551,32.53191],[-90.55379,32.50751],[-90.55569,32.50501],[-90.56239,32.50371],[-90.57079,32.50541],[-90.57059,32.49961],[-90.5799,32.50241],[-90.5817,32.49531],[-90.5845,32.49411],[-90.5869,32.49651],[-90.58929,32.49471],[-90.5896,32.48871],[-90.603,32.48181],[-90.6038,32.47851],[-90.59959,32.46991],[-90.6013,32.45881],[-90.59859,32.45771],[-90.59789,32.45111],[-90.5863,32.44531],[-90.5924,32.43981],[-90.59499,32.44101],[-90.5994,32.43601],[-90.59969,32.42571],[-90.60619,32.41711],[-90.61269,32.41321],[-90.6167,32.40171],[-90.6159,32.39801],[-90.62099,32.39491],[-90.61829,32.39371],[-90.62569,32.38781],[-90.6225,32.38431],[-90.6236,32.38261],[-90.627,32.37851],[-90.63509,32.37581],[-90.6356,32.36871],[-90.6319,32.36131],[-90.6283,32.33961],[-90.6795,32.35231],[-90.6887,32.35161],[-90.6926,32.35421],[-90.6962,32.34881],[-90.7048,32.34691],[-90.7072,32.33911],[-90.7027,32.33511],[-90.6998,32.33691],[-90.6997,32.33371],[-90.7044,32.32391],[-90.7036,32.31701],[-90.7064,32.31721],[-90.70419,32.31111],[-90.6993,32.31161],[-90.7002,32.30851],[-90.6964,32.30531],[-90.6983,32.30291],[-90.6962,32.29821],[-90.70319,32.29401],[-90.70309,32.29131],[-90.7063,32.29181],[-90.7028,32.28731],[-90.7062,32.28651],[-90.7155,32.27641],[-90.7192,32.27711],[-90.7173,32.27081],[-90.7203,32.26911],[-90.71349,32.26531],[-90.7271,32.25941],[-90.71889,32.25751],[-90.7193,32.25331],[-90.7159,32.25541],[-90.7138,32.25311],[-90.71889,32.24641],[-90.7267,32.24141],[-90.72569,32.22991],[-90.7391,32.21551],[-90.7327,32.21441],[-90.7364,32.21201],[-90.7389,32.20601],[-90.7455,32.20731],[-90.7468,32.20361],[-90.74979,32.20761],[-90.7537,32.20631],[-90.75089,32.19641],[-90.7562,32.19401],[-90.7631,32.19591],[-90.76389,32.19231],[-90.768,32.19441],[-90.7765,32.18981],[-90.7764,32.19341],[-90.78699,32.18301],[-90.78719,32.17971],[-90.7907,32.17831],[-90.7897,32.17421],[-90.78699,32.17521],[-90.7859,32.17151],[-90.77879,32.16891],[-90.7752,32.16241],[-90.768,32.16401],[-90.77209,32.15401],[-90.7755,32.15691],[-90.793,32.15111],[-90.7923,32.14821],[-90.7976,32.14701],[-90.8033,32.15241],[-90.8098,32.15211],[-90.80949,32.14761],[-90.8147,32.13871],[-90.8193,32.13851],[-90.82359,32.13891],[-90.8297,32.14481],[-90.82919,32.15201],[-90.8267,32.15481],[-90.82819,32.15691],[-90.8435,32.15891],[-90.8504,32.15601],[-90.84489,32.15381],[-90.8465,32.15101],[-90.85,32.15231],[-90.8494,32.14901],[-90.85239,32.14871],[-90.8578,32.14261],[-90.8526,32.14001],[-90.8475,32.14111],[-90.8433,32.13721],[-90.8462,32.12951],[-90.8621,32.12461],[-90.86269,32.12201],[-90.86819,32.12021],[-90.8752,32.12211],[-90.878,32.12021],[-90.8797,32.12251],[-90.8821,32.12061],[-90.8781,32.11561],[-90.88239,32.11461],[-90.9072,32.13191],[-90.9143,32.11751],[-90.92149,32.11741],[-90.91769,32.10951],[-90.9222,32.10461],[-90.91769,32.10201],[-90.9248,32.10091],[-90.92319,32.09731],[-90.9143,32.09681],[-90.9203,32.08691],[-90.9127,32.08671],[-90.91389,32.08381],[-90.9185,32.08071],[-90.9339,32.08181],[-90.93649,32.08431],[-90.93919,32.08001],[-90.9443,32.07891],[-90.9425,32.08731],[-90.9443,32.08931],[-90.9508,32.08631],[-90.9526,32.08131],[-90.9562,32.08341],[-90.9585,32.09031],[-90.9657,32.08821],[-90.9581,32.10201],[-90.9604,32.10441],[-90.9628,32.10501],[-90.96999,32.09491],[-90.9777,32.09851],[-90.9882,32.09711],[-91.003,32.10141],[-91.0143,32.10861],[-91.0303,32.11471],[-91.03069,32.12061],[-91.017,32.12571],[-91.00819,32.13671],[-91.0042,32.14591],[-91.0029,32.16201],[-91.01659,32.16081],[-91.0256,32.16301],[-91.04269,32.17501],[-91.0583,32.18071],[-91.0588,32.17241],[-91.0489,32.15221],[-91.05299,32.12431],[-91.0816,32.13401],[-91.0952,32.13281],[-91.11349,32.12561],[-91.13409,32.12671],[-91.16499,32.13391],[-91.1722,32.14541],[-91.1746,32.15621],[-91.16479,32.19571],[-91.158,32.20191],[-91.1326,32.21361],[-91.1134,32.20661],[-91.1085,32.20811],[-91.092,32.22381],[-91.08369,32.22641],[-91.0752,32.22701],[-91.0607,32.21931],[-91.05309,32.22791],[-91.05029,32.23791],[-91.03899,32.24231],[-91.0214,32.23611],[-91.0029,32.22301],[-91.0049,32.21191],[-91.0032,32.19801],[-90.9991,32.19161],[-90.9945,32.19391],[-90.9834,32.21181],[-90.9805,32.24311],[-90.9697,32.25331],[-90.98309,32.27141],[-90.9841,32.27871],[-90.9788,32.29441],[-90.97379,32.29731],[-90.9642,32.29681],[-90.9506,32.28311],[-90.9342,32.29021],[-90.9228,32.29821],[-90.90269,32.31941],[-90.9007,32.33041],[-90.88599,32.35051],[-90.8756,32.37171],[-90.8797,32.37461],[-90.8912,32.37181],[-90.89719,32.35521],[-90.91299,32.33961],[-90.9349,32.34501],[-90.95319,32.34571],[-90.98669,32.35171],[-91.0001,32.35771],[-91.00449,32.36751],[-90.9947,32.39231],[-90.994,32.40311],[-90.9806,32.40841],[-90.9694,32.41641],[-90.966,32.42281],[-90.9667,32.43471],[-90.97929,32.44741],[-90.9955,32.45091],[-91.0301,32.43351],[-91.0524,32.43821],[-91.08109,32.45011],[-91.09599,32.45931],[-91.1149,32.48081],[-91.1171,32.49391],[-91.1153,32.50251],[-91.1013,32.52561],[-91.09769,32.54381],[-91.0936,32.54901],[-91.07539,32.53411],[-91.04649,32.49611],[-91.0264,32.48601],[-91.00069,32.48231],[-90.98869,32.49041],[-90.9894,32.49961],[-90.9945,32.50631],[-91.0113,32.51661],[-91.0617,32.53641],[-91.0743,32.54591],[-91.0804,32.55641],[-91.0443,32.57601],[-90.96429,32.57561],[-90.96259,32.41371],[-90.9529,32.44121],[-90.9474,32.44831],[-90.9399,32.45201],[-90.9258,32.45021],[-90.9173,32.44411],[-90.8957,32.44871],[-90.8821,32.44091],[-90.8772,32.44231],[-90.87189,32.45121],[-90.86179,32.44241],[-90.8606,32.57521],[-90.7686,32.57471],[-90.7616,32.57731],[-90.7537,32.57141],[-90.7402,32.57201],[-90.7327,32.56611],[-90.7291,32.56601],[-90.72659,32.56891],[-90.72569,32.57681],[-90.7315,32.58711],[-90.7234,32.59131],[-90.7165,32.61281],[-90.71989,32.61881],[-90.6908,32.61871],[-90.6903,32.58941]]]}},{"type":"Feature","properties":{"layer":"county","state":"MS","cwa":"LIX","name":"Walthall","fips":"28147"},"geometry":{"type":"Polygon","coordinates":[[[-90.1086,31.35091],[-90.1084,31.34351],[-90.09109,31.34331],[-90.091,31.33601],[-90.0823,31.33601],[-90.08199,31.32891],[-90.0534,31.32901],[-90.05309,31.33241],[-90.0488,31.33241],[-90.048,31.33611],[-90.0404,31.33611],[-90.0403,31.23501],[-90.0319,31.23391],[-90.031,31.17571],[-90.00629,31.17561],[-90.0058,31.13281],[-89.9384,31.13261],[-89.9379,31.11111],[-89.9295,31.11121],[-89.92889,31.08921],[-89.9213,31.08931],[-89.9209,31.07471],[-89.8359,31.07491],[-89.83569,31.00208],[-90.2596,31.00067],[-90.2604,31.34961],[-90.1086,31.35091]]]}},{"type":"Feature","properties":{"layer":"county","state":"MS","cwa":"MEG","name":"Union","fips":"28145"},"geometry":{"type":"Polygon","coordinates":[[[-88.9827,34.59801],[-88.7345,34.59651],[-88.7373,34.49471],[-88.7893,34.49481],[-88.78979,34.39371],[-88.8248,34.39391],[-88.8249,34.36471],[-88.9286,34.36481],[-88.9293,34.37931],[-89.2463,34.37951],[-89.2456,34.59761],[-88.9827,34.59801]]]}},{"type":"Feature","properties":{"layer":"county","state":"MS","cwa":"MEG","name":"Tunica","fips":"28143"},"geometry":{"type":"Polygon","coordinates":[[[-90.41949,34.83291],[-90.4106,34.83201],[-90.37949,34.84601],[-90.3522,34.85321],[-90.3409,34.86001],[-90.3251,34.84751],[-90.3131,34.84411],[-90.30769,34.84601],[-90.3035,34.85151],[-90.30399,34.86031],[-90.20219,34.86041],[-90.20039,34.72351],[-90.20229,34.72041],[-90.20699,34.72471],[-90.21449,34.72141],[-90.2212,34.71521],[-90.2202,34.71221],[-90.22559,34.71091],[-90.2288,34.70541],[-90.22549,34.70321],[-90.231,34.70241],[-90.23109,34.69841],[-90.2206,34.68911],[-90.2214,34.68141],[-90.22559,34.67541],[-90.2193,34.66621],[-90.2196,34.66151],[-90.21449,34.65791],[-90.2175,34.64611],[-90.2244,34.64161],[-90.2306,34.63051],[-90.2389,34.62741],[-90.2408,34.61481],[-90.2365,34.61091],[-90.2371,34.60751],[-90.24409,34.60151],[-90.2426,34.59921],[-90.23959,34.60001],[-90.23679,34.60471],[-90.2346,34.59861],[-90.2375,34.59801],[-90.2393,34.59411],[-90.23669,34.59281],[-90.2344,34.59481],[-90.2304,34.58731],[-90.2213,34.58211],[-90.2207,34.57921],[-90.22359,34.57681],[-90.2113,34.57291],[-90.2111,34.56381],[-90.2184,34.56081],[-90.2046,34.55891],[-90.2044,34.55491],[-90.19859,34.55441],[-90.1988,34.51121],[-90.3043,34.50941],[-90.3019,34.42451],[-90.3983,34.42351],[-90.5694,34.52491],[-90.5457,34.53771],[-90.54079,34.54951],[-90.54919,34.56811],[-90.5696,34.58691],[-90.5872,34.61571],[-90.5881,34.62731],[-90.5831,34.64211],[-90.5863,34.65171],[-90.5878,34.67191],[-90.5787,34.68381],[-90.5634,34.69591],[-90.55669,34.69781],[-90.5499,34.69551],[-90.5395,34.68391],[-90.5379,34.67461],[-90.5526,34.65951],[-90.555,34.64541],[-90.55379,34.64041],[-90.54449,34.63001],[-90.52789,34.62791],[-90.5096,34.63571],[-90.4945,34.64991],[-90.4797,34.65991],[-90.4667,34.67341],[-90.4627,34.68481],[-90.4664,34.69491],[-90.4761,34.70101],[-90.4972,34.70051],[-90.52209,34.69661],[-90.5401,34.69931],[-90.5461,34.70211],[-90.5656,34.72101],[-90.56779,34.73071],[-90.5635,34.73871],[-90.54189,34.74431],[-90.5364,34.74831],[-90.5367,34.75501],[-90.54189,34.76201],[-90.54749,34.77801],[-90.546,34.78811],[-90.5354,34.79911],[-90.52319,34.80221],[-90.5145,34.80141],[-90.5011,34.77061],[-90.50459,34.76551],[-90.5208,34.75551],[-90.5245,34.75081],[-90.5242,34.73971],[-90.5214,34.73401],[-90.5132,34.72831],[-90.4977,34.72381],[-90.4797,34.72481],[-90.467,34.72811],[-90.4537,34.73741],[-90.4515,34.74901],[-90.47079,34.78181],[-90.47459,34.79481],[-90.4705,34.80501],[-90.45969,34.81401],[-90.45689,34.82331],[-90.4835,34.86061],[-90.4846,34.87461],[-90.4799,34.88331],[-90.4608,34.89191],[-90.4497,34.88981],[-90.43739,34.88371],[-90.4291,34.86771],[-90.43169,34.85501],[-90.4291,34.84231],[-90.4231,34.83421],[-90.41949,34.83291]],[[-90.22305,34.66212],[-90.2222,34.66221],[-90.2241,34.66371],[-90.225,34.66191],[-90.22305,34.66212]]]}},{"type":"Feature","properties":{"layer":"county","state":"MS","cwa":"MEG","name":"Tishomingo","fips":"28141"},"geometry":{"type":"Polygon","coordinates":[[[-88.2001,34.99541],[-88.1862,34.97311],[-88.17599,34.96241],[-88.1616,34.93361],[-88.15189,34.91971],[-88.1353,34.90691],[-88.09869,34.89311],[-88.1197,34.71481],[-88.1562,34.46371],[-88.32919,34.46391],[-88.3307,34.74071],[-88.3483,34.74091],[-88.3491,34.75541],[-88.36469,34.75561],[-88.3659,34.76131],[-88.3633,34.99551],[-88.2001,34.99541]]]}},{"type":"Feature","properties":{"layer":"county","state":"MS","cwa":"MEG","name":"Tippah","fips":"28139"},"geometry":{"type":"Polygon","coordinates":[[[-88.8798,34.99571],[-88.8232,34.99511],[-88.82249,34.85861],[-88.753,34.85881],[-88.7531,34.75801],[-88.7185,34.75681],[-88.7178,34.59791],[-88.72449,34.59621],[-89.0882,34.59851],[-89.0879,34.81491],[-89.03529,34.81521],[-89.035,34.85871],[-89.01759,34.85871],[-89.0171,34.99501],[-88.8798,34.99571]]]}},{"type":"Feature","properties":{"layer":"county","state":"MS","cwa":"MEG","name":"Tate","fips":"28137"},"geometry":{"type":"MultiPolygon","coordinates":[[[[-90.22305,34.66212],[-90.225,34.66191],[-90.2241,34.66371],[-90.2222,34.66221],[-90.22305,34.66212]]],[[[-89.7943,34.77261],[-89.7235,34.77261],[-89.7224,34.68571],[-89.6692,34.68531],[-89.6685,34.55441],[-90.2011,34.55441],[-90.2044,34.55491],[-90.2046,34.55891],[-90.2184,34.56081],[-90.2111,34.56381],[-90.2113,34.57291],[-90.22359,34.57681],[-90.2207,34.57921],[-90.2213,34.58211],[-90.2304,34.58731],[-90.2344,34.59481],[-90.23669,34.59281],[-90.2393,34.59411],[-90.2375,34.59801],[-90.2346,34.59861],[-90.23679,34.60471],[-90.23959,34.60001],[-90.2426,34.59921],[-90.24409,34.60151],[-90.2371,34.60751],[-90.2365,34.61091],[-90.2408,34.61481],[-90.2389,34.62741],[-90.2306,34.63051],[-90.2244,34.64161],[-90.2175,34.64611],[-90.21449,34.65791],[-90.2196,34.66151],[-90.2193,34.66621],[-90.22559,34.67541],[-90.2214,34.68141],[-90.2206,34.68911],[-90.23109,34.69841],[-90.231,34.70241],[-90.22549,34.70321],[-90.2288,34.70541],[-90.22559,34.71091],[-90.2202,34.71221],[-90.2212,34.71521],[-90.2103,34.72381],[-90.20699,34.72471],[-90.20229,34.72041],[-90.20039,34.72351],[-90.1969,34.72141],[-90.1981,34.72441],[-90.1842,34.73391],[-90.1868,34.73611],[-90.1812,34.74331],[-90.1763,34.74431],[-90.1712,34.75831],[-90.16969,34.75621],[-90.1617,34.75941],[-90.15739,34.75511],[-90.15379,34.75711],[-90.1541,34.75921],[-90.1437,34.75691],[-90.1395,34.76211],[-90.12859,34.75991],[-90.11739,34.75321],[-90.11369,34.74541],[-90.1076,34.74131],[-90.10979,34.73791],[-90.1059,34.73421],[-90.1008,34.73171],[-90.0878,34.73431],[-90.07819,34.72541],[-90.07449,34.72491],[-90.0749,34.72241],[-90.0644,34.72811],[-90.061,34.72741],[-90.0592,34.72001],[-90.0504,34.71281],[-90.04829,34.71441],[-90.0477,34.71191],[-90.0392,34.71301],[-90.0377,34.70901],[-90.03149,34.70831],[-90.0246,34.71021],[-90.0234,34.71281],[-90.0003,34.71641],[-89.99989,34.71891],[-89.9946,34.71711],[-89.99,34.72061],[-89.986,34.72001],[-89.9814,34.72501],[-89.96359,34.72391],[-89.9544,34.72711],[-89.9547,34.73801],[-89.94759,34.73991],[-89.9433,34.74521],[-89.9246,34.75201],[-89.919,34.75931],[-89.9156,34.75851],[-89.91589,34.76351],[-89.91309,34.76501],[-89.9162,34.76681],[-89.91129,34.77081],[-89.8969,34.77281],[-89.7943,34.77261]]]]}},{"type":"Feature","properties":{"layer":"county","state":"MS","cwa":"MEG","name":"Tallahatchie","fips":"28135"},"geometry":{"type":"Polygon","coordinates":[[[-89.9315,34.16241],[-89.93169,34.14431],[-89.9255,34.14051],[-89.9269,33.82381],[-89.97729,33.82401],[-89.9789,33.80971],[-90.1365,33.80931],[-90.1368,33.72101],[-90.2197,33.72211],[-90.23109,33.73481],[-90.2412,33.73661],[-90.2504,33.73301],[-90.256,33.71481],[-90.2635,33.70141],[-90.27029,33.69671],[-90.28249,33.69411],[-90.30109,33.69931],[-90.31139,33.71571],[-90.3136,33.72621],[-90.30379,33.74461],[-90.2957,33.75061],[-90.2514,33.76291],[-90.2383,33.76211],[-90.2363,33.76561],[-90.2252,33.75941],[-90.2052,33.75971],[-90.186,33.76541],[-90.1758,33.77671],[-90.1713,33.78771],[-90.1814,33.79981],[-90.1797,33.80391],[-90.1823,33.80871],[-90.4516,33.81151],[-90.4509,34.07311],[-90.1357,34.07291],[-90.1353,34.15911],[-89.95879,34.15951],[-89.96529,34.16411],[-89.9309,34.16431],[-89.9315,34.16241]]]}},{"type":"Feature","properties":{"layer":"county","state":"MS","cwa":"JAN","name":"Sunflower","fips":"28133"},"geometry":{"type":"Polygon","coordinates":[[[-90.62469,33.98721],[-90.4507,33.98571],[-90.4534,33.32901],[-90.5556,33.32921],[-90.5553,33.27091],[-90.76369,33.27071],[-90.76469,33.44481],[-90.7605,33.44571],[-90.7635,33.61621],[-90.6587,33.61661],[-90.657,33.98521],[-90.6567,33.98761],[-90.62469,33.98721]]]}},{"type":"Feature","properties":{"layer":"county","state":"MS","cwa":"MOB","name":"Stone","fips":"28131"},"geometry":{"type":"Polygon","coordinates":[[[-88.885,30.91081],[-88.88452,30.6767],[-89.23328,30.67712],[-89.23999,30.67609],[-89.24127,30.64771],[-89.34131,30.64771],[-89.34082,30.9093],[-88.885,30.91081]]]}},{"type":"Feature","properties":{"layer":"county","state":"MS","cwa":"JAN","name":"Smith","fips":"28129"},"geometry":{"type":"Polygon","coordinates":[[[-89.5879,32.22371],[-89.32269,32.22351],[-89.3211,31.88151],[-89.32079,31.87471],[-89.3171,31.87431],[-89.3164,31.80241],[-89.6532,31.78131],[-89.6544,32.01261],[-89.66209,32.04721],[-89.73019,32.04711],[-89.73109,32.21701],[-89.73019,32.22181],[-89.69559,32.22371],[-89.5879,32.22371]]]}},{"type":"Feature","properties":{"layer":"county","state":"MS","cwa":"JAN","name":"Simpson","fips":"28127"},"geometry":{"type":"Polygon","coordinates":[[[-90.2151,32.04961],[-89.66209,32.04721],[-89.6544,32.01261],[-89.6532,31.78131],[-90.1227,31.75261],[-90.1217,31.75541],[-90.1291,31.76771],[-90.1218,31.77451],[-90.1198,31.76861],[-90.1133,31.76901],[-90.10809,31.77971],[-90.1111,31.78931],[-90.1131,31.79141],[-90.1399,31.78911],[-90.15079,31.80041],[-90.1492,31.80701],[-90.13599,31.82021],[-90.1376,31.82421],[-90.1354,31.82701],[-90.1289,31.82291],[-90.1274,31.82541],[-90.1371,31.83261],[-90.1459,31.83101],[-90.1589,31.84511],[-90.1399,31.84791],[-90.13229,31.85791],[-90.1372,31.86491],[-90.1422,31.88801],[-90.14809,31.89401],[-90.1701,31.90471],[-90.16969,31.91801],[-90.1665,31.92611],[-90.1716,31.93491],[-90.17979,31.94191],[-90.1834,31.93801],[-90.18729,31.94121],[-90.1945,31.93961],[-90.1977,31.94181],[-90.1933,31.94521],[-90.1941,31.94941],[-90.1914,31.95271],[-90.1888,31.94931],[-90.1877,31.95241],[-90.19099,31.95591],[-90.198,31.95721],[-90.1978,31.96591],[-90.2065,31.97491],[-90.2062,31.98771],[-90.2222,31.98871],[-90.2231,31.99501],[-90.2324,32.00891],[-90.2243,32.01061],[-90.2139,32.02441],[-90.2195,32.01951],[-90.2281,32.02111],[-90.2338,32.01741],[-90.2394,32.02001],[-90.2334,32.02371],[-90.24319,32.02281],[-90.2474,32.03151],[-90.2427,32.03691],[-90.23499,32.04001],[-90.2304,32.04621],[-90.2305,32.05001],[-90.2151,32.04961]]]}},{"type":"Feature","properties":{"layer":"county","state":"MS","cwa":"JAN","name":"Sharkey","fips":"28125"},"geometry":{"type":"Polygon","coordinates":[[[-90.8629,33.09741],[-90.8624,33.09541],[-90.8446,33.09521],[-90.69099,33.09741],[-90.65829,33.09561],[-90.65659,32.92281],[-90.75909,32.83631],[-90.7598,32.83161],[-90.75919,32.81461],[-90.74899,32.81821],[-90.7389,32.80901],[-90.7325,32.81121],[-90.72649,32.81971],[-90.7201,32.81521],[-90.6998,32.81801],[-90.69469,32.81481],[-90.7102,32.80641],[-90.71449,32.79981],[-90.71539,32.78981],[-90.7077,32.77781],[-90.6926,32.76961],[-90.6895,32.76491],[-90.6905,32.75761],[-90.7002,32.74981],[-90.7094,32.74741],[-90.7176,32.74801],[-90.73029,32.75741],[-90.73489,32.75681],[-90.73669,32.75341],[-90.7352,32.74381],[-90.74229,32.73181],[-90.7422,32.72821],[-90.7347,32.71941],[-90.7137,32.70731],[-90.6896,32.70561],[-90.6674,32.69331],[-90.6638,32.68601],[-90.6656,32.67381],[-90.6758,32.66511],[-90.6842,32.66371],[-90.6908,32.66611],[-90.69489,32.67111],[-90.69559,32.68511],[-90.6982,32.68861],[-90.7072,32.69051],[-90.71249,32.68631],[-90.7121,32.67891],[-90.7243,32.66181],[-90.9649,32.66281],[-90.9629,32.83871],[-90.9553,32.84561],[-90.95779,32.84801],[-90.9574,32.85151],[-90.94489,32.85701],[-90.9399,32.86261],[-90.9415,32.86911],[-90.93629,32.87891],[-90.93999,32.88581],[-90.9302,32.90611],[-90.92509,32.91161],[-90.91959,32.93731],[-90.9171,32.94381],[-90.9145,32.94441],[-90.9145,33.09741],[-90.8629,33.09741]]]}},{"type":"Feature","properties":{"layer":"county","state":"MS","cwa":"JAN","name":"Scott","fips":"28123"},"geometry":{"type":"Polygon","coordinates":[[[-89.73019,32.57721],[-89.32259,32.57571],[-89.32269,32.22351],[-89.69559,32.22371],[-89.73019,32.22181],[-89.73009,32.35271],[-89.7841,32.58621],[-89.7812,32.59041],[-89.78249,32.59621],[-89.7702,32.59931],[-89.76759,32.60191],[-89.7711,32.60521],[-89.7671,32.60771],[-89.7624,32.60631],[-89.7548,32.61731],[-89.7417,32.62581],[-89.73579,32.63311],[-89.7306,32.63391],[-89.73019,32.57721]]]}},{"type":"Feature","properties":{"layer":"county","state":"MS","cwa":"JAN","name":"Rankin","fips":"28121"},"geometry":{"type":"Polygon","coordinates":[[[-89.7943,32.59231],[-89.7875,32.59131],[-89.7886,32.58501],[-89.7856,32.58411],[-89.7841,32.58621],[-89.73009,32.35271],[-89.73019,32.04711],[-90.2305,32.05001],[-90.2304,32.05871],[-90.2361,32.06441],[-90.23489,32.06861],[-90.22919,32.06851],[-90.22739,32.07921],[-90.2354,32.09041],[-90.2272,32.09371],[-90.2287,32.09531],[-90.2402,32.09211],[-90.2466,32.09321],[-90.2472,32.09861],[-90.2448,32.10051],[-90.24229,32.10011],[-90.2421,32.09751],[-90.2373,32.09851],[-90.2375,32.10101],[-90.2472,32.10551],[-90.2509,32.11311],[-90.24319,32.11411],[-90.2477,32.11771],[-90.2412,32.12131],[-90.2418,32.12731],[-90.2473,32.13681],[-90.2428,32.14891],[-90.2444,32.15101],[-90.2486,32.14931],[-90.2543,32.15151],[-90.2417,32.15581],[-90.2454,32.17141],[-90.2428,32.17741],[-90.2366,32.17791],[-90.2356,32.17401],[-90.23299,32.17341],[-90.225,32.17821],[-90.2121,32.18051],[-90.20869,32.18791],[-90.20419,32.19061],[-90.2024,32.18661],[-90.198,32.18761],[-90.1959,32.18541],[-90.1959,32.19631],[-90.1933,32.19861],[-90.1886,32.19461],[-90.182,32.20171],[-90.1904,32.20461],[-90.18909,32.20791],[-90.1909,32.20981],[-90.1856,32.21891],[-90.19199,32.22721],[-90.1981,32.22651],[-90.2085,32.23561],[-90.2044,32.23461],[-90.2027,32.23671],[-90.20419,32.23961],[-90.1993,32.24091],[-90.1997,32.24421],[-90.20509,32.24671],[-90.2054,32.25091],[-90.202,32.25571],[-90.1941,32.25941],[-90.19389,32.26171],[-90.18369,32.26221],[-90.184,32.26591],[-90.1871,32.26661],[-90.1857,32.27361],[-90.1796,32.27631],[-90.17809,32.29001],[-90.1738,32.29051],[-90.1718,32.28941],[-90.17329,32.28671],[-90.168,32.28741],[-90.1664,32.28431],[-90.1568,32.28861],[-90.15929,32.29171],[-90.1571,32.29381],[-90.1517,32.29091],[-90.1569,32.30111],[-90.1591,32.30091],[-90.1625,32.30571],[-90.15089,32.31261],[-90.1543,32.31521],[-90.1523,32.32261],[-90.146,32.32531],[-90.1424,32.32121],[-90.1393,32.32271],[-90.1381,32.32611],[-90.1187,32.33951],[-90.11539,32.34521],[-90.1101,32.34441],[-90.1114,32.35861],[-90.11369,32.36001],[-90.1115,32.36261],[-90.10789,32.36161],[-90.1087,32.35411],[-90.10619,32.35551],[-90.1029,32.36291],[-90.10439,32.36611],[-90.09969,32.36681],[-90.1027,32.36931],[-90.10249,32.37221],[-90.1012,32.37501],[-90.09789,32.37371],[-90.097,32.37591],[-90.10069,32.38231],[-90.0957,32.38171],[-90.0944,32.38971],[-90.0882,32.38501],[-90.0807,32.39061],[-90.0787,32.38821],[-90.0724,32.38881],[-90.06599,32.39441],[-90.0676,32.39901],[-90.0648,32.39971],[-90.0637,32.40371],[-90.0751,32.41891],[-90.07069,32.41981],[-90.0673,32.41651],[-90.06319,32.42011],[-90.06979,32.43321],[-90.0681,32.43841],[-90.0569,32.43571],[-90.0555,32.43901],[-90.0479,32.43801],[-90.0413,32.44141],[-90.0375,32.44731],[-90.0407,32.44741],[-90.03999,32.45021],[-90.0272,32.46241],[-90.0245,32.47141],[-90.0206,32.47221],[-90.0192,32.47721],[-90.0134,32.48031],[-90.0077,32.48031],[-90.0033,32.48581],[-89.9963,32.48571],[-89.9935,32.48311],[-89.9854,32.48761],[-89.9814,32.49761],[-89.9742,32.49361],[-89.9695,32.49611],[-89.96069,32.49191],[-89.9546,32.50171],[-89.9424,32.50781],[-89.9454,32.50961],[-89.9409,32.51351],[-89.9294,32.51331],[-89.92149,32.52981],[-89.911,32.52901],[-89.91119,32.53731],[-89.9043,32.53741],[-89.8997,32.54251],[-89.897,32.54151],[-89.89429,32.54361],[-89.89349,32.55031],[-89.8969,32.55291],[-89.8867,32.56241],[-89.87469,32.55931],[-89.8667,32.56511],[-89.85889,32.58481],[-89.8481,32.58291],[-89.83949,32.59191],[-89.83659,32.58601],[-89.83459,32.58821],[-89.8268,32.58491],[-89.82069,32.58631],[-89.8139,32.58251],[-89.81219,32.58561],[-89.80779,32.58491],[-89.8083,32.59021],[-89.7998,32.58961],[-89.7953,32.58491],[-89.7924,32.58821],[-89.7943,32.59231]]]}},{"type":"Feature","properties":{"layer":"county","state":"MS","cwa":"MEG","name":"Quitman","fips":"28119"},"geometry":{"type":"Polygon","coordinates":[[[-90.1974,34.36321],[-90.19759,34.34031],[-90.1934,34.34031],[-90.1941,34.30141],[-90.1346,34.26521],[-90.1357,34.07291],[-90.4509,34.07311],[-90.4506,34.26241],[-90.39909,34.26151],[-90.3983,34.42351],[-90.3019,34.42451],[-90.3043,34.50941],[-90.1988,34.51121],[-90.1974,34.36321]]]}},{"type":"Feature","properties":{"layer":"county","state":"MS","cwa":"MEG","name":"Prentiss","fips":"28117"},"geometry":{"type":"Polygon","coordinates":[[[-88.6804,34.75661],[-88.3491,34.75541],[-88.3483,34.74091],[-88.3307,34.74071],[-88.32919,34.46391],[-88.542,34.46571],[-88.54179,34.50911],[-88.73579,34.50891],[-88.7345,34.59651],[-88.7178,34.59791],[-88.7185,34.75681],[-88.6804,34.75661]]]}},{"type":"Feature","properties":{"layer":"county","state":"MS","cwa":"MEG","name":"Pontotoc","fips":"28115"},"geometry":{"type":"Polygon","coordinates":[[[-89.0514,34.38011],[-88.9293,34.37931],[-88.9286,34.36481],[-88.8249,34.36471],[-88.8237,34.07491],[-89.2444,34.07391],[-89.2463,34.37951],[-89.0514,34.38011]]]}},{"type":"Feature","properties":{"layer":"county","state":"MS","cwa":"MOB","name":"Perry","fips":"28111"},"geometry":{"type":"Polygon","coordinates":[[[-89.1321,31.43401],[-88.8417,31.43371],[-88.8409,31.00441],[-88.8405,30.99911],[-88.8343,30.99791],[-88.8345,30.91151],[-89.1372,30.90991],[-89.1383,31.00031],[-89.14619,31.00041],[-89.146,31.42881],[-89.1458,31.43381],[-89.1321,31.43401]]]}},{"type":"Feature","properties":{"layer":"county","state":"MS","cwa":"MEG","name":"Panola","fips":"28107"},"geometry":{"type":"Polygon","coordinates":[[[-90.13589,34.55411],[-89.7213,34.55431],[-89.7221,34.41581],[-89.7195,34.33601],[-89.7215,34.16351],[-89.95699,34.16441],[-89.96529,34.16411],[-89.95879,34.15951],[-90.1353,34.15911],[-90.1346,34.26521],[-90.1941,34.30141],[-90.1934,34.34031],[-90.19759,34.34031],[-90.1988,34.51121],[-90.19859,34.55441],[-90.13589,34.55411]]]}},{"type":"Feature","properties":{"layer":"county","state":"MS","cwa":"JAN","name":"Oktibbeha","fips":"28105"},"geometry":{"type":"Polygon","coordinates":[[[-88.6713,33.50651],[-88.66949,33.28691],[-89.08829,33.28601],[-89.08839,33.55441],[-89.0882,33.56021],[-89.085,33.56201],[-88.73569,33.56541],[-88.71069,33.55931],[-88.6981,33.56191],[-88.69479,33.56511],[-88.67149,33.56511],[-88.6713,33.50651]]]}},{"type":"Feature","properties":{"layer":"county","state":"MS","cwa":"JAN","name":"Noxubee","fips":"28103"},"geometry":{"type":"Polygon","coordinates":[[[-88.3401,32.99121],[-88.34789,32.92911],[-88.8118,32.92621],[-88.8131,33.28641],[-88.30499,33.28871],[-88.3401,32.99121]]]}},{"type":"Feature","properties":{"layer":"county","state":"MS","cwa":"JAN","name":"Newton","fips":"28101"},"geometry":{"type":"Polygon","coordinates":[[[-88.9145,32.57681],[-88.9137,32.22461],[-89.32269,32.22351],[-89.32259,32.57571],[-88.9145,32.57681]]]}},{"type":"Feature","properties":{"layer":"county","state":"MS","cwa":"JAN","name":"Neshoba","fips":"28099"},"geometry":{"type":"Polygon","coordinates":[[[-89.2371,32.93181],[-89.0177,32.93131],[-89.0177,32.92641],[-88.96529,32.92661],[-88.96439,32.91911],[-88.9305,32.92001],[-88.9306,32.92671],[-88.9144,32.92651],[-88.9145,32.57681],[-89.3181,32.57641],[-89.3196,32.93111],[-89.2371,32.93181]]]}},{"type":"Feature","properties":{"layer":"county","state":"MS","cwa":"JAN","name":"Montgomery","fips":"28097"},"geometry":{"type":"Polygon","coordinates":[[[-89.5069,33.67811],[-89.50649,33.45981],[-89.38139,33.46081],[-89.38139,33.45791],[-89.4059,33.45091],[-89.4108,33.44491],[-89.4101,33.44071],[-89.4138,33.43411],[-89.4212,33.43351],[-89.4212,33.43081],[-89.44099,33.43841],[-89.4464,33.43561],[-89.4461,33.43831],[-89.44849,33.43921],[-89.4506,33.43451],[-89.45309,33.43431],[-89.4538,33.28591],[-89.64529,33.28601],[-89.6465,33.40221],[-89.7127,33.40211],[-89.7156,33.40321],[-89.7159,33.41681],[-89.784,33.41631],[-89.7869,33.67671],[-89.5069,33.67811]]]}},{"type":"Feature","properties":{"layer":"county","state":"MS","cwa":"MEG","name":"Monroe","fips":"28095"},"geometry":{"type":"Polygon","coordinates":[[[-88.5442,34.08901],[-88.2038,34.08701],[-88.2493,33.74491],[-88.3241,33.74551],[-88.3286,33.73911],[-88.3268,33.72601],[-88.33109,33.71871],[-88.34219,33.71321],[-88.34489,33.70471],[-88.3616,33.69421],[-88.3652,33.68931],[-88.37389,33.68541],[-88.37849,33.68581],[-88.3857,33.68931],[-88.3845,33.69261],[-88.3952,33.69451],[-88.3988,33.68891],[-88.3974,33.68451],[-88.40279,33.68331],[-88.3994,33.67911],[-88.4054,33.67851],[-88.4072,33.67461],[-88.4099,33.67661],[-88.41219,33.67411],[-88.4138,33.67651],[-88.41679,33.67571],[-88.41679,33.67011],[-88.4229,33.67031],[-88.42149,33.67251],[-88.42529,33.67481],[-88.4348,33.66771],[-88.4444,33.67141],[-88.4482,33.66781],[-88.44949,33.66971],[-88.4539,33.66831],[-88.4594,33.66301],[-88.4648,33.66681],[-88.4698,33.66321],[-88.48019,33.66621],[-88.49229,33.66231],[-88.49609,33.66371],[-88.50809,33.65541],[-88.5097,33.65101],[-88.513,33.65101],[-88.514,33.65441],[-88.5122,33.66111],[-88.5029,33.66551],[-88.4992,33.67521],[-88.4929,33.67161],[-88.4911,33.67371],[-88.4939,33.67821],[-88.5002,33.67991],[-88.7188,33.68031],[-88.7205,33.87511],[-88.7188,34.08941],[-88.5442,34.08901]]]}},{"type":"Feature","properties":{"layer":"county","state":"MS","cwa":"MEG","name":"Marshall","fips":"28093"},"geometry":{"type":"Polygon","coordinates":[[[-89.5112,34.99471],[-89.3527,34.99391],[-89.3527,34.84441],[-89.29919,34.84421],[-89.29829,34.58381],[-89.2456,34.58321],[-89.2467,34.49651],[-89.24979,34.49961],[-89.25159,34.49661],[-89.25449,34.49701],[-89.2627,34.50151],[-89.2633,34.50421],[-89.2725,34.50651],[-89.2766,34.50531],[-89.2828,34.50851],[-89.28819,34.50631],[-89.29259,34.51651],[-89.295,34.51501],[-89.2972,34.51801],[-89.3004,34.51371],[-89.3031,34.51741],[-89.3125,34.51881],[-89.31499,34.52321],[-89.32259,34.52201],[-89.3266,34.52331],[-89.32619,34.52571],[-89.3305,34.52631],[-89.3434,34.52281],[-89.3451,34.52541],[-89.34679,34.52241],[-89.3517,34.52171],[-89.3541,34.52261],[-89.3539,34.52581],[-89.3606,34.52261],[-89.36559,34.52491],[-89.3643,34.52061],[-89.379,34.51801],[-89.3817,34.52061],[-89.3864,34.52021],[-89.39059,34.52471],[-89.3989,34.52501],[-89.40369,34.52771],[-89.40739,34.52221],[-89.41209,34.52591],[-89.41489,34.52261],[-89.423,34.52021],[-89.43459,34.52041],[-89.44009,34.52381],[-89.4431,34.53141],[-89.4577,34.53441],[-89.4679,34.54571],[-89.4761,34.54871],[-89.4762,34.55331],[-89.47919,34.55421],[-89.6685,34.55441],[-89.6692,34.68531],[-89.7224,34.68571],[-89.7242,34.99531],[-89.5112,34.99471]]]}},{"type":"Feature","properties":{"layer":"county","state":"MS","cwa":"JAN","name":"Marion","fips":"28091"},"geometry":{"type":"Polygon","coordinates":[[[-89.82449,31.43411],[-89.65469,31.43381],[-89.654,31.00251],[-89.72824,31.00169],[-89.7317,31.00471],[-89.75011,30.99952],[-89.7577,31.00191],[-89.83569,31.00208],[-89.8359,31.07491],[-89.9209,31.07471],[-89.9213,31.08931],[-89.92889,31.08921],[-89.9295,31.11121],[-89.9379,31.11111],[-89.9384,31.13261],[-90.0058,31.13281],[-90.00629,31.17561],[-90.031,31.17571],[-90.0319,31.23391],[-90.0403,31.23501],[-90.03999,31.39471],[-89.9753,31.39431],[-89.973,31.39261],[-89.9649,31.39581],[-89.9658,31.39071],[-89.8233,31.39001],[-89.82449,31.43411]]]}},{"type":"Feature","properties":{"layer":"county","state":"MS","cwa":"MEG","name":"Coahoma","fips":"28027"},"geometry":{"type":"Polygon","coordinates":[[[-90.39909,34.32061],[-90.39909,34.26151],[-90.4506,34.26241],[-90.4507,33.98571],[-90.6601,33.98761],[-90.6595,34.11881],[-90.8192,34.12081],[-90.9554,34.11951],[-90.9585,34.12511],[-90.9593,34.12971],[-90.9538,34.13881],[-90.91,34.16551],[-90.8947,34.16091],[-90.8679,34.14211],[-90.8535,34.13751],[-90.8303,34.13981],[-90.8159,34.14991],[-90.8072,34.16371],[-90.8082,34.17401],[-90.81239,34.18081],[-90.82249,34.18421],[-90.8368,34.18381],[-90.8556,34.18691],[-90.86729,34.18341],[-90.8784,34.18551],[-90.8886,34.18261],[-90.9151,34.19621],[-90.9292,34.21081],[-90.9353,34.21961],[-90.9369,34.23541],[-90.9292,34.24431],[-90.922,34.24661],[-90.9068,34.24421],[-90.90009,34.22961],[-90.8946,34.22441],[-90.8791,34.21541],[-90.8567,34.21151],[-90.84779,34.20651],[-90.84,34.22311],[-90.838,34.24581],[-90.83009,34.27181],[-90.82079,34.27781],[-90.80289,34.28251],[-90.7661,34.28041],[-90.75269,34.28931],[-90.7426,34.30301],[-90.7408,34.31441],[-90.74519,34.32581],[-90.7495,34.33161],[-90.7642,34.34211],[-90.7683,34.35071],[-90.7649,34.36281],[-90.755,34.36751],[-90.71629,34.36361],[-90.6764,34.37071],[-90.6811,34.35421],[-90.6917,34.33811],[-90.6931,34.32261],[-90.686,34.31581],[-90.67809,34.31301],[-90.66219,34.31511],[-90.65739,34.32271],[-90.65749,34.32771],[-90.66679,34.34961],[-90.66679,34.35461],[-90.6553,34.37181],[-90.6582,34.37541],[-90.6349,34.38641],[-90.6139,34.39071],[-90.5807,34.41051],[-90.5684,34.42481],[-90.56599,34.43221],[-90.56709,34.43971],[-90.57439,34.45231],[-90.58549,34.46131],[-90.5898,34.48601],[-90.5814,34.51201],[-90.5694,34.52491],[-90.3983,34.42351],[-90.39909,34.32061]]]}},{"type":"Feature","properties":{"layer":"county","state":"MS","cwa":"JAN","name":"Clay","fips":"28025"},"geometry":{"type":"Polygon","coordinates":[[[-88.90929,33.81211],[-88.71999,33.81011],[-88.7188,33.68031],[-88.5002,33.67991],[-88.4939,33.67821],[-88.4911,33.67371],[-88.4929,33.67161],[-88.4992,33.67521],[-88.5029,33.66551],[-88.5122,33.66111],[-88.5135,33.64761],[-88.5086,33.64291],[-88.4993,33.64331],[-88.5013,33.63681],[-88.4993,33.62661],[-88.5056,33.62001],[-88.5056,33.61401],[-88.49,33.61351],[-88.4751,33.60321],[-88.475,33.59881],[-88.48959,33.58201],[-88.49419,33.58021],[-88.4864,33.56781],[-88.48869,33.56391],[-88.4974,33.56421],[-88.4921,33.54241],[-88.4852,33.53481],[-88.4726,33.52771],[-88.47279,33.52461],[-88.4788,33.52271],[-88.4888,33.52901],[-88.49319,33.52861],[-88.4976,33.53491],[-88.5043,33.53631],[-88.509,33.54461],[-88.5163,33.54371],[-88.5182,33.54831],[-88.5223,33.55071],[-88.52589,33.54981],[-88.5272,33.54271],[-88.531,33.53801],[-88.53909,33.53561],[-88.5433,33.52711],[-88.5498,33.52781],[-88.5536,33.52211],[-88.5572,33.52171],[-88.5631,33.52631],[-88.5711,33.52361],[-88.5728,33.51951],[-88.57919,33.52141],[-88.5845,33.51601],[-88.6007,33.50831],[-88.6713,33.50651],[-88.67149,33.56511],[-88.69479,33.56511],[-88.6981,33.56191],[-88.71069,33.55931],[-88.73569,33.56541],[-88.9844,33.56421],[-89.01859,33.56211],[-89.01849,33.63541],[-89.0351,33.63481],[-89.0348,33.75311],[-88.93159,33.75431],[-88.9312,33.81241],[-88.90929,33.81211]]]}},{"type":"Feature","properties":{"layer":"county","state":"MS","cwa":"JAN","name":"Clarke","fips":"28023"},"geometry":{"type":"Polygon","coordinates":[[[-88.43159,32.22801],[-88.4732,31.89461],[-88.6402,31.85401],[-88.7627,31.83601],[-88.9105,31.82661],[-88.9137,32.22461],[-88.43159,32.22801]]]}},{"type":"Feature","properties":{"layer":"county","state":"MS","cwa":"JAN","name":"Claiborne","fips":"28021"},"geometry":{"type":"Polygon","coordinates":[[[-90.7289,32.22491],[-90.71439,31.97761],[-90.7168,31.84511],[-90.73299,31.83001],[-90.7369,31.78611],[-90.8448,31.78561],[-90.8526,31.78721],[-90.8407,31.80421],[-90.84309,31.81281],[-90.84109,31.81551],[-90.84509,31.82201],[-90.8425,31.82281],[-90.842,31.82591],[-91.0127,31.86161],[-91.24879,31.86971],[-91.2346,31.87711],[-91.2029,31.90761],[-91.1934,31.90991],[-91.18079,31.91901],[-91.18459,31.92541],[-91.1838,31.93291],[-91.19299,31.93601],[-91.18919,31.94801],[-91.1885,31.96011],[-91.1749,31.97541],[-91.16219,31.98291],[-91.1054,31.98991],[-91.0901,32.00011],[-91.0759,32.01681],[-91.08009,32.01961],[-91.08459,32.03171],[-91.0914,32.03591],[-91.14439,32.04641],[-91.15469,32.05131],[-91.16199,32.06381],[-91.16,32.07061],[-91.1525,32.07781],[-91.1429,32.08161],[-91.1363,32.08081],[-91.1282,32.07601],[-91.1133,32.05731],[-91.10429,32.05071],[-91.1001,32.04871],[-91.0803,32.04841],[-91.08099,32.07761],[-91.0349,32.10071],[-91.03049,32.10821],[-91.0303,32.11471],[-91.0143,32.10861],[-91.003,32.10141],[-90.9882,32.09711],[-90.9777,32.09851],[-90.96999,32.09491],[-90.9628,32.10501],[-90.9604,32.10441],[-90.9581,32.10201],[-90.9657,32.08821],[-90.9585,32.09031],[-90.9562,32.08341],[-90.9526,32.08131],[-90.9508,32.08631],[-90.9443,32.08931],[-90.9425,32.08731],[-90.9443,32.07891],[-90.93919,32.08001],[-90.93649,32.08431],[-90.9339,32.08181],[-90.9185,32.08071],[-90.9127,32.08671],[-90.9203,32.08691],[-90.9143,32.09681],[-90.92319,32.09731],[-90.9248,32.10091],[-90.91769,32.10201],[-90.9222,32.10461],[-90.91769,32.10951],[-90.92149,32.11741],[-90.9143,32.11751],[-90.9072,32.13191],[-90.88239,32.11461],[-90.8781,32.11561],[-90.8821,32.12061],[-90.8797,32.12251],[-90.878,32.12021],[-90.8752,32.12211],[-90.86819,32.12021],[-90.86269,32.12201],[-90.8621,32.12461],[-90.8462,32.12951],[-90.8433,32.13721],[-90.8475,32.14111],[-90.8526,32.14001],[-90.8578,32.14261],[-90.85239,32.14871],[-90.8494,32.14901],[-90.85,32.15231],[-90.8465,32.15101],[-90.84489,32.15381],[-90.8504,32.15601],[-90.8435,32.15891],[-90.82819,32.15691],[-90.8267,32.15481],[-90.82919,32.15201],[-90.8297,32.14481],[-90.82359,32.13891],[-90.8193,32.13851],[-90.8147,32.13871],[-90.80949,32.14761],[-90.8098,32.15211],[-90.8033,32.15241],[-90.7976,32.14701],[-90.7923,32.14821],[-90.793,32.15111],[-90.7755,32.15691],[-90.77209,32.15401],[-90.768,32.16401],[-90.7752,32.16241],[-90.77879,32.16891],[-90.7859,32.17151],[-90.78699,32.17521],[-90.7897,32.17421],[-90.7907,32.17831],[-90.78719,32.17971],[-90.78699,32.18301],[-90.7764,32.19341],[-90.7765,32.18981],[-90.768,32.19441],[-90.76389,32.19231],[-90.7631,32.19591],[-90.7562,32.19401],[-90.75089,32.19641],[-90.7537,32.20631],[-90.74979,32.20761],[-90.7468,32.20361],[-90.7455,32.20731],[-90.7389,32.20601],[-90.7364,32.21201],[-90.7327,32.21441],[-90.7391,32.21551],[-90.7345,32.21871],[-90.7319,32.22521],[-90.7289,32.22491]]]}},{"type":"Feature","properties":{"layer":"county","state":"MS","cwa":"JAN","name":"Choctaw","fips":"28019"},"geometry":{"type":"Polygon","coordinates":[[[-89.08829,33.53331],[-89.08829,33.28601],[-89.10889,33.28481],[-89.10889,33.19801],[-89.21339,33.19751],[-89.2139,33.10941],[-89.3175,33.10901],[-89.3165,33.28561],[-89.4538,33.28591],[-89.45309,33.43431],[-89.4506,33.43451],[-89.44849,33.43921],[-89.4461,33.43831],[-89.4464,33.43561],[-89.44099,33.43841],[-89.4212,33.43081],[-89.4212,33.43351],[-89.4138,33.43411],[-89.4101,33.44071],[-89.4108,33.44491],[-89.4059,33.45091],[-89.3836,33.45601],[-89.38139,33.46081],[-89.36819,33.46511],[-89.36739,33.46851],[-89.36179,33.47301],[-89.35509,33.46991],[-89.3392,33.47021],[-89.3296,33.48771],[-89.3224,33.49031],[-89.3176,33.49731],[-89.3032,33.50401],[-89.2971,33.50261],[-89.2943,33.50651],[-89.27309,33.51151],[-89.2617,33.51791],[-89.24129,33.51681],[-89.2401,33.51901],[-89.228,33.52061],[-89.2213,33.52751],[-89.2084,33.52551],[-89.1961,33.52981],[-89.1756,33.53281],[-89.08829,33.53331]]]}},{"type":"Feature","properties":{"layer":"county","state":"MS","cwa":"MEG","name":"Chickasaw","fips":"28017"},"geometry":{"type":"Polygon","coordinates":[[[-88.8237,34.07491],[-88.7192,34.07451],[-88.71999,33.81011],[-88.9312,33.81241],[-88.93159,33.75431],[-89.0348,33.75311],[-89.0345,33.73941],[-89.1918,33.73821],[-89.18999,33.81171],[-89.13789,33.81211],[-89.1393,34.07391],[-88.8237,34.07491]]]}},{"type":"Feature","properties":{"layer":"county","state":"MS","cwa":"JAN","name":"Carroll","fips":"28015"},"geometry":{"type":"Polygon","coordinates":[[[-90.06779,33.67651],[-89.7869,33.67671],[-89.784,33.41631],[-89.7159,33.41681],[-89.7156,33.40321],[-89.7127,33.40211],[-89.6465,33.40221],[-89.64529,33.28601],[-89.70119,33.28511],[-89.7066,33.27101],[-89.7118,33.26781],[-89.7103,33.26501],[-89.71239,33.26051],[-89.72179,33.25911],[-89.72839,33.25031],[-89.7299,33.24411],[-89.7408,33.23571],[-89.7449,33.22611],[-89.74419,33.21951],[-89.7492,33.21371],[-90.1746,33.33341],[-90.1748,33.41701],[-90.13779,33.41641],[-90.1376,33.45841],[-90.1022,33.45891],[-90.10139,33.46451],[-90.1021,33.60361],[-90.11739,33.60431],[-90.11549,33.60931],[-90.10809,33.60651],[-90.10509,33.61351],[-90.10899,33.62991],[-90.102,33.65191],[-90.10709,33.65431],[-90.10329,33.66111],[-90.1148,33.66131],[-90.11919,33.66401],[-90.12109,33.67051],[-90.126,33.67511],[-90.1251,33.67701],[-90.06779,33.67651]]]}},{"type":"Feature","properties":{"layer":"county","state":"MS","cwa":"MEG","name":"Calhoun","fips":"28013"},"geometry":{"type":"Polygon","coordinates":[[[-89.4378,34.16181],[-89.2457,34.16111],[-89.2444,34.07391],[-89.1393,34.07391],[-89.13789,33.81211],[-89.18999,33.81171],[-89.19189,33.72211],[-89.50719,33.72191],[-89.5096,34.16171],[-89.4378,34.16181]]]}},{"type":"Feature","properties":{"layer":"county","state":"MS","cwa":"JAN","name":"Bolivar","fips":"28011"},"geometry":{"type":"Polygon","coordinates":[[[-90.8192,34.12081],[-90.6595,34.11881],[-90.6601,33.98761],[-90.6567,33.98761],[-90.6587,33.61661],[-90.7635,33.61621],[-90.7624,33.52921],[-91.2157,33.52941],[-91.231,33.54941],[-91.2325,33.55591],[-91.2291,33.56401],[-91.2202,33.56851],[-91.1983,33.57201],[-91.17709,33.58281],[-91.1534,33.58231],[-91.134,33.59451],[-91.1307,33.60841],[-91.1348,33.62031],[-91.13979,33.62611],[-91.1712,33.64781],[-91.1824,33.65271],[-91.2201,33.66231],[-91.2288,33.67411],[-91.2251,33.68801],[-91.2195,33.69361],[-91.2066,33.70051],[-91.1757,33.70311],[-91.1606,33.70681],[-91.1328,33.67631],[-91.101,33.66051],[-91.0841,33.65731],[-91.0592,33.66641],[-91.0413,33.66971],[-91.0332,33.67471],[-91.0302,33.68281],[-91.0309,33.68791],[-91.0359,33.68911],[-91.0413,33.69991],[-91.0573,33.71351],[-91.0687,33.71641],[-91.0891,33.70771],[-91.1048,33.70471],[-91.1172,33.70531],[-91.13229,33.71411],[-91.1461,33.72981],[-91.1447,33.75001],[-91.141,33.75981],[-91.145,33.76571],[-91.1441,33.76961],[-91.1346,33.78231],[-91.1283,33.78341],[-91.1177,33.77891],[-91.1073,33.77061],[-91.08549,33.77641],[-91.0527,33.77811],[-91.02679,33.76361],[-91.0224,33.76311],[-91.0001,33.76921],[-90.9938,33.77361],[-90.9894,33.78061],[-90.98849,33.78451],[-90.99129,33.79171],[-91.0004,33.79961],[-91.0238,33.80561],[-91.0468,33.81551],[-91.06689,33.83971],[-91.0728,33.85621],[-91.0709,33.86671],[-91.0264,33.90801],[-91.01089,33.92551],[-91.01099,33.93021],[-91.02119,33.93771],[-91.03909,33.94491],[-91.0836,33.95601],[-91.0895,33.96391],[-91.0879,33.97531],[-91.07539,33.98361],[-91.04279,33.98681],[-91.03419,33.99481],[-91.0189,34.00311],[-90.9984,33.96501],[-90.9834,33.96021],[-90.9677,33.96341],[-90.96259,33.97041],[-90.9614,33.97901],[-90.96819,33.98851],[-90.9799,33.99871],[-90.988,34.01901],[-90.9707,34.02161],[-90.9427,34.01801],[-90.9228,34.02321],[-90.91209,34.02201],[-90.8933,34.02641],[-90.8871,34.03371],[-90.88779,34.05541],[-90.87209,34.07611],[-90.8707,34.08361],[-90.87659,34.09291],[-90.8835,34.09691],[-90.89159,34.09801],[-90.9011,34.09471],[-90.9184,34.09301],[-90.9463,34.10941],[-90.9554,34.11951],[-90.8192,34.12081]]]}},{"type":"Feature","properties":{"layer":"county","state":"MS","cwa":"LIX","name":"Pearl River","fips":"28109"},"geometry":{"type":"Polygon","coordinates":[[[-89.55121,31.0141],[-89.5021,31.01381],[-89.50098,31.00171],[-89.4759,31.00081],[-89.476,30.98291],[-89.4267,30.98273],[-89.4248,31.01011],[-89.34978,31.01049],[-89.34869,31.00111],[-89.34089,31.00067],[-89.34131,30.64771],[-89.54419,30.64832],[-89.54541,30.51672],[-89.59589,30.51709],[-89.5957,30.5025],[-89.64709,30.50128],[-89.64691,30.45892],[-89.69043,30.45911],[-89.70471,30.46613],[-89.70532,30.47168],[-89.71039,30.47791],[-89.71472,30.47791],[-89.7215,30.48291],[-89.72101,30.48749],[-89.72351,30.49091],[-89.7301,30.49109],[-89.73682,30.49548],[-89.742,30.49512],[-89.74701,30.50189],[-89.75409,30.50092],[-89.7533,30.50708],[-89.7569,30.50629],[-89.75873,30.51672],[-89.76648,30.51428],[-89.76892,30.51727],[-89.7713,30.52148],[-89.76959,30.5293],[-89.776,30.5329],[-89.77771,30.54132],[-89.78101,30.54449],[-89.79059,30.5451],[-89.79306,30.54792],[-89.79199,30.55212],[-89.7959,30.55688],[-89.8031,30.55872],[-89.80341,30.56171],[-89.80011,30.56329],[-89.79163,30.56348],[-89.7951,30.56549],[-89.79419,30.56848],[-89.79791,30.5697],[-89.8075,30.5683],[-89.80768,30.57489],[-89.81482,30.58508],[-89.80829,30.5863],[-89.81842,30.5929],[-89.8186,30.5965],[-89.81439,30.59747],[-89.82178,30.60651],[-89.82202,30.61932],[-89.82971,30.61749],[-89.82922,30.62189],[-89.823,30.62408],[-89.82001,30.63232],[-89.8147,30.6369],[-89.82178,30.63892],[-89.82349,30.64227],[-89.8219,30.64569],[-89.82562,30.64569],[-89.82629,30.64972],[-89.83008,30.65112],[-89.83362,30.65747],[-89.83911,30.65308],[-89.84131,30.66052],[-89.85059,30.66089],[-89.85181,30.66351],[-89.84918,30.66528],[-89.84351,30.6637],[-89.83881,30.66931],[-89.83911,30.6731],[-89.84448,30.66913],[-89.84631,30.67151],[-89.8382,30.67767],[-89.841,30.68127],[-89.83771,30.6875],[-89.8454,30.68811],[-89.84418,30.69128],[-89.8363,30.69232],[-89.83643,30.70068],[-89.83881,30.70367],[-89.84528,30.70367],[-89.84637,30.70648],[-89.84119,30.7099],[-89.84167,30.71991],[-89.83502,30.71613],[-89.83051,30.71649],[-89.83099,30.72028],[-89.8269,30.72748],[-89.83411,30.72668],[-89.83643,30.72852],[-89.8291,30.73169],[-89.83618,30.73468],[-89.82562,30.7417],[-89.8233,30.7533],[-89.82971,30.75153],[-89.83228,30.75513],[-89.82819,30.75592],[-89.82672,30.75891],[-89.8324,30.76648],[-89.82758,30.77252],[-89.83002,30.7793],[-89.82831,30.78308],[-89.82251,30.7807],[-89.8197,30.78351],[-89.82111,30.7923],[-89.81927,30.79492],[-89.81671,30.79608],[-89.81299,30.79352],[-89.8125,30.78949],[-89.80841,30.7887],[-89.80518,30.79089],[-89.80841,30.79248],[-89.81012,30.79932],[-89.79822,30.81293],[-89.79938,30.81989],[-89.79651,30.82111],[-89.79529,30.81787],[-89.7926,30.82013],[-89.78491,30.81689],[-89.78229,30.82031],[-89.78668,30.82208],[-89.78339,30.83252],[-89.78961,30.8313],[-89.78748,30.84369],[-89.79181,30.85089],[-89.78851,30.85071],[-89.78339,30.8457],[-89.78082,30.8479],[-89.784,30.8551],[-89.78058,30.85651],[-89.7746,30.85327],[-89.77222,30.85449],[-89.7724,30.85931],[-89.76831,30.86493],[-89.77911,30.87567],[-89.77551,30.8811],[-89.77271,30.87927],[-89.77008,30.88068],[-89.77338,30.88733],[-89.77301,30.89807],[-89.7597,30.89673],[-89.7569,30.90033],[-89.76349,30.9079],[-89.76349,30.91272],[-89.76038,30.91492],[-89.7514,30.9129],[-89.74451,30.92029],[-89.7514,30.92407],[-89.74969,30.9353],[-89.75519,30.93909],[-89.75623,30.94269],[-89.7514,30.95093],[-89.74371,30.95569],[-89.74292,30.95947],[-89.73572,30.96631],[-89.72778,30.96753],[-89.72882,30.9715],[-89.73529,30.97412],[-89.73621,30.97729],[-89.73029,30.98053],[-89.72803,30.99292],[-89.7345,30.99609],[-89.73499,30.9989],[-89.72824,31.00169],[-89.71301,31.0025],[-89.5525,31.00191],[-89.55121,31.0141]]]}},{"type":"Feature","properties":{"layer":"county","state":"MS","cwa":"MEG","name":"Alcorn","fips":"28003"},"geometry":{"type":"Polygon","coordinates":[[[-88.43439,34.99581],[-88.3633,34.99551],[-88.3661,34.78461],[-88.36469,34.75561],[-88.7501,34.75701],[-88.7531,34.75801],[-88.753,34.85881],[-88.82249,34.85861],[-88.8232,34.99511],[-88.43439,34.99581]]]}},{"type":"Feature","properties":{"layer":"county","state":"MS","cwa":"JAN","name":"Yazoo","fips":"28163"},"geometry":{"type":"Polygon","coordinates":[[[-90.337,33.01321],[-90.33829,33.01011],[-89.9658,32.88031],[-89.9726,32.86901],[-89.9809,32.86581],[-89.98389,32.85601],[-89.98849,32.84801],[-89.99239,32.84661],[-89.9909,32.84461],[-89.9978,32.83221],[-90.0098,32.82831],[-90.0127,32.83061],[-90.01759,32.82581],[-90.0205,32.80691],[-90.01849,32.80101],[-90.0218,32.79511],[-90.0225,32.78591],[-90.0308,32.77411],[-90.0323,32.76241],[-90.03889,32.75831],[-90.04169,32.74511],[-90.0467,32.74211],[-90.05019,32.73501],[-90.0569,32.73521],[-90.05869,32.73141],[-90.0664,32.72981],[-90.07339,32.73041],[-90.0813,32.71901],[-90.0887,32.71601],[-90.0901,32.71021],[-90.1001,32.70061],[-90.1047,32.70341],[-90.1096,32.70091],[-90.1131,32.70381],[-90.1256,32.70001],[-90.13309,32.70091],[-90.13589,32.69891],[-90.13869,32.68721],[-90.1421,32.68631],[-90.1456,32.69141],[-90.1548,32.69071],[-90.15569,32.68801],[-90.1806,32.67931],[-90.18729,32.67241],[-90.1926,32.67211],[-90.19299,32.66701],[-90.19769,32.66431],[-90.2064,32.66641],[-90.2215,32.66021],[-90.22659,32.66771],[-90.24149,32.66451],[-90.2447,32.66011],[-90.2551,32.66211],[-90.2624,32.66021],[-90.26569,32.65691],[-90.2774,32.65991],[-90.2829,32.65461],[-90.286,32.64341],[-90.29739,32.64701],[-90.3111,32.63981],[-90.3093,32.63801],[-90.3146,32.63241],[-90.3154,32.62721],[-90.3242,32.62191],[-90.3223,32.61671],[-90.3284,32.61461],[-90.33459,32.60771],[-90.34399,32.60691],[-90.34579,32.61311],[-90.3491,32.61301],[-90.35239,32.61131],[-90.3549,32.60321],[-90.3582,32.60261],[-90.3576,32.60531],[-90.36359,32.60321],[-90.364,32.59741],[-90.3681,32.59681],[-90.3698,32.60241],[-90.3735,32.59791],[-90.38049,32.59521],[-90.3788,32.59331],[-90.38779,32.58651],[-90.3857,32.58511],[-90.3923,32.58261],[-90.39539,32.58481],[-90.4042,32.57571],[-90.4097,32.57501],[-90.41119,32.57891],[-90.4138,32.57931],[-90.4179,32.57761],[-90.422,32.58331],[-90.4285,32.58551],[-90.44189,32.58451],[-90.45129,32.57771],[-90.45,32.57431],[-90.4543,32.56631],[-90.4511,32.56331],[-90.4558,32.55701],[-90.4586,32.55741],[-90.4583,32.55971],[-90.4623,32.55861],[-90.4649,32.54801],[-90.472,32.54801],[-90.47169,32.54391],[-90.4844,32.54281],[-90.4918,32.53121],[-90.4984,32.52751],[-90.4978,32.52491],[-90.5099,32.52271],[-90.5144,32.52541],[-90.5224,32.52021],[-90.52029,32.51701],[-90.52499,32.51611],[-90.5211,32.51001],[-90.52219,32.50451],[-90.53159,32.51101],[-90.5373,32.50761],[-90.5406,32.50841],[-90.5402,32.50601],[-90.5461,32.50991],[-90.55379,32.50751],[-90.5551,32.53191],[-90.5867,32.53181],[-90.5892,32.54611],[-90.6545,32.54651],[-90.6561,32.58981],[-90.6903,32.58941],[-90.6908,32.61871],[-90.71989,32.61881],[-90.7211,32.62211],[-90.71999,32.62431],[-90.7066,32.62601],[-90.6981,32.62471],[-90.6923,32.63271],[-90.6923,32.63901],[-90.6983,32.64201],[-90.7128,32.64231],[-90.7165,32.64431],[-90.72459,32.65731],[-90.7243,32.66181],[-90.7121,32.67891],[-90.71249,32.68631],[-90.71049,32.68901],[-90.70309,32.69051],[-90.6982,32.68861],[-90.69559,32.68511],[-90.69489,32.67111],[-90.6908,32.66611],[-90.6842,32.66371],[-90.6758,32.66511],[-90.6656,32.67381],[-90.6644,32.68911],[-90.67139,32.69651],[-90.6896,32.70561],[-90.7137,32.70731],[-90.7186,32.70971],[-90.7347,32.71941],[-90.7422,32.72821],[-90.74229,32.73181],[-90.7352,32.74381],[-90.73669,32.75341],[-90.73489,32.75681],[-90.73029,32.75741],[-90.7176,32.74801],[-90.7094,32.74741],[-90.7002,32.74981],[-90.6905,32.75761],[-90.6895,32.76491],[-90.6926,32.76961],[-90.7077,32.77781],[-90.71539,32.78981],[-90.71449,32.79981],[-90.7102,32.80641],[-90.69469,32.81481],[-90.6998,32.81801],[-90.7201,32.81521],[-90.72649,32.81971],[-90.7325,32.81121],[-90.7389,32.80901],[-90.74899,32.81821],[-90.75919,32.81461],[-90.75909,32.83631],[-90.65659,32.92281],[-90.4508,32.92331],[-90.449,33.00781],[-90.3593,33.01091],[-90.3528,33.01301],[-90.3465,33.02201],[-90.34219,33.02071],[-90.337,33.01321]]]}},{"type":"Feature","properties":{"layer":"county","state":"MS","cwa":"JAN","name":"Madison","fips":"28089"},"geometry":{"type":"Polygon","coordinates":[[[-89.78529,32.88511],[-89.73,32.88481],[-89.7306,32.63391],[-89.73579,32.63311],[-89.7417,32.62581],[-89.7548,32.61731],[-89.7624,32.60631],[-89.7671,32.60771],[-89.7711,32.60521],[-89.76759,32.60191],[-89.7702,32.59931],[-89.78249,32.59621],[-89.7812,32.59041],[-89.7856,32.58411],[-89.7886,32.58501],[-89.7875,32.59131],[-89.7943,32.59231],[-89.7924,32.58821],[-89.7953,32.58491],[-89.7998,32.58961],[-89.8083,32.59021],[-89.80779,32.58491],[-89.81219,32.58561],[-89.8139,32.58251],[-89.82069,32.58631],[-89.8268,32.58491],[-89.83459,32.58821],[-89.83659,32.58601],[-89.83949,32.59191],[-89.8481,32.58291],[-89.85889,32.58481],[-89.8667,32.56511],[-89.87469,32.55931],[-89.8867,32.56241],[-89.8969,32.55291],[-89.89349,32.55031],[-89.89429,32.54361],[-89.897,32.54151],[-89.8997,32.54251],[-89.9043,32.53741],[-89.91119,32.53731],[-89.911,32.52901],[-89.92149,32.52981],[-89.9294,32.51331],[-89.9409,32.51351],[-89.9454,32.50961],[-89.9424,32.50781],[-89.9546,32.50171],[-89.96069,32.49191],[-89.9695,32.49611],[-89.9742,32.49361],[-89.9814,32.49761],[-89.9854,32.48761],[-89.9935,32.48311],[-89.9963,32.48571],[-90.0033,32.48581],[-90.0077,32.48031],[-90.0192,32.47721],[-90.0206,32.47221],[-90.0245,32.47141],[-90.0272,32.46241],[-90.03999,32.45021],[-90.0407,32.44741],[-90.0375,32.44731],[-90.0413,32.44141],[-90.0479,32.43801],[-90.0555,32.43901],[-90.0569,32.43571],[-90.0681,32.43841],[-90.0696,32.43611],[-90.0682,32.42831],[-90.06319,32.42011],[-90.0673,32.41651],[-90.07069,32.41981],[-90.0751,32.41891],[-90.0637,32.40371],[-90.0648,32.39971],[-90.2429,32.40011],[-90.2436,32.48751],[-90.4499,32.48841],[-90.4499,32.57961],[-90.439,32.58561],[-90.4305,32.58401],[-90.4285,32.58551],[-90.422,32.58331],[-90.4179,32.57761],[-90.4138,32.57931],[-90.41119,32.57891],[-90.4097,32.57501],[-90.4042,32.57571],[-90.39539,32.58481],[-90.3923,32.58261],[-90.3857,32.58511],[-90.38779,32.58651],[-90.3788,32.59331],[-90.38049,32.59521],[-90.3735,32.59791],[-90.3698,32.60241],[-90.3681,32.59681],[-90.364,32.59741],[-90.36359,32.60321],[-90.3576,32.60531],[-90.3582,32.60261],[-90.3549,32.60321],[-90.35239,32.61131],[-90.3491,32.61301],[-90.34579,32.61311],[-90.34399,32.60691],[-90.3372,32.60601],[-90.3284,32.61461],[-90.3223,32.61671],[-90.3242,32.62191],[-90.3154,32.62721],[-90.3146,32.63241],[-90.3093,32.63801],[-90.3111,32.63981],[-90.29739,32.64701],[-90.286,32.64341],[-90.2829,32.65461],[-90.2774,32.65991],[-90.26569,32.65691],[-90.2624,32.66021],[-90.2551,32.66211],[-90.2447,32.66011],[-90.24149,32.66451],[-90.22659,32.66771],[-90.2215,32.66021],[-90.2064,32.66641],[-90.19769,32.66431],[-90.19299,32.66701],[-90.1926,32.67211],[-90.18729,32.67241],[-90.1806,32.67931],[-90.15569,32.68801],[-90.1548,32.69071],[-90.1456,32.69141],[-90.1421,32.68631],[-90.13869,32.68721],[-90.13589,32.69891],[-90.13309,32.70091],[-90.1256,32.70001],[-90.1131,32.70381],[-90.1096,32.70091],[-90.1047,32.70341],[-90.1001,32.70061],[-90.0965,32.70281],[-90.088,32.71331],[-90.0887,32.71601],[-90.0813,32.71901],[-90.07339,32.73041],[-90.0664,32.72981],[-90.05869,32.73141],[-90.0569,32.73521],[-90.05019,32.73501],[-90.0467,32.74211],[-90.04169,32.74511],[-90.03889,32.75831],[-90.0323,32.76241],[-90.0308,32.77411],[-90.0225,32.78591],[-90.0218,32.79511],[-90.01849,32.80101],[-90.0205,32.80691],[-90.01759,32.82581],[-90.0127,32.83061],[-90.0098,32.82831],[-89.9978,32.83221],[-89.9909,32.84461],[-89.99239,32.84661],[-89.98849,32.84801],[-89.98389,32.85601],[-89.9809,32.86581],[-89.9726,32.86901],[-89.9658,32.88031],[-89.83949,32.87971],[-89.84039,32.88541],[-89.78529,32.88511]]]}},{"type":"Feature","properties":{"layer":"county","state":"MS","cwa":"JAN","name":"Lowndes","fips":"28087"},"geometry":{"type":"Polygon","coordinates":[[[-88.3218,33.74431],[-88.2493,33.74491],[-88.30499,33.28871],[-88.66949,33.28691],[-88.6713,33.50651],[-88.6007,33.50831],[-88.5845,33.51601],[-88.57919,33.52141],[-88.5728,33.51951],[-88.5711,33.52361],[-88.5631,33.52631],[-88.5572,33.52171],[-88.5536,33.52211],[-88.5498,33.52781],[-88.5433,33.52711],[-88.53909,33.53561],[-88.531,33.53801],[-88.5272,33.54271],[-88.52589,33.54981],[-88.5223,33.55071],[-88.5182,33.54831],[-88.5163,33.54371],[-88.509,33.54461],[-88.5043,33.53631],[-88.4976,33.53491],[-88.49319,33.52861],[-88.4888,33.52901],[-88.4788,33.52271],[-88.47279,33.52461],[-88.4726,33.52771],[-88.4852,33.53481],[-88.4921,33.54241],[-88.4974,33.56421],[-88.48869,33.56391],[-88.4864,33.56781],[-88.49419,33.58021],[-88.48959,33.58201],[-88.475,33.59881],[-88.4751,33.60321],[-88.49,33.61351],[-88.5056,33.61401],[-88.5056,33.62001],[-88.4993,33.62661],[-88.5013,33.63681],[-88.4993,33.64331],[-88.51199,33.64421],[-88.513,33.65101],[-88.5097,33.65101],[-88.50809,33.65541],[-88.49609,33.66371],[-88.49229,33.66231],[-88.48019,33.66621],[-88.4698,33.66321],[-88.4648,33.66681],[-88.4594,33.66301],[-88.4539,33.66831],[-88.44949,33.66971],[-88.4482,33.66781],[-88.4444,33.67141],[-88.4348,33.66771],[-88.42529,33.67481],[-88.42149,33.67251],[-88.4229,33.67031],[-88.41679,33.67011],[-88.41679,33.67571],[-88.4138,33.67651],[-88.41219,33.67411],[-88.4099,33.67661],[-88.4072,33.67461],[-88.4054,33.67851],[-88.3994,33.67911],[-88.40279,33.68331],[-88.3974,33.68451],[-88.3988,33.68891],[-88.3952,33.69451],[-88.3845,33.69261],[-88.3857,33.68931],[-88.37849,33.68581],[-88.37389,33.68541],[-88.3652,33.68931],[-88.3616,33.69421],[-88.34489,33.70471],[-88.34219,33.71321],[-88.33109,33.71871],[-88.3268,33.72601],[-88.3286,33.73911],[-88.3261,33.74451],[-88.3218,33.74431]]]}},{"type":"Feature","properties":{"layer":"county","state":"MS","cwa":"JAN","name":"Lincoln","fips":"28085"},"geometry":{"type":"Polygon","coordinates":[[[-90.24509,31.70291],[-90.2437,31.35031],[-90.633,31.34931],[-90.63319,31.61141],[-90.7373,31.61191],[-90.73679,31.69851],[-90.4142,31.70051],[-90.4136,31.68531],[-90.3868,31.68511],[-90.37939,31.68521],[-90.3799,31.69971],[-90.279,31.70031],[-90.2724,31.70421],[-90.26009,31.70411],[-90.2454,31.71711],[-90.24509,31.70291]]]}},{"type":"Feature","properties":{"layer":"county","state":"MS","cwa":"JAN","name":"Leflore","fips":"28083"},"geometry":{"type":"Polygon","coordinates":[[[-90.4516,33.81151],[-90.1823,33.80871],[-90.1797,33.80391],[-90.1814,33.79981],[-90.1713,33.78771],[-90.1758,33.77671],[-90.1834,33.76721],[-90.2052,33.75971],[-90.2252,33.75941],[-90.2363,33.76561],[-90.2383,33.76211],[-90.2514,33.76291],[-90.2957,33.75061],[-90.30379,33.74461],[-90.3119,33.73161],[-90.3136,33.72621],[-90.31139,33.71571],[-90.30109,33.69931],[-90.28249,33.69411],[-90.27029,33.69671],[-90.2635,33.70141],[-90.256,33.71481],[-90.2504,33.73301],[-90.2412,33.73661],[-90.23109,33.73481],[-90.2197,33.72211],[-90.1368,33.72101],[-90.13699,33.67691],[-90.12849,33.67691],[-90.12109,33.67051],[-90.11919,33.66401],[-90.1148,33.66131],[-90.10329,33.66111],[-90.10709,33.65431],[-90.102,33.65191],[-90.10899,33.62991],[-90.10509,33.61351],[-90.10809,33.60651],[-90.11549,33.60931],[-90.11739,33.60431],[-90.1021,33.60361],[-90.1019,33.60181],[-90.1022,33.45891],[-90.1376,33.45841],[-90.13779,33.41641],[-90.1748,33.41701],[-90.1746,33.33341],[-90.3215,33.37481],[-90.32259,33.36901],[-90.31889,33.36371],[-90.2944,33.36161],[-90.2836,33.35091],[-90.27959,33.34031],[-90.28059,33.33621],[-90.29189,33.32321],[-90.2916,33.31901],[-90.2865,33.31341],[-90.2892,33.31181],[-90.2968,33.31431],[-90.3042,33.30971],[-90.30579,33.31201],[-90.3036,33.31611],[-90.3103,33.32011],[-90.31709,33.31721],[-90.31499,33.31051],[-90.3268,33.31101],[-90.3317,33.30251],[-90.3371,33.30821],[-90.3429,33.30931],[-90.3464,33.30401],[-90.35709,33.29671],[-90.3621,33.28711],[-90.3601,33.28151],[-90.3632,33.27641],[-90.36909,33.28131],[-90.3759,33.28121],[-90.3677,33.26031],[-90.3708,33.25781],[-90.37489,33.24671],[-90.36919,33.24641],[-90.3677,33.24401],[-90.37289,33.23841],[-90.3743,33.24231],[-90.38319,33.24481],[-90.4091,33.24531],[-90.41199,33.24361],[-90.4129,33.23681],[-90.4163,33.23761],[-90.4538,33.26851],[-90.4516,33.81151]]]}},{"type":"Feature","properties":{"layer":"county","state":"MS","cwa":"MEG","name":"Lee","fips":"28081"},"geometry":{"type":"Polygon","coordinates":[[[-88.542,34.46571],[-88.5422,34.33811],[-88.54459,34.33751],[-88.5442,34.08901],[-88.7188,34.08941],[-88.7192,34.07451],[-88.8237,34.07491],[-88.8248,34.39391],[-88.78979,34.39371],[-88.7893,34.49481],[-88.7373,34.49471],[-88.73579,34.50891],[-88.54179,34.50911],[-88.542,34.46571]]]}},{"type":"Feature","properties":{"layer":"county","state":"MS","cwa":"JAN","name":"Leake","fips":"28079"},"geometry":{"type":"Polygon","coordinates":[[[-89.3745,32.93091],[-89.3196,32.93111],[-89.3181,32.57641],[-89.73019,32.57721],[-89.7296,32.92971],[-89.3745,32.93091]]]}},{"type":"Feature","properties":{"layer":"county","state":"MS","cwa":"JAN","name":"Lawrence","fips":"28077"},"geometry":{"type":"Polygon","coordinates":[[[-89.97469,31.74741],[-89.9761,31.52251],[-89.9604,31.52241],[-89.9591,31.51671],[-89.95889,31.39111],[-89.9658,31.39071],[-89.9649,31.39581],[-89.973,31.39261],[-89.9753,31.39431],[-90.03999,31.39471],[-90.0404,31.33611],[-90.048,31.33611],[-90.0488,31.33241],[-90.05309,31.33241],[-90.0534,31.32901],[-90.08199,31.32891],[-90.0823,31.33601],[-90.091,31.33601],[-90.09109,31.34331],[-90.1084,31.34351],[-90.1086,31.35091],[-90.2437,31.35031],[-90.2454,31.71711],[-90.23009,31.72351],[-90.2035,31.72581],[-90.18369,31.73161],[-90.1637,31.74411],[-90.1432,31.74781],[-90.13129,31.75601],[-90.12569,31.75241],[-89.97649,31.76161],[-89.9743,31.76111],[-89.97469,31.74741]]]}},{"type":"Feature","properties":{"layer":"county","state":"MS","cwa":"JAN","name":"Lauderdale","fips":"28075"},"geometry":{"type":"Polygon","coordinates":[[[-88.38879,32.57831],[-88.43159,32.22801],[-88.9137,32.22461],[-88.9145,32.57681],[-88.38879,32.57831]]]}},{"type":"Feature","properties":{"layer":"county","state":"MS","cwa":"JAN","name":"Lamar","fips":"28073"},"geometry":{"type":"Polygon","coordinates":[[[-89.5867,31.43451],[-89.4516,31.43401],[-89.45,31.34641],[-89.34779,31.34561],[-89.34978,31.01049],[-89.4248,31.01011],[-89.4267,30.98273],[-89.476,30.98291],[-89.4759,31.00081],[-89.50098,31.00171],[-89.5021,31.01381],[-89.55121,31.0141],[-89.5525,31.00191],[-89.654,31.00251],[-89.65469,31.43381],[-89.5867,31.43451]]]}},{"type":"Feature","properties":{"layer":"county","state":"MS","cwa":"MEG","name":"Lafayette","fips":"28071"},"geometry":{"type":"Polygon","coordinates":[[[-89.5001,34.55431],[-89.4762,34.55331],[-89.4761,34.54871],[-89.4679,34.54571],[-89.4577,34.53441],[-89.4431,34.53141],[-89.44009,34.52381],[-89.43459,34.52041],[-89.423,34.52021],[-89.41489,34.52261],[-89.41209,34.52591],[-89.40739,34.52221],[-89.40369,34.52771],[-89.3989,34.52501],[-89.39059,34.52471],[-89.3864,34.52021],[-89.3817,34.52061],[-89.379,34.51801],[-89.3643,34.52061],[-89.36559,34.52491],[-89.3606,34.52261],[-89.3539,34.52581],[-89.3541,34.52261],[-89.3517,34.52171],[-89.34679,34.52241],[-89.3451,34.52541],[-89.3434,34.52281],[-89.3305,34.52631],[-89.32619,34.52571],[-89.3266,34.52331],[-89.32259,34.52201],[-89.31499,34.52321],[-89.3125,34.51881],[-89.3031,34.51741],[-89.3004,34.51371],[-89.2972,34.51801],[-89.295,34.51501],[-89.29259,34.51651],[-89.28819,34.50631],[-89.2828,34.50851],[-89.2766,34.50531],[-89.2746,34.50691],[-89.2633,34.50421],[-89.2627,34.50151],[-89.25449,34.49701],[-89.24799,34.49871],[-89.24609,34.49391],[-89.2457,34.16111],[-89.5096,34.16171],[-89.5094,34.19091],[-89.7211,34.19251],[-89.7195,34.33601],[-89.7221,34.41581],[-89.7213,34.55431],[-89.5001,34.55431]]]}},{"type":"Feature","properties":{"layer":"county","state":"MS","cwa":"JAN","name":"Kemper","fips":"28069"},"geometry":{"type":"Polygon","coordinates":[[[-88.34789,32.92911],[-88.38879,32.57831],[-88.9145,32.57681],[-88.9144,32.92651],[-88.34789,32.92911]]]}},{"type":"Feature","properties":{"layer":"county","state":"MS","cwa":"JAN","name":"Jones","fips":"28067"},"geometry":{"type":"Polygon","coordinates":[[[-88.9435,31.43591],[-88.9425,31.43351],[-89.39919,31.43401],[-89.4012,31.79691],[-88.9434,31.82461],[-88.9435,31.43591]]]}},{"type":"Feature","properties":{"layer":"county","state":"MS","cwa":"JAN","name":"Jefferson Davis","fips":"28065"},"geometry":{"type":"Polygon","coordinates":[[[-89.75449,31.60951],[-89.7345,31.60971],[-89.71529,31.58791],[-89.70589,31.58411],[-89.6963,31.57661],[-89.6871,31.57511],[-89.67249,31.56471],[-89.6365,31.55841],[-89.6207,31.54941],[-89.6148,31.54121],[-89.603,31.53821],[-89.60059,31.53541],[-89.60229,31.53171],[-89.5965,31.52341],[-89.5954,31.51321],[-89.59,31.51621],[-89.5881,31.51411],[-89.5867,31.43451],[-89.82449,31.43411],[-89.8233,31.39001],[-89.95889,31.39111],[-89.9591,31.51671],[-89.9604,31.52241],[-89.9761,31.52251],[-89.9743,31.76111],[-89.7556,31.77461],[-89.75449,31.60951]]]}},{"type":"Feature","properties":{"layer":"county","state":"MS","cwa":"JAN","name":"Jefferson","fips":"28063"},"geometry":{"type":"Polygon","coordinates":[[[-91.15759,31.86761],[-91.0127,31.86161],[-90.842,31.82591],[-90.8425,31.82281],[-90.84509,31.82201],[-90.84109,31.81551],[-90.84309,31.81281],[-90.8407,31.80421],[-90.8526,31.78721],[-90.8448,31.78561],[-90.7369,31.78611],[-90.7373,31.61191],[-91.1535,31.61011],[-91.15379,31.63051],[-91.2332,31.62931],[-91.24979,31.64351],[-91.26849,31.64751],[-91.2701,31.65141],[-91.2659,31.65881],[-91.26949,31.66561],[-91.2994,31.67281],[-91.29739,31.67741],[-91.30019,31.68091],[-91.29359,31.68741],[-91.293,31.69241],[-91.29449,31.69731],[-91.2977,31.69911],[-91.29749,31.70751],[-91.3014,31.70831],[-91.3007,31.71161],[-91.30309,31.71351],[-91.3062,31.71121],[-91.3074,31.71361],[-91.3175,31.74921],[-91.2958,31.74541],[-91.2766,31.74511],[-91.2654,31.75231],[-91.26009,31.75871],[-91.2599,31.76231],[-91.2673,31.76961],[-91.28329,31.77221],[-91.3294,31.76081],[-91.3531,31.75801],[-91.3653,31.76071],[-91.3631,31.78461],[-91.3453,31.84311],[-91.3387,31.85101],[-91.3331,31.85341],[-91.29449,31.85981],[-91.2902,31.84961],[-91.2901,31.83361],[-91.2856,31.81991],[-91.2794,31.81271],[-91.2649,31.80911],[-91.257,31.81171],[-91.2509,31.81701],[-91.24699,31.82291],[-91.24519,31.83191],[-91.2673,31.85201],[-91.26839,31.86051],[-91.2644,31.86531],[-91.24879,31.86971],[-91.15759,31.86761]]]}},{"type":"Feature","properties":{"layer":"county","state":"MS","cwa":"MEG","name":"Itawamba","fips":"28057"},"geometry":{"type":"Polygon","coordinates":[[[-88.53049,34.46531],[-88.1562,34.46371],[-88.2038,34.08701],[-88.5442,34.08901],[-88.54459,34.33751],[-88.5422,34.33811],[-88.542,34.46571],[-88.53049,34.46531]]]}},{"type":"Feature","properties":{"layer":"county","state":"MS","cwa":"JAN","name":"Issaquena","fips":"28055"},"geometry":{"type":"Polygon","coordinates":[[[-91.15749,33.01121],[-90.9743,33.01061],[-90.9519,33.00781],[-90.9151,33.00771],[-90.9145,32.94441],[-90.9171,32.94381],[-90.91959,32.93731],[-90.92509,32.91161],[-90.9302,32.90611],[-90.93999,32.88581],[-90.93629,32.87891],[-90.9415,32.86911],[-90.9399,32.86261],[-90.94489,32.85701],[-90.9574,32.85151],[-90.95779,32.84801],[-90.9553,32.84561],[-90.9629,32.83871],[-90.9649,32.66281],[-90.7243,32.66181],[-90.7233,32.65381],[-90.7165,32.64431],[-90.7128,32.64231],[-90.6983,32.64201],[-90.6923,32.63901],[-90.6923,32.63271],[-90.6981,32.62471],[-90.71999,32.62431],[-90.7211,32.62211],[-90.7165,32.61281],[-90.7234,32.59131],[-90.7315,32.58711],[-90.72569,32.57681],[-90.72659,32.56891],[-90.7291,32.56601],[-90.7327,32.56611],[-90.7402,32.57201],[-90.7537,32.57141],[-90.7616,32.57731],[-90.7686,32.57471],[-90.8606,32.57521],[-90.86179,32.44241],[-90.87189,32.45121],[-90.8772,32.44231],[-90.8821,32.44091],[-90.8957,32.44871],[-90.9173,32.44411],[-90.9258,32.45021],[-90.9399,32.45201],[-90.9474,32.44831],[-90.9529,32.44121],[-90.96259,32.41371],[-90.96429,32.57561],[-91.0402,32.57651],[-91.0112,32.60091],[-91.0032,32.61351],[-91.0049,32.62781],[-91.0191,32.64381],[-91.0267,32.64591],[-91.0378,32.63711],[-91.0509,32.60701],[-91.0795,32.60071],[-91.1078,32.59011],[-91.1148,32.59061],[-91.1205,32.58481],[-91.12579,32.58551],[-91.1358,32.59211],[-91.14619,32.60411],[-91.15369,32.62721],[-91.1525,32.64081],[-91.1373,32.65121],[-91.11829,32.67411],[-91.09879,32.68531],[-91.0761,32.69371],[-91.0639,32.70291],[-91.05759,32.71191],[-91.0545,32.72211],[-91.057,32.72561],[-91.0662,32.72921],[-91.1241,32.74301],[-91.1545,32.74231],[-91.1634,32.74701],[-91.16479,32.75021],[-91.1647,32.76261],[-91.1563,32.78001],[-91.1644,32.78581],[-91.16119,32.80081],[-91.1614,32.81301],[-91.159,32.82051],[-91.1511,32.82861],[-91.1446,32.84331],[-91.12959,32.85411],[-91.1057,32.85841],[-91.07059,32.88861],[-91.0637,32.90481],[-91.0639,32.92341],[-91.06989,32.93491],[-91.0822,32.94551],[-91.07919,32.95551],[-91.0868,32.97631],[-91.0981,32.98681],[-91.1075,32.98881],[-91.1349,32.98001],[-91.1385,32.97131],[-91.1312,32.96421],[-91.1315,32.96071],[-91.1377,32.95461],[-91.1376,32.95191],[-91.1312,32.92761],[-91.1336,32.91851],[-91.14449,32.90611],[-91.1569,32.90051],[-91.1722,32.89961],[-91.1945,32.90601],[-91.2076,32.91471],[-91.213,32.92321],[-91.2138,32.93131],[-91.2074,32.94431],[-91.1987,32.95101],[-91.202,32.95731],[-91.20119,32.96201],[-91.1729,32.98671],[-91.16669,33.00041],[-91.1665,33.01001],[-91.15749,33.01121]]]}},{"type":"Feature","properties":{"layer":"county","state":"MS","cwa":"JAN","name":"Humphreys","fips":"28053"},"geometry":{"type":"MultiPolygon","coordinates":[[[[-90.69099,33.09741],[-90.7015,33.09651],[-90.69579,33.10021],[-90.69099,33.09741]]],[[[-90.4565,33.32941],[-90.4534,33.32901],[-90.4538,33.26851],[-90.4129,33.23681],[-90.41199,33.24361],[-90.4091,33.24531],[-90.38319,33.24481],[-90.3743,33.24231],[-90.37289,33.23841],[-90.3704,33.23901],[-90.3677,33.24401],[-90.36919,33.24641],[-90.37489,33.24671],[-90.3708,33.25781],[-90.3677,33.26031],[-90.3759,33.28121],[-90.36909,33.28131],[-90.3632,33.27641],[-90.3601,33.28151],[-90.3621,33.28711],[-90.35709,33.29671],[-90.3464,33.30401],[-90.3429,33.30931],[-90.3371,33.30821],[-90.3317,33.30251],[-90.3303,33.13751],[-90.3305,33.13521],[-90.3461,33.13241],[-90.3548,33.11981],[-90.3547,33.11161],[-90.3466,33.10151],[-90.3546,33.09391],[-90.3616,33.09691],[-90.3666,33.10681],[-90.3658,33.12131],[-90.3718,33.12601],[-90.3835,33.12051],[-90.38589,33.11201],[-90.3824,33.10691],[-90.365,33.09451],[-90.36459,33.09061],[-90.36909,33.08531],[-90.3734,33.08411],[-90.3857,33.08791],[-90.3937,33.10191],[-90.3977,33.10491],[-90.4144,33.10161],[-90.41959,33.11571],[-90.4257,33.11461],[-90.4286,33.10871],[-90.422,33.10061],[-90.4238,33.09791],[-90.43159,33.09601],[-90.42979,33.06131],[-90.4276,33.05661],[-90.41599,33.04921],[-90.4035,33.04781],[-90.3905,33.05001],[-90.3847,33.04821],[-90.3798,33.04171],[-90.3819,33.02141],[-90.3668,33.01051],[-90.449,33.00781],[-90.4508,32.92331],[-90.65659,32.92281],[-90.65829,33.09561],[-90.6842,33.09701],[-90.6796,33.10261],[-90.67979,33.11441],[-90.6887,33.11691],[-90.68999,33.12311],[-90.6977,33.12141],[-90.70039,33.12351],[-90.6972,33.13891],[-90.6912,33.14271],[-90.68829,33.14771],[-90.6894,33.15911],[-90.685,33.16661],[-90.68369,33.17521],[-90.6868,33.18681],[-90.6801,33.19381],[-90.6794,33.20031],[-90.6889,33.20881],[-90.6989,33.21061],[-90.7118,33.21721],[-90.72269,33.22901],[-90.7318,33.22931],[-90.73289,33.23511],[-90.7291,33.25081],[-90.7318,33.26371],[-90.7285,33.26691],[-90.72099,33.26541],[-90.71619,33.26991],[-90.5553,33.27091],[-90.5556,33.32921],[-90.4565,33.32941]]]]}},{"type":"Feature","properties":{"layer":"county","state":"MS","cwa":"JAN","name":"Holmes","fips":"28051"},"geometry":{"type":"Polygon","coordinates":[[[-90.2537,33.35581],[-89.7492,33.21371],[-89.753,33.20311],[-89.75909,33.19531],[-89.77029,33.19641],[-89.7783,33.19101],[-89.77579,33.18501],[-89.7785,33.18161],[-89.7746,33.17671],[-89.77969,33.17151],[-89.7832,33.16321],[-89.7942,33.15921],[-89.7933,33.14271],[-89.7981,33.13701],[-89.79469,33.13021],[-89.7975,33.12301],[-89.8159,33.11301],[-89.8204,33.11431],[-89.8258,33.10681],[-89.81989,33.09851],[-89.82719,33.08871],[-89.8278,33.08191],[-89.8248,33.07921],[-89.8257,33.07561],[-89.8223,33.07461],[-89.8227,33.06731],[-89.8242,33.06461],[-89.84119,33.05771],[-89.8368,33.04071],[-89.8567,33.02111],[-89.8591,33.01461],[-89.8623,33.01441],[-89.8625,33.01211],[-89.8676,33.01051],[-89.87019,33.00451],[-89.8808,32.99891],[-89.8782,32.99261],[-89.8838,32.98791],[-89.88779,32.98011],[-89.8843,32.97431],[-89.89339,32.96441],[-89.8927,32.96101],[-89.8891,32.96031],[-89.8988,32.94381],[-89.89729,32.93391],[-89.89989,32.92931],[-89.9135,32.92591],[-89.918,32.92211],[-89.916,32.91701],[-89.9199,32.91031],[-89.93549,32.90591],[-89.9376,32.90361],[-89.93349,32.89861],[-89.9341,32.89631],[-89.9397,32.89651],[-89.94389,32.89241],[-89.9511,32.89041],[-89.9581,32.89091],[-89.96259,32.88261],[-89.9685,32.88051],[-90.33829,33.01011],[-90.337,33.01321],[-90.34219,33.02071],[-90.3465,33.02201],[-90.355,33.01181],[-90.3668,33.01051],[-90.3819,33.02141],[-90.3798,33.04171],[-90.3847,33.04821],[-90.3905,33.05001],[-90.4035,33.04781],[-90.41599,33.04921],[-90.4276,33.05661],[-90.42979,33.06131],[-90.43159,33.09601],[-90.4238,33.09791],[-90.422,33.10061],[-90.4286,33.10871],[-90.4257,33.11461],[-90.41959,33.11571],[-90.4163,33.10411],[-90.4124,33.10081],[-90.40479,33.10491],[-90.3977,33.10491],[-90.3937,33.10191],[-90.3857,33.08791],[-90.3734,33.08411],[-90.3666,33.08691],[-90.365,33.09451],[-90.3824,33.10691],[-90.38589,33.11201],[-90.3835,33.12051],[-90.37569,33.12561],[-90.367,33.12381],[-90.3661,33.10391],[-90.35809,33.09381],[-90.3546,33.09391],[-90.3466,33.10151],[-90.3547,33.11161],[-90.35529,33.11731],[-90.35249,33.12391],[-90.34409,33.13381],[-90.3305,33.13521],[-90.3317,33.30251],[-90.3268,33.31101],[-90.31499,33.31051],[-90.31709,33.31721],[-90.3103,33.32011],[-90.3036,33.31611],[-90.30579,33.31201],[-90.3042,33.30971],[-90.2968,33.31431],[-90.2892,33.31181],[-90.2865,33.31341],[-90.2916,33.31901],[-90.29189,33.32321],[-90.2819,33.33391],[-90.27959,33.34031],[-90.2886,33.35771],[-90.2977,33.36231],[-90.31889,33.36371],[-90.32259,33.36901],[-90.3215,33.37481],[-90.2537,33.35581]]]}},{"type":"Feature","properties":{"layer":"county","state":"MS","cwa":"JAN","name":"Hinds","fips":"28049"},"geometry":{"type":"MultiPolygon","coordinates":[[[[-90.4511,32.56331],[-90.4499,32.48841],[-90.2436,32.48751],[-90.2429,32.40011],[-90.0676,32.39901],[-90.06599,32.39441],[-90.0724,32.38881],[-90.0787,32.38821],[-90.0807,32.39061],[-90.0882,32.38501],[-90.0944,32.38971],[-90.0957,32.38171],[-90.10069,32.38231],[-90.097,32.37591],[-90.09789,32.37371],[-90.1012,32.37501],[-90.10249,32.37221],[-90.1027,32.36931],[-90.09969,32.36681],[-90.10439,32.36611],[-90.1029,32.36291],[-90.10619,32.35551],[-90.1087,32.35411],[-90.10789,32.36161],[-90.1115,32.36261],[-90.11369,32.36001],[-90.1114,32.35861],[-90.1101,32.34441],[-90.11539,32.34521],[-90.1187,32.33951],[-90.1381,32.32611],[-90.1393,32.32271],[-90.1424,32.32121],[-90.146,32.32531],[-90.1523,32.32261],[-90.1543,32.31521],[-90.15089,32.31261],[-90.1625,32.30571],[-90.1591,32.30091],[-90.1569,32.30111],[-90.1517,32.29091],[-90.1571,32.29381],[-90.15929,32.29171],[-90.1568,32.28861],[-90.1664,32.28431],[-90.168,32.28741],[-90.17329,32.28671],[-90.1718,32.28941],[-90.1738,32.29051],[-90.17809,32.29001],[-90.1796,32.27631],[-90.1857,32.27361],[-90.1871,32.26661],[-90.184,32.26591],[-90.18369,32.26221],[-90.19389,32.26171],[-90.1941,32.25941],[-90.202,32.25571],[-90.2054,32.25091],[-90.20509,32.24671],[-90.1997,32.24421],[-90.1993,32.24091],[-90.20419,32.23961],[-90.2027,32.23671],[-90.2044,32.23461],[-90.2085,32.23561],[-90.1981,32.22651],[-90.19199,32.22721],[-90.1856,32.21891],[-90.1909,32.20981],[-90.18909,32.20791],[-90.1904,32.20461],[-90.182,32.20171],[-90.1886,32.19461],[-90.1933,32.19861],[-90.1959,32.19631],[-90.1959,32.18541],[-90.198,32.18761],[-90.2024,32.18661],[-90.20419,32.19061],[-90.20869,32.18791],[-90.2121,32.18051],[-90.225,32.17821],[-90.23299,32.17341],[-90.23969,32.17841],[-90.2446,32.17381],[-90.2417,32.15581],[-90.2543,32.15151],[-90.2486,32.14931],[-90.2444,32.15101],[-90.2428,32.14891],[-90.2473,32.13681],[-90.2418,32.12731],[-90.2412,32.12131],[-90.2477,32.11771],[-90.24319,32.11411],[-90.2509,32.11311],[-90.2472,32.10551],[-90.2375,32.10101],[-90.2373,32.09851],[-90.2421,32.09751],[-90.24229,32.10011],[-90.2448,32.10051],[-90.2472,32.09861],[-90.2466,32.09321],[-90.2402,32.09211],[-90.2287,32.09531],[-90.2272,32.09371],[-90.2354,32.09041],[-90.22739,32.07921],[-90.22919,32.06851],[-90.23489,32.06861],[-90.2361,32.06441],[-90.2304,32.05871],[-90.2305,32.05001],[-90.6386,32.05011],[-90.7183,32.04831],[-90.7289,32.22491],[-90.72569,32.22991],[-90.7267,32.24141],[-90.71889,32.24641],[-90.7138,32.25311],[-90.7159,32.25541],[-90.7193,32.25331],[-90.71889,32.25751],[-90.7271,32.25941],[-90.71349,32.26531],[-90.7203,32.26911],[-90.7173,32.27081],[-90.7192,32.27711],[-90.7155,32.27641],[-90.7062,32.28651],[-90.7028,32.28731],[-90.7063,32.29181],[-90.70309,32.29131],[-90.70319,32.29401],[-90.6962,32.29821],[-90.6983,32.30291],[-90.6964,32.30531],[-90.7002,32.30851],[-90.6993,32.31161],[-90.70419,32.31111],[-90.7064,32.31721],[-90.7036,32.31701],[-90.7044,32.32391],[-90.6997,32.33371],[-90.6998,32.33691],[-90.7027,32.33511],[-90.7072,32.33911],[-90.7048,32.34691],[-90.6962,32.34881],[-90.6926,32.35421],[-90.6887,32.35161],[-90.6795,32.35231],[-90.6283,32.33961],[-90.6319,32.36131],[-90.6356,32.36871],[-90.63509,32.37581],[-90.627,32.37851],[-90.6236,32.38261],[-90.6225,32.38431],[-90.62569,32.38781],[-90.61829,32.39371],[-90.62099,32.39491],[-90.6159,32.39801],[-90.6167,32.40171],[-90.61269,32.41321],[-90.60619,32.41711],[-90.59969,32.42571],[-90.5994,32.43601],[-90.59499,32.44101],[-90.5924,32.43981],[-90.5863,32.44531],[-90.59789,32.45111],[-90.59859,32.45771],[-90.6013,32.45881],[-90.59959,32.46991],[-90.6038,32.47851],[-90.603,32.48181],[-90.5896,32.48871],[-90.58929,32.49471],[-90.5869,32.49651],[-90.5845,32.49411],[-90.5817,32.49531],[-90.5799,32.50241],[-90.57059,32.49961],[-90.57079,32.50541],[-90.5655,32.50551],[-90.5659,32.50351],[-90.55569,32.50501],[-90.5489,32.51011],[-90.5402,32.50601],[-90.5406,32.50841],[-90.5373,32.50761],[-90.53159,32.51101],[-90.52219,32.50451],[-90.5211,32.51001],[-90.52499,32.51611],[-90.52029,32.51701],[-90.5224,32.52021],[-90.5144,32.52541],[-90.5099,32.52271],[-90.4978,32.52491],[-90.4984,32.52751],[-90.4918,32.53121],[-90.4844,32.54281],[-90.47169,32.54391],[-90.472,32.54801],[-90.4649,32.54801],[-90.4623,32.55861],[-90.4583,32.55971],[-90.4586,32.55741],[-90.4558,32.55701],[-90.4511,32.56331]]],[[[-90.4511,32.56331],[-90.4543,32.56631],[-90.45,32.57431],[-90.4511,32.56331]]]]}},{"type":"Feature","properties":{"layer":"county","state":"MS","cwa":"JAN","name":"Grenada","fips":"28043"},"geometry":{"type":"Polygon","coordinates":[[[-89.822,33.89751],[-89.76929,33.89711],[-89.7692,33.86731],[-89.50739,33.86751],[-89.5069,33.67811],[-90.11539,33.67711],[-90.1251,33.67701],[-90.126,33.67511],[-90.13699,33.67691],[-90.1365,33.80931],[-89.9789,33.80971],[-89.97729,33.82401],[-89.9269,33.82381],[-89.92529,33.89791],[-89.822,33.89751]]]}},{"type":"Feature","properties":{"layer":"county","state":"MS","cwa":"MOB","name":"Greene","fips":"28041"},"geometry":{"type":"Polygon","coordinates":[[[-88.51279,31.43601],[-88.4502,31.43581],[-88.4493,31.43321],[-88.4256,30.99831],[-88.80869,30.99741],[-88.8405,30.99911],[-88.8417,31.43371],[-88.51279,31.43601]]]}},{"type":"Feature","properties":{"layer":"county","state":"MS","cwa":"MOB","name":"George","fips":"28039"},"geometry":{"type":"Polygon","coordinates":[[[-88.5005,30.99781],[-88.4256,30.99831],[-88.4129,30.73572],[-88.88451,30.73572],[-88.885,30.91081],[-88.8345,30.91151],[-88.8343,30.99791],[-88.5005,30.99781]]]}},{"type":"Feature","properties":{"layer":"county","state":"MS","cwa":"JAN","name":"Franklin","fips":"28037"},"geometry":{"type":"Polygon","coordinates":[[[-90.73489,31.61111],[-90.63319,31.61141],[-90.633,31.34931],[-90.9833,31.34851],[-90.98579,31.34701],[-90.98859,31.33651],[-91.00269,31.33751],[-91.0069,31.34611],[-91.0159,31.34761],[-91.0197,31.34641],[-91.0272,31.33621],[-91.04279,31.33581],[-91.0518,31.33021],[-91.0564,31.33021],[-91.0638,31.33821],[-91.0668,31.33831],[-91.0705,31.32841],[-91.0872,31.32601],[-91.09499,31.32091],[-91.1027,31.32651],[-91.11359,31.32001],[-91.118,31.32031],[-91.12209,31.32661],[-91.1353,31.33251],[-91.1431,31.33981],[-91.1418,31.34311],[-91.1458,31.34351],[-91.14539,31.34681],[-91.1523,31.34651],[-91.15459,31.34371],[-91.15839,31.34721],[-91.1535,31.61011],[-90.73489,31.61111]]]}},{"type":"Feature","properties":{"layer":"county","state":"MS","cwa":"MEG","name":"DeSoto","fips":"28033"},"geometry":{"type":"Polygon","coordinates":[[[-90.2754,34.99541],[-89.7242,34.99531],[-89.7235,34.77261],[-89.8969,34.77281],[-89.91129,34.77081],[-89.9162,34.76681],[-89.91309,34.76501],[-89.91589,34.76351],[-89.9156,34.75851],[-89.919,34.75931],[-89.9246,34.75201],[-89.9433,34.74521],[-89.94759,34.73991],[-89.9547,34.73801],[-89.9544,34.72711],[-89.96359,34.72391],[-89.9814,34.72501],[-89.986,34.72001],[-89.99,34.72061],[-89.9946,34.71711],[-89.99989,34.71891],[-90.0003,34.71641],[-90.0234,34.71281],[-90.0246,34.71021],[-90.03149,34.70831],[-90.0377,34.70901],[-90.0392,34.71301],[-90.0477,34.71191],[-90.04829,34.71441],[-90.0504,34.71281],[-90.0592,34.72001],[-90.061,34.72741],[-90.0644,34.72811],[-90.0749,34.72241],[-90.07449,34.72491],[-90.07819,34.72541],[-90.0878,34.73431],[-90.1008,34.73171],[-90.1059,34.73421],[-90.10979,34.73791],[-90.1076,34.74131],[-90.11369,34.74541],[-90.11739,34.75321],[-90.12859,34.75991],[-90.1395,34.76211],[-90.1437,34.75691],[-90.1541,34.75921],[-90.15379,34.75711],[-90.15739,34.75511],[-90.1617,34.75941],[-90.16969,34.75621],[-90.1712,34.75831],[-90.1763,34.74431],[-90.1812,34.74331],[-90.1868,34.73611],[-90.1842,34.73391],[-90.1981,34.72441],[-90.1969,34.72141],[-90.20039,34.72351],[-90.20119,34.73601],[-90.20219,34.86041],[-90.30399,34.86031],[-90.3135,34.87171],[-90.30659,34.87751],[-90.2794,34.89011],[-90.2501,34.90731],[-90.2465,34.91421],[-90.2445,34.93761],[-90.2502,34.95141],[-90.2959,34.97601],[-90.3044,34.98491],[-90.3093,34.99571],[-90.2754,34.99541]]]}},{"type":"Feature","properties":{"layer":"county","state":"MS","cwa":"JAN","name":"Covington","fips":"28031"},"geometry":{"type":"Polygon","coordinates":[[[-89.4006,31.73661],[-89.39919,31.43401],[-89.5867,31.43451],[-89.5881,31.51411],[-89.59,31.51621],[-89.5954,31.51321],[-89.5965,31.52341],[-89.60229,31.53171],[-89.60059,31.53541],[-89.603,31.53821],[-89.6148,31.54121],[-89.6207,31.54941],[-89.6365,31.55841],[-89.67249,31.56471],[-89.6871,31.57511],[-89.6963,31.57661],[-89.70589,31.58411],[-89.71529,31.58791],[-89.7345,31.60971],[-89.75449,31.60951],[-89.7556,31.77461],[-89.4012,31.79691],[-89.4006,31.73661]]]}},{"type":"Feature","properties":{"layer":"county","state":"MS","cwa":"JAN","name":"Copiah","fips":"28029"},"geometry":{"type":"Polygon","coordinates":[[[-90.48589,32.04981],[-90.2305,32.05001],[-90.2304,32.04621],[-90.23499,32.04001],[-90.2427,32.03691],[-90.2474,32.03151],[-90.24319,32.02281],[-90.2351,32.02501],[-90.2334,32.02371],[-90.2394,32.02001],[-90.2338,32.01741],[-90.2281,32.02111],[-90.2195,32.01951],[-90.2139,32.02441],[-90.2243,32.01061],[-90.2324,32.00891],[-90.2231,31.99501],[-90.2222,31.98871],[-90.2062,31.98771],[-90.2065,31.97491],[-90.1978,31.96591],[-90.198,31.95721],[-90.19099,31.95591],[-90.1877,31.95241],[-90.1888,31.94931],[-90.1914,31.95271],[-90.1941,31.94941],[-90.1933,31.94521],[-90.1977,31.94181],[-90.1945,31.93961],[-90.18729,31.94121],[-90.1834,31.93801],[-90.17979,31.94191],[-90.1716,31.93491],[-90.1665,31.92611],[-90.16969,31.91801],[-90.1701,31.90471],[-90.14809,31.89401],[-90.1422,31.88801],[-90.1372,31.86491],[-90.13229,31.85791],[-90.1399,31.84791],[-90.1589,31.84511],[-90.1459,31.83101],[-90.1371,31.83261],[-90.1274,31.82541],[-90.1289,31.82291],[-90.1354,31.82701],[-90.1376,31.82421],[-90.13599,31.82021],[-90.1492,31.80701],[-90.15079,31.80041],[-90.1399,31.78911],[-90.1131,31.79141],[-90.1111,31.78931],[-90.10809,31.77971],[-90.1133,31.76901],[-90.1198,31.76861],[-90.1218,31.77451],[-90.1291,31.76771],[-90.1217,31.75541],[-90.1227,31.75261],[-90.13129,31.75601],[-90.1432,31.74781],[-90.1637,31.74411],[-90.18369,31.73161],[-90.2035,31.72581],[-90.23009,31.72351],[-90.2388,31.72051],[-90.25269,31.71241],[-90.26009,31.70411],[-90.2724,31.70421],[-90.28329,31.69981],[-90.3799,31.69971],[-90.37939,31.68521],[-90.4136,31.68531],[-90.4142,31.70051],[-90.73679,31.69851],[-90.73569,31.81551],[-90.73299,31.83001],[-90.7168,31.84511],[-90.71439,31.97761],[-90.7183,32.04831],[-90.48589,32.04981]]]}},{"type":"Feature","properties":{"layer":"county","state":"LA","cwa":"LCH","name":"St. Mary","fips":"22101"},"geometry":{"type":"MultiPolygon","coordinates":[[[[-91.3863,29.78431],[-91.3518,29.76631],[-91.2986,29.76501],[-91.2437,29.75221],[-91.2248,29.74971],[-91.21529,29.75121],[-91.1953,29.74041],[-91.1791,29.72811],[-91.1597,29.72381],[-91.13409,29.72411],[-91.1123,29.70291],[-91.1001,29.69981],[-91.0957,29.69491],[-91.1,29.68621],[-91.101,29.65671],[-91.1066,29.64471],[-91.1017,29.64061],[-91.0907,29.63741],[-91.0852,29.63251],[-91.0832,29.62711],[-91.08972,29.62207],[-91.0954,29.62372],[-91.10278,29.61871],[-91.11719,29.61749],[-91.12079,29.60828],[-91.13879,29.6095],[-91.1394,29.60291],[-91.15143,29.6037],[-91.16138,29.59308],[-91.1673,29.59369],[-91.17291,29.59747],[-91.17419,29.60748],[-91.177,29.60968],[-91.20081,29.59869],[-91.22412,29.57788],[-91.22571,29.57147],[-91.2229,29.56311],[-91.23499,29.55109],[-91.25722,29.54493],[-91.26024,29.54918],[-91.26695,29.54915],[-91.26884,29.55289],[-91.27374,29.55296],[-91.28624,29.54483],[-91.28844,29.5407],[-91.28619,29.53158],[-91.27195,29.51057],[-91.29644,29.50301],[-91.30428,29.49702],[-91.31145,29.49814],[-91.31363,29.48945],[-91.31744,29.48642],[-91.33488,29.48496],[-91.31997,29.48925],[-91.33938,29.49023],[-91.3519,29.4963],[-91.34758,29.49933],[-91.33707,29.49842],[-91.33359,29.50022],[-91.34501,29.49947],[-91.34588,29.50454],[-91.35547,29.5148],[-91.3631,29.51267],[-91.38206,29.51427],[-91.40221,29.51191],[-91.42045,29.51575],[-91.42807,29.52182],[-91.42839,29.5256],[-91.42542,29.52927],[-91.41405,29.53268],[-91.41251,29.53004],[-91.40794,29.53071],[-91.40367,29.53513],[-91.39872,29.53607],[-91.3972,29.53937],[-91.39864,29.54661],[-91.40964,29.55564],[-91.42115,29.55895],[-91.42217,29.56234],[-91.42004,29.57309],[-91.41559,29.57764],[-91.41435,29.58333],[-91.41181,29.58287],[-91.41372,29.58555],[-91.40415,29.59011],[-91.4107,29.59408],[-91.40561,29.6015],[-91.39538,29.63331],[-91.39937,29.62829],[-91.39356,29.64399],[-91.39592,29.64431],[-91.40097,29.63109],[-91.4035,29.63212],[-91.41051,29.62905],[-91.41872,29.62254],[-91.42678,29.60732],[-91.42746,29.59147],[-91.42471,29.58017],[-91.43326,29.57442],[-91.43567,29.56903],[-91.425,29.55826],[-91.42728,29.54932],[-91.43219,29.54279],[-91.43845,29.54091],[-91.4431,29.54259],[-91.43444,29.5445],[-91.46875,29.5443],[-91.55106,29.51909],[-91.52833,29.54157],[-91.52539,29.55113],[-91.5273,29.55628],[-91.53744,29.56589],[-91.53721,29.5825],[-91.54669,29.60617],[-91.55375,29.63302],[-91.56004,29.6371],[-91.56985,29.63863],[-91.58095,29.63678],[-91.58633,29.64183],[-91.58428,29.63618],[-91.62282,29.62643],[-91.65162,29.63413],[-91.6629,29.63249],[-91.63729,29.64252],[-91.63747,29.64894],[-91.63485,29.65244],[-91.62309,29.6532],[-91.627,29.65494],[-91.62619,29.65666],[-91.62999,29.66014],[-91.62729,29.66213],[-91.62511,29.67168],[-91.62709,29.68237],[-91.62377,29.687],[-91.62558,29.68963],[-91.62383,29.69924],[-91.61848,29.71082],[-91.61809,29.72069],[-91.62151,29.73543],[-91.61601,29.73982],[-91.61403,29.75173],[-91.59812,29.75097],[-91.58669,29.74477],[-91.57745,29.74376],[-91.56752,29.73413],[-91.56274,29.73292],[-91.54103,29.71076],[-91.4474,29.67003],[-91.43751,29.66174],[-91.40555,29.65123],[-91.39965,29.64482],[-91.39702,29.6455],[-91.40107,29.64657],[-91.40298,29.65027],[-91.39567,29.6474],[-91.3947,29.65048],[-91.4008,29.65124],[-91.39277,29.65265],[-91.40408,29.65188],[-91.43616,29.66238],[-91.44178,29.66845],[-91.45782,29.67652],[-91.54051,29.71172],[-91.56193,29.73379],[-91.5682,29.73661],[-91.57107,29.74349],[-91.58793,29.74724],[-91.59715,29.75178],[-91.59972,29.75492],[-91.59694,29.7554],[-91.59418,29.75143],[-91.58236,29.74669],[-91.57484,29.74834],[-91.59685,29.76317],[-91.6008,29.75652],[-91.60432,29.76078],[-91.6967,29.76152],[-91.71903,29.76793],[-91.73503,29.76452],[-91.75896,29.76431],[-91.75759,29.77583],[-91.76213,29.7747],[-91.76009,29.77308],[-91.75999,29.76432],[-91.76841,29.76445],[-91.80042,29.78011],[-91.7119,29.84561],[-91.62479,29.94501],[-91.47169,29.95601],[-91.4703,29.94671],[-91.41319,29.90461],[-91.4014,29.87441],[-91.3736,29.83441],[-91.3863,29.78431]]],[[[-91.76925,29.76373],[-91.73508,29.76364],[-91.71982,29.76709],[-91.69618,29.76051],[-91.63892,29.75965],[-91.63335,29.74981],[-91.62799,29.74974],[-91.62304,29.74636],[-91.63299,29.74253],[-91.67073,29.74564],[-91.70329,29.7409],[-91.71382,29.73714],[-91.73725,29.74937],[-91.77498,29.74289],[-91.78131,29.74536],[-91.77832,29.74211],[-91.82498,29.72036],[-91.83341,29.71848],[-91.84596,29.70876],[-91.85864,29.70312],[-91.86163,29.70974],[-91.85998,29.71236],[-91.85725,29.71117],[-91.85557,29.71504],[-91.85303,29.71495],[-91.85156,29.71351],[-91.85355,29.70975],[-91.85058,29.70849],[-91.84074,29.71339],[-91.83927,29.71644],[-91.85612,29.71561],[-91.85746,29.71167],[-91.86022,29.71394],[-91.86565,29.70973],[-91.87046,29.7119],[-91.88075,29.71084],[-91.87772,29.71661],[-91.8665,29.72187],[-91.85684,29.73092],[-91.85642,29.73809],[-91.854,29.74091],[-91.80105,29.77965],[-91.76925,29.76373]]],[[[-91.63739,29.75977],[-91.61987,29.75917],[-91.61866,29.75466],[-91.6242,29.74739],[-91.62957,29.75122],[-91.63022,29.75741],[-91.63739,29.75977]]],[[[-91.60117,29.75485],[-91.59896,29.75205],[-91.60886,29.75292],[-91.61648,29.75901],[-91.60793,29.75915],[-91.60117,29.75485]]],[[[-91.57165,29.7411],[-91.57206,29.74094],[-91.57388,29.74252],[-91.57398,29.74277],[-91.57243,29.74291],[-91.57146,29.74248],[-91.5713,29.74179],[-91.57165,29.7411]]],[[[-91.62842,29.65338],[-91.62976,29.65205],[-91.6339,29.6545],[-91.62878,29.65753],[-91.62692,29.65388],[-91.62842,29.65338]]],[[[-91.4238,29.56385],[-91.43066,29.56882],[-91.42217,29.57249],[-91.4238,29.56385]]],[[[-91.53761,29.56694],[-91.53781,29.56676],[-91.53867,29.56701],[-91.53915,29.56784],[-91.53915,29.56825],[-91.53902,29.56834],[-91.53844,29.56818],[-91.53766,29.56729],[-91.53761,29.56694]]],[[[-91.41074,29.55349],[-91.42398,29.55455],[-91.42311,29.55775],[-91.41074,29.55349]]],[[[-91.4027,29.54689],[-91.39858,29.54503],[-91.39968,29.5364],[-91.41203,29.53101],[-91.41151,29.53898],[-91.41517,29.54405],[-91.4092,29.54551],[-91.40715,29.55065],[-91.4027,29.54689]]],[[[-91.45481,29.54087],[-91.45515,29.54067],[-91.45575,29.54074],[-91.45723,29.54058],[-91.45806,29.5415],[-91.4579,29.54173],[-91.4559,29.54211],[-91.45543,29.54148],[-91.45461,29.54128],[-91.4545,29.54112],[-91.45481,29.54087]]],[[[-91.44462,29.54122],[-91.44457,29.53882],[-91.45271,29.54074],[-91.44462,29.54122]]],[[[-91.45013,29.5364],[-91.45027,29.53617],[-91.45071,29.53602],[-91.45222,29.53629],[-91.45309,29.53602],[-91.45386,29.53604],[-91.45473,29.53646],[-91.45436,29.53667],[-91.45197,29.53689],[-91.45171,29.53701],[-91.45179,29.53741],[-91.45163,29.53758],[-91.45095,29.53752],[-91.45053,29.53722],[-91.45013,29.5364]]],[[[-91.42264,29.53444],[-91.42299,29.53438],[-91.42346,29.53461],[-91.42343,29.53495],[-91.42314,29.5352],[-91.42252,29.53527],[-91.42105,29.53479],[-91.42097,29.53461],[-91.42264,29.53444]]],[[[-91.27753,29.49809],[-91.28031,29.49282],[-91.27921,29.48406],[-91.28532,29.47925],[-91.28943,29.47992],[-91.29542,29.47699],[-91.31449,29.48205],[-91.30993,29.49587],[-91.30506,29.49505],[-91.29678,29.5014],[-91.27399,29.50846],[-91.27287,29.50188],[-91.27753,29.49809]]],[[[-91.29129,29.46408],[-91.292,29.46392],[-91.29228,29.46408],[-91.29231,29.46454],[-91.29163,29.46488],[-91.29116,29.46468],[-91.29129,29.46408]]],[[[-91.29286,29.46179],[-91.29339,29.46166],[-91.29443,29.46177],[-91.29472,29.46205],[-91.29472,29.46262],[-91.29401,29.46319],[-91.29344,29.46308],[-91.29289,29.46246],[-91.29286,29.46179]]],[[[-91.29996,29.45393],[-91.30352,29.46021],[-91.2965,29.46218],[-91.29459,29.45918],[-91.29996,29.45393]]],[[[-91.32714,29.45045],[-91.32813,29.44995],[-91.32784,29.4507],[-91.32669,29.45164],[-91.32583,29.4518],[-91.32471,29.45162],[-91.32714,29.45045]]],[[[-91.34036,29.44717],[-91.34094,29.44699],[-91.34133,29.4474],[-91.34167,29.44827],[-91.34157,29.44864],[-91.34071,29.44846],[-91.34015,29.44811],[-91.34013,29.44738],[-91.34036,29.44717]]],[[[-91.3345,29.44573],[-91.33444,29.4455],[-91.33515,29.44555],[-91.33751,29.44699],[-91.3376,29.44732],[-91.33735,29.44745],[-91.33502,29.44623],[-91.3345,29.44573]]],[[[-91.33981,29.44584],[-91.34023,29.44577],[-91.34033,29.44593],[-91.34033,29.44639],[-91.33997,29.4469],[-91.33924,29.44708],[-91.33882,29.44694],[-91.33853,29.44664],[-91.33871,29.44641],[-91.33937,29.4463],[-91.33981,29.44584]]],[[[-91.33536,29.44504],[-91.33539,29.44479],[-91.33562,29.44479],[-91.33625,29.44511],[-91.33759,29.44607],[-91.33759,29.44628],[-91.3368,29.44607],[-91.33536,29.44504]]],[[[-91.34109,29.44527],[-91.3418,29.44525],[-91.34209,29.44543],[-91.34198,29.44582],[-91.34146,29.44603],[-91.34112,29.44577],[-91.34099,29.44548],[-91.34109,29.44527]]],[[[-91.33007,29.44115],[-91.3325,29.44231],[-91.33128,29.44374],[-91.33007,29.44115]]],[[[-91.33383,29.43268],[-91.33417,29.43262],[-91.33227,29.43484],[-91.3323,29.43377],[-91.33261,29.43319],[-91.33329,29.43278],[-91.33383,29.43268]]],[[[-91.27609,29.42929],[-91.27829,29.43456],[-91.27588,29.43284],[-91.27609,29.42929]]],[[[-91.26886,29.43252],[-91.2709,29.43367],[-91.26842,29.43438],[-91.26886,29.43252]]],[[[-91.31983,29.43372],[-91.32036,29.43365],[-91.32072,29.43393],[-91.32072,29.4342],[-91.32019,29.43445],[-91.31992,29.43439],[-91.31973,29.43418],[-91.31983,29.43372]]],[[[-91.27164,29.43174],[-91.2719,29.43151],[-91.27253,29.43179],[-91.27318,29.43257],[-91.27499,29.43284],[-91.27533,29.43339],[-91.27509,29.43397],[-91.27465,29.4341],[-91.27389,29.43385],[-91.2718,29.43287],[-91.27159,29.43259],[-91.27164,29.43174]]],[[[-91.22899,29.43136],[-91.22923,29.43124],[-91.22944,29.43138],[-91.22941,29.43158],[-91.22902,29.43202],[-91.22858,29.4322],[-91.22844,29.43211],[-91.22852,29.43191],[-91.22899,29.43136]]],[[[-91.22831,29.43078],[-91.22855,29.43076],[-91.22862,29.43115],[-91.22815,29.4317],[-91.22771,29.43179],[-91.22758,29.4317],[-91.22766,29.43138],[-91.22831,29.43078]]],[[[-91.26988,29.42991],[-91.27007,29.42989],[-91.27116,29.43071],[-91.27129,29.43117],[-91.27081,29.43126],[-91.2698,29.43078],[-91.26965,29.4306],[-91.26968,29.43005],[-91.26988,29.42991]]],[[[-91.32594,29.43012],[-91.32628,29.42993],[-91.32693,29.42998],[-91.327,29.43037],[-91.32635,29.43058],[-91.32598,29.43044],[-91.32594,29.43012]]],[[[-91.32895,29.42894],[-91.32923,29.42886],[-91.32952,29.42907],[-91.32949,29.4293],[-91.3291,29.42971],[-91.32847,29.42976],[-91.32845,29.42925],[-91.32895,29.42894]]],[[[-91.3323,29.42428],[-91.33318,29.42371],[-91.33334,29.4238],[-91.33305,29.42442],[-91.33255,29.4249],[-91.33169,29.42535],[-91.3303,29.42655],[-91.32996,29.42725],[-91.33028,29.42774],[-91.33028,29.42801],[-91.32962,29.42799],[-91.32936,29.42776],[-91.32942,29.42707],[-91.33012,29.42584],[-91.33059,29.42538],[-91.3323,29.42428]]],[[[-91.3307,29.42682],[-91.33093,29.42682],[-91.33112,29.4271],[-91.33091,29.4276],[-91.33047,29.42733],[-91.3307,29.42682]]],[[[-91.46703,29.41609],[-91.46751,29.42157],[-91.46523,29.41905],[-91.46703,29.41609]]],[[[-91.49054,29.41758],[-91.492,29.41753],[-91.49266,29.41794],[-91.49308,29.41833],[-91.49332,29.41881],[-91.49332,29.41939],[-91.49308,29.41975],[-91.49232,29.41978],[-91.49068,29.41923],[-91.49068,29.41879],[-91.49099,29.41817],[-91.49049,29.41799],[-91.49041,29.41767],[-91.49054,29.41758]]],[[[-91.46316,29.41495],[-91.46363,29.41495],[-91.46381,29.41532],[-91.46397,29.41722],[-91.46384,29.41804],[-91.46355,29.41802],[-91.46332,29.41775],[-91.46298,29.41699],[-91.46285,29.41637],[-91.46295,29.41541],[-91.46316,29.41495]]],[[[-91.48811,29.41018],[-91.48507,29.40878],[-91.48818,29.40823],[-91.49462,29.41331],[-91.49052,29.41542],[-91.48811,29.41018]]],[[[-91.49968,29.40676],[-91.50011,29.40654],[-91.50011,29.40749],[-91.49972,29.40744],[-91.49968,29.40676]]],[[[-91.45811,29.39941],[-91.45198,29.40037],[-91.4546,29.39421],[-91.46004,29.39512],[-91.46229,29.40117],[-91.45811,29.39941]]],[[[-91.47585,29.39776],[-91.47789,29.39494],[-91.47993,29.39718],[-91.47585,29.39776]]],[[[-91.44989,29.39703],[-91.44366,29.39265],[-91.43552,29.39178],[-91.43923,29.39329],[-91.43646,29.39446],[-91.41935,29.39061],[-91.41772,29.3882],[-91.4227,29.38355],[-91.42657,29.38621],[-91.42905,29.38394],[-91.42898,29.38802],[-91.43261,29.38953],[-91.43842,29.38433],[-91.43821,29.38926],[-91.4434,29.3874],[-91.45038,29.3954],[-91.45039,29.39215],[-91.45331,29.39249],[-91.45209,29.39742],[-91.44989,29.39703]]],[[[-91.48263,29.39372],[-91.48517,29.39618],[-91.48294,29.39668],[-91.48263,29.39372]]],[[[-91.43324,29.39611],[-91.43384,29.39602],[-91.43434,29.39634],[-91.43439,29.39659],[-91.43321,29.39668],[-91.43298,29.39648],[-91.43298,29.39618],[-91.43324,29.39611]]],[[[-91.47378,29.39457],[-91.45687,29.3915],[-91.4613,29.39061],[-91.46022,29.38804],[-91.4631,29.38573],[-91.46697,29.39031],[-91.46977,29.38767],[-91.47425,29.38971],[-91.47378,29.39457]]],[[[-91.41396,29.38729],[-91.3992,29.38107],[-91.39208,29.3821],[-91.39263,29.3876],[-91.38269,29.37462],[-91.38719,29.36947],[-91.39098,29.36922],[-91.39203,29.37555],[-91.39446,29.37482],[-91.39507,29.37713],[-91.41129,29.37789],[-91.41236,29.38144],[-91.41879,29.38535],[-91.41707,29.38905],[-91.41396,29.38729]]],[[[-91.45209,29.38855],[-91.4525,29.38843],[-91.45284,29.38857],[-91.45297,29.38907],[-91.45274,29.38926],[-91.45227,29.38924],[-91.45206,29.3891],[-91.45196,29.38873],[-91.45209,29.38855]]],[[[-91.42987,29.37615],[-91.43172,29.37629],[-91.43068,29.37828],[-91.42987,29.37615]]],[[[-91.41885,29.37478],[-91.42152,29.37484],[-91.42037,29.37757],[-91.41885,29.37478]]],[[[-91.42523,29.3737],[-91.42892,29.37395],[-91.42882,29.37568],[-91.4234,29.37668],[-91.42523,29.3737]]],[[[-91.35777,29.37002],[-91.357,29.35854],[-91.36153,29.35407],[-91.36592,29.35405],[-91.37587,29.35975],[-91.37756,29.36465],[-91.37475,29.36326],[-91.37273,29.37077],[-91.36912,29.37236],[-91.36781,29.36977],[-91.36276,29.37302],[-91.35777,29.37002]]],[[[-91.37974,29.36326],[-91.38659,29.36282],[-91.38426,29.37016],[-91.3807,29.36887],[-91.37974,29.36326]]],[[[-91.37746,29.36706],[-91.37767,29.36694],[-91.37822,29.36717],[-91.37835,29.3677],[-91.37811,29.36811],[-91.37767,29.36804],[-91.37749,29.36771],[-91.37746,29.36706]]],[[[-91.35538,29.36324],[-91.35585,29.36317],[-91.35635,29.36333],[-91.3565,29.36374],[-91.35559,29.36395],[-91.35525,29.36365],[-91.35538,29.36324]]],[[[-91.35522,29.36191],[-91.35546,29.36161],[-91.35593,29.36164],[-91.35585,29.36246],[-91.35541,29.36253],[-91.35522,29.36191]]],[[[-91.37019,29.35622],[-91.36383,29.35118],[-91.37193,29.3526],[-91.37196,29.35618],[-91.37762,29.35436],[-91.3778,29.36202],[-91.37637,29.35876],[-91.37019,29.35622]]],[[[-91.38068,29.35899],[-91.38461,29.35849],[-91.38509,29.36043],[-91.37947,29.36204],[-91.38068,29.35899]]],[[[-91.35326,29.35788],[-91.35078,29.35742],[-91.3548,29.34821],[-91.3519,29.35148],[-91.35088,29.35025],[-91.35506,29.34335],[-91.35069,29.34348],[-91.34687,29.33849],[-91.34557,29.33622],[-91.34768,29.33354],[-91.35571,29.33467],[-91.35223,29.33789],[-91.35817,29.3367],[-91.35045,29.34002],[-91.3572,29.34245],[-91.36171,29.3505],[-91.35619,29.36063],[-91.35326,29.35788]]],[[[-91.38652,29.35773],[-91.38814,29.35925],[-91.38651,29.36055],[-91.38652,29.35773]]],[[[-91.35529,29.33867],[-91.36416,29.33805],[-91.35877,29.34499],[-91.35529,29.33867]]],[[[-91.36016,29.33611],[-91.36128,29.33606],[-91.36183,29.33633],[-91.36183,29.33656],[-91.36097,29.33681],[-91.36042,29.33663],[-91.36016,29.33611]]],[[[-91.36431,29.33356],[-91.36214,29.33308],[-91.36413,29.33058],[-91.37352,29.32945],[-91.37229,29.33362],[-91.36868,29.33392],[-91.36771,29.33198],[-91.36431,29.33356]]]]}},{"type":"Feature","properties":{"layer":"county","state":"MS","cwa":"LIX","name":"Hancock","fips":"28045"},"geometry":{"type":"Polygon","coordinates":[[[-89.50128,30.6485],[-89.34131,30.64771],[-89.34131,30.40729],[-89.33948,30.37311],[-89.35388,30.3681],[-89.36658,30.35309],[-89.37628,30.3479],[-89.37708,30.3399],[-89.38422,30.33588],[-89.37311,30.3335],[-89.35468,30.33868],[-89.34509,30.34387],[-89.33771,30.34253],[-89.33331,30.33929],[-89.33038,30.3291],[-89.32233,30.31927],[-89.32269,30.31512],[-89.32861,30.3031],[-89.36572,30.28491],[-89.37921,30.27032],[-89.39539,30.26129],[-89.41821,30.25488],[-89.42462,30.24487],[-89.42468,30.23993],[-89.41962,30.23291],[-89.42078,30.22949],[-89.42853,30.22449],[-89.44751,30.20428],[-89.44672,30.19452],[-89.44342,30.18829],[-89.46448,30.17468],[-89.46881,30.17651],[-89.46271,30.17853],[-89.45978,30.18652],[-89.46588,30.19312],[-89.48041,30.19348],[-89.48828,30.18951],[-89.49219,30.18347],[-89.49902,30.18152],[-89.5213,30.18329],[-89.53119,30.19373],[-89.54089,30.19592],[-89.5694,30.18127],[-89.58081,30.18793],[-89.59558,30.21191],[-89.6156,30.22308],[-89.617,30.22668],[-89.61401,30.2431],[-89.61591,30.24689],[-89.6261,30.25128],[-89.6319,30.25769],[-89.63159,30.26111],[-89.62579,30.26508],[-89.63251,30.26868],[-89.63049,30.27667],[-89.6319,30.28009],[-89.63788,30.28632],[-89.64691,30.2901],[-89.64178,30.29431],[-89.64081,30.30609],[-89.6264,30.31451],[-89.63092,30.3205],[-89.62958,30.32532],[-89.63208,30.32831],[-89.63013,30.33728],[-89.63739,30.34711],[-89.6441,30.34833],[-89.64771,30.35291],[-89.65582,30.35669],[-89.65979,30.36407],[-89.65887,30.3681],[-89.68311,30.40552],[-89.68231,30.41193],[-89.67871,30.41431],[-89.67969,30.42651],[-89.68079,30.43347],[-89.68451,30.43848],[-89.68372,30.45148],[-89.68958,30.45471],[-89.69043,30.45911],[-89.64691,30.45892],[-89.64709,30.50128],[-89.5957,30.5025],[-89.59589,30.51709],[-89.54541,30.51672],[-89.54419,30.64832],[-89.50128,30.6485]]]}},{"type":"Feature","properties":{"layer":"county","state":"MS","cwa":"LIX","name":"Jackson","fips":"28059"},"geometry":{"type":"MultiPolygon","coordinates":[[[[-88.841,30.73608],[-88.82782,30.73431],[-88.4129,30.73572],[-88.39648,30.39752],[-88.39972,30.39124],[-88.39368,30.38672],[-88.3988,30.38849],[-88.39691,30.38208],[-88.40442,30.38708],[-88.409,30.38593],[-88.41241,30.38129],[-88.4107,30.37561],[-88.40363,30.37347],[-88.39679,30.36609],[-88.39819,30.35968],[-88.39398,30.34967],[-88.40192,30.3443],[-88.40381,30.34772],[-88.40192,30.34991],[-88.4101,30.35193],[-88.41211,30.35828],[-88.42682,30.35553],[-88.43188,30.3609],[-88.43451,30.35828],[-88.44491,30.35747],[-88.44897,30.35529],[-88.44641,30.33929],[-88.4516,30.33173],[-88.47192,30.32013],[-88.47992,30.31848],[-88.50482,30.32172],[-88.50641,30.32788],[-88.51099,30.3313],[-88.5072,30.3465],[-88.51093,30.34412],[-88.51459,30.33429],[-88.52252,30.34009],[-88.53619,30.34332],[-88.56183,30.34351],[-88.57819,30.34692],[-88.58582,30.35889],[-88.5827,30.36169],[-88.5824,30.36853],[-88.5943,30.37329],[-88.59723,30.36713],[-88.59418,30.35773],[-88.59851,30.3587],[-88.60132,30.3559],[-88.6026,30.36133],[-88.59949,30.36469],[-88.60211,30.37311],[-88.60828,30.37268],[-88.60559,30.35571],[-88.6109,30.35529],[-88.61151,30.37311],[-88.61731,30.37268],[-88.62982,30.36652],[-88.638,30.3595],[-88.66602,30.36108],[-88.69922,30.34412],[-88.73199,30.3443],[-88.75,30.34991],[-88.77271,30.36609],[-88.80902,30.38507],[-88.79102,30.38428],[-88.78351,30.38251],[-88.78113,30.3797],[-88.77191,30.38232],[-88.77472,30.38452],[-88.78009,30.38312],[-88.7887,30.38672],[-88.79468,30.39252],[-88.81018,30.39471],[-88.8418,30.41071],[-88.84448,30.41852],[-88.85303,30.42328],[-88.8515,30.42633],[-88.84198,30.42352],[-88.83881,30.41913],[-88.83112,30.4209],[-88.83319,30.42328],[-88.83789,30.42371],[-88.8501,30.43213],[-88.86041,30.42987],[-88.86981,30.42468],[-88.87341,30.4259],[-88.87738,30.4231],[-88.88202,30.42511],[-88.88451,30.73572],[-88.841,30.73608]]],[[[-88.82233,30.3653],[-88.81989,30.36212],[-88.85461,30.37811],[-88.85132,30.37891],[-88.83289,30.37268],[-88.82233,30.3653]]],[[[-88.62128,30.35913],[-88.62421,30.35852],[-88.62311,30.36371],[-88.61462,30.36609],[-88.62128,30.35913]]]]}},{"type":"Feature","properties":{"layer":"county","state":"MS","cwa":"LIX","name":"Harrison","fips":"28047"},"geometry":{"type":"MultiPolygon","coordinates":[[[[-88.88898,30.67731],[-88.88452,30.6767],[-88.88205,30.4253],[-88.89172,30.42371],[-88.90521,30.4295],[-88.91931,30.42889],[-88.92139,30.4259],[-88.92493,30.42828],[-88.9248,30.4317],[-88.92822,30.43292],[-88.9361,30.4245],[-88.9502,30.42133],[-88.96039,30.42493],[-88.97699,30.42389],[-88.9884,30.43011],[-88.99182,30.4295],[-88.99292,30.42169],[-88.99609,30.42407],[-89.00769,30.4245],[-89.00623,30.41827],[-88.98853,30.40991],[-88.98071,30.41492],[-88.95928,30.41686],[-88.95538,30.41467],[-88.94379,30.4201],[-88.92981,30.41333],[-88.91211,30.42108],[-88.90582,30.41211],[-88.88263,30.41272],[-88.8739,30.40808],[-88.86836,30.40947],[-88.86078,30.40668],[-88.85755,30.39365],[-88.8631,30.39111],[-88.91669,30.3941],[-88.97119,30.39093],[-89.01489,30.38428],[-89.08289,30.36829],[-89.09473,30.36029],[-89.09385,30.35531],[-89.09729,30.35773],[-89.09851,30.36292],[-89.14221,30.34552],[-89.18311,30.33191],[-89.2204,30.32251],[-89.24982,30.31152],[-89.27948,30.30389],[-89.29163,30.30432],[-89.29352,30.30829],[-89.29028,30.31653],[-89.29138,30.3291],[-89.27417,30.34552],[-89.28631,30.35527],[-89.28082,30.36133],[-89.28461,30.3631],[-89.29012,30.36077],[-89.29431,30.36627],[-89.29797,30.36688],[-89.30548,30.36591],[-89.31152,30.36188],[-89.3078,30.37073],[-89.3125,30.37488],[-89.33948,30.37311],[-89.34131,30.40729],[-89.34131,30.64771],[-89.24127,30.64771],[-89.23999,30.67609],[-89.23328,30.67712],[-88.88898,30.67731]]],[[[-88.90112,30.42273],[-88.9035,30.4201],[-88.90723,30.42249],[-88.90112,30.42273]]]]}},{"type":"Feature","properties":{"layer":"county","state":"MS","cwa":"LIX","name":"Pike","fips":"28113"},"geometry":{"type":"Polygon","coordinates":[[[-90.2604,31.34961],[-90.2596,31.00067],[-90.54779,31.00067],[-90.5485,31.34961],[-90.2604,31.34961]]]}},{"type":"Feature","properties":{"layer":"county","state":"LA","cwa":"SHV","name":"Union","fips":"22111"},"geometry":{"type":"Polygon","coordinates":[[[-92.642,33.01381],[-92.0693,33.00831],[-92.0668,33.00321],[-92.0719,32.99611],[-92.0718,32.98761],[-92.0815,32.98121],[-92.07539,32.97121],[-92.07719,32.96911],[-92.0835,32.96891],[-92.0853,32.96501],[-92.0843,32.95721],[-92.0798,32.95661],[-92.0804,32.95011],[-92.0731,32.92381],[-92.0779,32.92231],[-92.07899,32.91951],[-92.0743,32.91721],[-92.075,32.91471],[-92.0798,32.91491],[-92.078,32.90931],[-92.0813,32.90581],[-92.078,32.90381],[-92.0815,32.90121],[-92.0774,32.89371],[-92.08469,32.87951],[-92.0747,32.86081],[-92.06599,32.84971],[-92.0571,32.84421],[-92.05569,32.83981],[-92.05659,32.83711],[-92.06699,32.83391],[-92.06689,32.83061],[-92.0611,32.82681],[-92.0657,32.82131],[-92.0527,32.79341],[-92.0546,32.77901],[-92.0631,32.75901],[-92.0607,32.74961],[-92.0526,32.74351],[-92.0524,32.73801],[-92.0546,32.73531],[-92.0636,32.73581],[-92.0691,32.73331],[-92.062,32.73181],[-92.0599,32.72791],[-92.08189,32.70421],[-92.0908,32.68721],[-92.1086,32.68271],[-92.1205,32.67361],[-92.12859,32.67601],[-92.1399,32.67481],[-92.1412,32.67071],[-92.13869,32.66051],[-92.2207,32.61041],[-92.22469,32.59061],[-92.2481,32.58881],[-92.2567,32.58361],[-92.2689,32.58361],[-92.27409,32.58111],[-92.295,32.58741],[-92.29929,32.58631],[-92.3013,32.58281],[-92.41489,32.58281],[-92.4151,32.67001],[-92.51839,32.67071],[-92.5197,32.72041],[-92.5468,32.71851],[-92.5543,32.73261],[-92.5644,32.74021],[-92.56789,32.74651],[-92.5842,32.74751],[-92.59499,32.75541],[-92.61349,32.75281],[-92.631,32.76011],[-92.7251,32.75961],[-92.7254,32.80341],[-92.7336,32.80391],[-92.73399,32.81451],[-92.73399,32.81801],[-92.7254,32.81801],[-92.7253,33.01401],[-92.642,33.01381]]]}},{"type":"Feature","properties":{"layer":"county","state":"LA","cwa":"JAN","name":"Tensas","fips":"22107"},"geometry":{"type":"Polygon","coordinates":[[[-91.1316,32.24771],[-91.1215,32.23961],[-91.1234,32.22311],[-91.1217,32.21271],[-91.13609,32.21231],[-91.158,32.20191],[-91.16479,32.19571],[-91.1744,32.15981],[-91.1735,32.14901],[-91.1685,32.13871],[-91.1628,32.13271],[-91.13,32.12611],[-91.1101,32.12571],[-91.1036,32.13011],[-91.0909,32.13371],[-91.0737,32.13281],[-91.0479,32.12231],[-91.03069,32.12061],[-91.03049,32.10821],[-91.03699,32.09921],[-91.08099,32.07761],[-91.0803,32.04841],[-91.1001,32.04871],[-91.10429,32.05071],[-91.1133,32.05731],[-91.1282,32.07601],[-91.1363,32.08081],[-91.14629,32.08091],[-91.1578,32.07351],[-91.1616,32.06691],[-91.1616,32.06091],[-91.15469,32.05131],[-91.14439,32.04641],[-91.0914,32.03591],[-91.08459,32.03171],[-91.08009,32.01961],[-91.0759,32.01681],[-91.0901,32.00011],[-91.10229,31.99121],[-91.118,31.98701],[-91.1656,31.98191],[-91.1843,31.96601],[-91.1885,31.96011],[-91.18919,31.94801],[-91.19299,31.93601],[-91.1838,31.93291],[-91.18459,31.92541],[-91.18079,31.91901],[-91.1934,31.90991],[-91.2029,31.90761],[-91.2346,31.87711],[-91.24879,31.86971],[-91.2644,31.86531],[-91.26839,31.86051],[-91.2673,31.85201],[-91.24519,31.83191],[-91.24699,31.82291],[-91.2538,31.81411],[-91.26089,31.80971],[-91.2683,31.80911],[-91.2832,31.81591],[-91.2893,31.82851],[-91.2893,31.84501],[-91.29449,31.85981],[-91.3331,31.85341],[-91.3434,31.84621],[-91.36089,31.79361],[-91.3653,31.76071],[-91.3531,31.75801],[-91.3294,31.76081],[-91.2792,31.77221],[-91.2622,31.76631],[-91.26009,31.75871],[-91.26299,31.75501],[-91.27209,31.74721],[-91.2792,31.74481],[-91.3203,31.75001],[-91.3632,31.74861],[-91.3685,31.74691],[-91.3799,31.73401],[-91.3784,31.74761],[-91.3946,31.74721],[-91.4003,31.75371],[-91.4189,31.75241],[-91.42419,31.75491],[-91.4369,31.75081],[-91.5451,31.75211],[-91.5683,31.77951],[-91.578,31.79701],[-91.5778,31.80521],[-91.56879,31.82631],[-91.5703,31.86231],[-91.5775,31.86361],[-91.5798,31.86981],[-91.5757,31.87591],[-91.57629,31.88241],[-91.5692,31.89351],[-91.5432,31.91371],[-91.5262,31.91511],[-91.52299,31.91741],[-91.52039,31.92461],[-91.5117,31.92971],[-91.5103,31.93911],[-91.5127,31.95351],[-91.52039,31.95831],[-91.528,31.95961],[-91.5274,31.96281],[-91.5183,31.96901],[-91.5124,31.97651],[-91.5146,31.98511],[-91.50819,31.99151],[-91.49879,31.99091],[-91.4968,31.99301],[-91.49519,32.00371],[-91.50079,32.00531],[-91.4967,32.00851],[-91.49799,32.01111],[-91.5098,32.02081],[-91.5057,32.03081],[-91.5079,32.03511],[-91.50179,32.04781],[-91.5039,32.05331],[-91.501,32.06731],[-91.492,32.07131],[-91.49419,32.07621],[-91.49039,32.07641],[-91.4901,32.08041],[-91.4928,32.08351],[-91.4899,32.09231],[-91.5002,32.09761],[-91.5094,32.09791],[-91.51019,32.10081],[-91.507,32.10481],[-91.5024,32.10541],[-91.502,32.10791],[-91.50549,32.11701],[-91.50639,32.12861],[-91.5037,32.13731],[-91.5057,32.14541],[-91.4975,32.14751],[-91.49229,32.15741],[-91.4927,32.20331],[-91.321,32.20291],[-91.31409,32.21251],[-91.2959,32.21971],[-91.2887,32.21791],[-91.28059,32.22131],[-91.2761,32.22821],[-91.2702,32.23081],[-91.26279,32.22081],[-91.2561,32.21751],[-91.2481,32.21701],[-91.2351,32.21041],[-91.2229,32.22721],[-91.2037,32.23911],[-91.1842,32.24531],[-91.16209,32.24451],[-91.1402,32.24961],[-91.1316,32.24771]]]}},{"type":"Feature","properties":{"layer":"county","state":"LA","cwa":"LCH","name":"St. Landry","fips":"22097"},"geometry":{"type":"Polygon","coordinates":[[[-92.0001,30.84921],[-91.8183,30.84901],[-91.80109,30.83751],[-91.7985,30.82901],[-91.80769,30.81991],[-91.80679,30.81071],[-91.7774,30.79361],[-91.7683,30.78471],[-91.75539,30.75661],[-91.7578,30.74131],[-91.75159,30.73511],[-91.73389,30.70261],[-91.73569,30.67861],[-91.7316,30.67021],[-91.7455,30.66061],[-91.74599,30.65291],[-91.74139,30.63121],[-91.754,30.61741],[-91.751,30.60021],[-91.7571,30.56341],[-91.7417,30.53091],[-91.7335,30.52151],[-91.7314,30.51211],[-91.73589,30.50821],[-91.7474,30.50911],[-91.753,30.50681],[-91.7562,30.49771],[-91.7542,30.48531],[-91.7438,30.47061],[-91.7401,30.45381],[-91.7365,30.45151],[-91.7226,30.45231],[-91.7187,30.44891],[-91.71329,30.43191],[-91.69849,30.41461],[-91.69469,30.40281],[-91.6801,30.39711],[-91.67989,30.39511],[-91.81239,30.39421],[-91.83549,30.40631],[-91.849,30.40671],[-91.8528,30.41151],[-91.8639,30.41331],[-91.8699,30.41711],[-91.9376,30.39501],[-91.9667,30.41011],[-91.97079,30.40981],[-91.9781,30.40741],[-91.97939,30.40481],[-91.98209,30.39401],[-91.9817,30.38311],[-91.98869,30.36921],[-91.9964,30.36961],[-92.0014,30.36511],[-92.015,30.37141],[-92.0237,30.36601],[-92.0266,30.36041],[-92.0347,30.36301],[-92.0407,30.36841],[-92.0407,30.37411],[-92.043,30.37681],[-92.0491,30.38021],[-92.0565,30.37741],[-92.06609,30.36781],[-92.08369,30.36021],[-92.0868,30.34281],[-92.0854,30.34061],[-92.0917,30.32961],[-92.0971,30.32861],[-92.1421,30.29891],[-92.1419,30.32011],[-92.15849,30.32071],[-92.1589,30.34851],[-92.1754,30.35011],[-92.1766,30.43681],[-92.2444,30.43721],[-92.2449,30.48031],[-92.4931,30.48101],[-92.477,30.49541],[-92.4702,30.49371],[-92.465,30.49521],[-92.4629,30.50091],[-92.4639,30.51321],[-92.4601,30.52421],[-92.446,30.53431],[-92.4361,30.53611],[-92.4296,30.53461],[-92.4185,30.53861],[-92.2626,30.53861],[-92.2623,30.56811],[-92.212,30.56801],[-92.21169,30.61331],[-92.2101,30.61951],[-92.20419,30.62651],[-92.2047,30.63921],[-92.2009,30.64701],[-92.20029,30.65621],[-92.18559,30.66641],[-92.17979,30.66601],[-92.17609,30.67381],[-92.1728,30.67461],[-92.17239,30.76461],[-92.17339,30.76811],[-92.1819,30.77001],[-92.19099,30.77831],[-92.2062,30.78451],[-92.21059,30.79251],[-92.2127,30.84861],[-92.0001,30.84921]]]}},{"type":"Feature","properties":{"layer":"county","state":"LA","cwa":"LIX","name":"St. James","fips":"22093"},"geometry":{"type":"Polygon","coordinates":[[[-90.66679,29.98041],[-90.6662,29.96641],[-90.6748,29.96541],[-90.6745,29.95221],[-90.6661,29.95151],[-90.6645,29.90631],[-90.6569,29.88951],[-90.67139,29.89001],[-90.68069,29.89301],[-90.6843,29.89831],[-90.6879,29.89891],[-90.68999,29.90441],[-90.6971,29.90091],[-90.7009,29.90311],[-90.7095,29.90171],[-90.71149,29.89681],[-90.7176,29.89771],[-90.7195,29.90381],[-90.7234,29.90691],[-90.7279,29.90621],[-90.7291,29.91071],[-90.7475,29.91191],[-90.7767,29.92131],[-90.7857,29.92161],[-90.78519,29.90751],[-90.8856,29.90561],[-90.8865,29.93561],[-90.9258,29.93501],[-90.92599,29.97831],[-90.95979,29.97801],[-90.9595,30.03421],[-90.9631,30.03561],[-90.96349,30.06621],[-90.9356,30.08561],[-90.9366,30.08931],[-90.9146,30.10881],[-90.9154,30.11321],[-90.64169,30.16701],[-90.65359,30.09671],[-90.6708,30.09401],[-90.6617,30.05061],[-90.688,30.03651],[-90.6713,29.99261],[-90.6774,29.98831],[-90.6755,29.98781],[-90.67529,29.98101],[-90.66679,29.98041]]]}},{"type":"Feature","properties":{"layer":"county","state":"LA","cwa":"SHV","name":"Sabine","fips":"22085"},"geometry":{"type":"Polygon","coordinates":[[[-93.5691,31.84551],[-93.4415,31.84521],[-93.44109,31.71451],[-93.33939,31.71411],[-93.33739,31.53811],[-93.23669,31.53831],[-93.2362,31.36451],[-93.3894,31.36411],[-93.4427,31.27671],[-93.5351,31.27561],[-93.5368,31.26841],[-93.53529,31.26161],[-93.5384,31.25631],[-93.5365,31.25291],[-93.5448,31.24381],[-93.5554,31.24071],[-93.55209,31.23611],[-93.5507,31.22791],[-93.5461,31.22941],[-93.54179,31.22681],[-93.5499,31.21971],[-93.5491,31.21681],[-93.5514,31.21501],[-93.5449,31.20311],[-93.55479,31.18781],[-93.55289,31.18591],[-93.5701,31.17711],[-93.5793,31.16751],[-93.58839,31.16571],[-93.60059,31.17691],[-93.6019,31.19931],[-93.60699,31.20481],[-93.6036,31.21061],[-93.6035,31.21651],[-93.5954,31.22101],[-93.5991,31.22481],[-93.5965,31.22841],[-93.5972,31.23061],[-93.6088,31.22881],[-93.6116,31.23231],[-93.6177,31.23321],[-93.6172,31.24511],[-93.6215,31.24901],[-93.6144,31.25231],[-93.6147,31.26061],[-93.6216,31.27111],[-93.6419,31.26931],[-93.6478,31.28291],[-93.6503,31.28451],[-93.65849,31.28191],[-93.6691,31.29801],[-93.68369,31.30171],[-93.68729,31.30641],[-93.683,31.31851],[-93.6738,31.32451],[-93.67699,31.33001],[-93.6692,31.33861],[-93.6691,31.35181],[-93.64719,31.35831],[-93.6401,31.37181],[-93.6673,31.36541],[-93.6727,31.36811],[-93.673,31.37081],[-93.6692,31.37131],[-93.6693,31.37621],[-93.6702,31.38721],[-93.6744,31.39771],[-93.68169,31.39841],[-93.6903,31.40661],[-93.7047,31.41151],[-93.7047,31.41791],[-93.6925,31.43771],[-93.69299,31.43991],[-93.7091,31.44211],[-93.7038,31.45461],[-93.7082,31.45661],[-93.7093,31.45351],[-93.71259,31.45381],[-93.71609,31.45691],[-93.7214,31.45361],[-93.72659,31.45491],[-93.7493,31.46941],[-93.7454,31.47931],[-93.7472,31.48171],[-93.7514,31.47951],[-93.75169,31.48301],[-93.7477,31.48521],[-93.7372,31.48491],[-93.73489,31.48881],[-93.7279,31.48921],[-93.7222,31.49381],[-93.7239,31.49771],[-93.722,31.50141],[-93.7176,31.50181],[-93.7192,31.50671],[-93.71159,31.51121],[-93.7166,31.51421],[-93.74139,31.51531],[-93.74329,31.51701],[-93.7408,31.51871],[-93.7428,31.52611],[-93.7474,31.53031],[-93.7521,31.52801],[-93.7556,31.53021],[-93.758,31.52871],[-93.7543,31.52551],[-93.76009,31.52391],[-93.7877,31.52731],[-93.80299,31.53981],[-93.8,31.54281],[-93.8186,31.55481],[-93.82069,31.56051],[-93.8177,31.56101],[-93.8177,31.56371],[-93.8229,31.56591],[-93.8223,31.56861],[-93.8187,31.56981],[-93.8203,31.57281],[-93.8304,31.57931],[-93.83549,31.58601],[-93.83929,31.59961],[-93.8372,31.60741],[-93.8275,31.61391],[-93.8191,31.61431],[-93.81879,31.61661],[-93.8265,31.62061],[-93.8172,31.62241],[-93.8203,31.62851],[-93.81689,31.63231],[-93.8166,31.64961],[-93.8265,31.66571],[-93.822,31.67371],[-93.81779,31.67191],[-93.8168,31.66841],[-93.8125,31.67071],[-93.8156,31.67501],[-93.8043,31.68451],[-93.7953,31.70411],[-93.80759,31.70281],[-93.8164,31.70831],[-93.8126,31.71561],[-93.8153,31.72931],[-93.8246,31.73441],[-93.83659,31.74991],[-93.8299,31.76011],[-93.8268,31.76051],[-93.82819,31.76581],[-93.8256,31.76691],[-93.82339,31.77511],[-93.83659,31.78111],[-93.836,31.79391],[-93.83939,31.80001],[-93.8521,31.80061],[-93.8538,31.80571],[-93.86089,31.81191],[-93.86839,31.81501],[-93.8714,31.81391],[-93.8715,31.82011],[-93.8745,31.82171],[-93.8771,31.83221],[-93.8731,31.83631],[-93.8817,31.84321],[-93.5691,31.84551]]]}},{"type":"Feature","properties":{"layer":"county","state":"LA","cwa":"JAN","name":"Richland","fips":"22083"},"geometry":{"type":"Polygon","coordinates":[[[-91.6263,32.66721],[-91.5965,32.66731],[-91.59489,32.58221],[-91.4453,32.58261],[-91.44389,32.57711],[-91.4333,32.56451],[-91.4314,32.56101],[-91.44189,32.55191],[-91.4388,32.54671],[-91.4407,32.54351],[-91.4554,32.54091],[-91.4595,32.53651],[-91.46889,32.53391],[-91.47099,32.53121],[-91.4683,32.52821],[-91.47099,32.52541],[-91.4697,32.52311],[-91.48109,32.50231],[-91.4841,32.50311],[-91.4819,32.49811],[-91.48479,32.49461],[-91.48289,32.49151],[-91.48579,32.48631],[-91.4853,32.47651],[-91.4824,32.47441],[-91.4842,32.47181],[-91.47829,32.46391],[-91.47559,32.45431],[-91.4749,32.45081],[-91.4786,32.44701],[-91.4724,32.43981],[-91.4715,32.43431],[-91.4769,32.43331],[-91.4761,32.43581],[-91.4825,32.43851],[-91.4853,32.43691],[-91.4872,32.42501],[-91.4847,32.41621],[-91.4864,32.41391],[-91.47729,32.40581],[-91.6171,32.40561],[-91.6315,32.40441],[-91.63789,32.40081],[-91.64079,32.40281],[-91.6433,32.39391],[-91.6498,32.39291],[-91.64909,32.38991],[-91.65379,32.38871],[-91.65659,32.39061],[-91.65829,32.38691],[-91.6683,32.38821],[-91.6708,32.38711],[-91.66959,32.38431],[-91.67979,32.38301],[-91.6805,32.37391],[-91.6983,32.36971],[-91.6972,32.36371],[-91.7027,32.35821],[-91.69949,32.35541],[-91.70309,32.34281],[-91.714,32.34311],[-91.7207,32.33571],[-91.7286,32.33381],[-91.7401,32.33381],[-91.74409,32.33891],[-91.7541,32.33431],[-91.7606,32.33501],[-91.7634,32.32931],[-91.75919,32.31881],[-91.76479,32.31091],[-91.7593,32.31031],[-91.7608,32.30631],[-91.7669,32.30251],[-91.7625,32.29921],[-91.7679,32.29521],[-91.7636,32.29491],[-91.7642,32.29111],[-91.7672,32.28881],[-91.7683,32.28171],[-91.77409,32.27661],[-91.77399,32.27291],[-91.7715,32.27231],[-91.77399,32.26381],[-91.7699,32.25721],[-91.77299,32.25401],[-91.7717,32.24871],[-91.7756,32.24361],[-91.77969,32.24251],[-91.77789,32.23901],[-91.7812,32.24041],[-91.78709,32.23861],[-91.7855,32.23651],[-91.793,32.23021],[-91.7924,32.22601],[-91.80869,32.22121],[-91.8091,32.21851],[-91.81969,32.21361],[-91.8203,32.20541],[-91.8239,32.20271],[-91.82349,32.19061],[-91.8279,32.19101],[-91.8321,32.18031],[-91.8358,32.18041],[-91.8361,32.17751],[-91.84949,32.17301],[-91.85529,32.17491],[-91.8588,32.17281],[-91.87479,32.17321],[-91.8853,32.16701],[-91.88509,32.16361],[-91.8911,32.15441],[-91.8952,32.15221],[-91.89989,32.15291],[-91.8938,32.15711],[-91.8961,32.15951],[-91.8923,32.16131],[-91.8951,32.16371],[-91.9098,32.16781],[-91.9163,32.16621],[-91.9222,32.16801],[-91.9325,32.16521],[-91.93829,32.16811],[-91.94279,32.17521],[-91.9479,32.17201],[-91.9544,32.17371],[-91.9609,32.16951],[-91.9796,32.16641],[-91.981,32.16911],[-91.9762,32.17921],[-91.9836,32.19121],[-91.9757,32.19571],[-91.9733,32.20271],[-91.9788,32.20381],[-91.99979,32.19081],[-92.0049,32.19021],[-92.009,32.19351],[-92.0071,32.20091],[-91.9976,32.20541],[-91.9903,32.21261],[-92.00069,32.21251],[-92.0004,32.21581],[-91.9935,32.21891],[-91.991,32.22461],[-91.9963,32.22851],[-92.0059,32.22941],[-92.007,32.23191],[-92.0011,32.23331],[-91.9985,32.23651],[-91.9977,32.24501],[-91.9865,32.25191],[-91.9995,32.25251],[-92.0011,32.25551],[-92.0005,32.25841],[-91.9929,32.26341],[-91.99319,32.27591],[-92.03439,32.27781],[-92.0275,32.28431],[-92.0199,32.29771],[-92.01569,32.31691],[-92.0177,32.32311],[-92.0124,32.32761],[-92.0097,32.33961],[-92.01109,32.34921],[-92.00639,32.35381],[-92.0102,32.36281],[-92.00449,32.37931],[-91.9936,32.40141],[-91.9836,32.41381],[-91.9752,32.41681],[-91.96239,32.43461],[-91.9479,32.44881],[-91.94479,32.44891],[-91.9418,32.45441],[-91.9452,32.46011],[-91.9333,32.49131],[-91.9211,32.49681],[-91.9115,32.50591],[-91.90379,32.50941],[-91.8979,32.53501],[-91.8895,32.54301],[-91.8821,32.54121],[-91.86749,32.52401],[-91.8582,32.51911],[-91.8481,32.51741],[-91.8396,32.51921],[-91.8378,32.52811],[-91.83939,32.53851],[-91.83669,32.54451],[-91.8256,32.55331],[-91.8173,32.55461],[-91.8145,32.56191],[-91.8174,32.56631],[-91.808,32.57031],[-91.798,32.56921],[-91.79279,32.56411],[-91.7888,32.56521],[-91.7846,32.56011],[-91.7763,32.56121],[-91.7701,32.55481],[-91.76649,32.55451],[-91.75459,32.56131],[-91.7509,32.55721],[-91.7429,32.55881],[-91.7355,32.57051],[-91.7362,32.57621],[-91.739,32.57841],[-91.7343,32.58841],[-91.7203,32.60521],[-91.7067,32.61281],[-91.69849,32.61101],[-91.6952,32.60781],[-91.6912,32.60831],[-91.6871,32.61401],[-91.68349,32.61501],[-91.6727,32.61161],[-91.66109,32.62051],[-91.6533,32.63221],[-91.65379,32.63521],[-91.6479,32.63921],[-91.64,32.65731],[-91.6372,32.65811],[-91.639,32.66101],[-91.6368,32.66331],[-91.6375,32.66751],[-91.6263,32.66721]]]}},{"type":"Feature","properties":{"layer":"county","state":"LA","cwa":"SHV","name":"Red River","fips":"22081"},"geometry":{"type":"Polygon","coordinates":[[[-93.4996,32.23751],[-93.2136,32.23491],[-93.21159,32.22821],[-93.2122,32.19661],[-93.21049,32.19271],[-93.1965,32.18371],[-93.1933,32.17841],[-93.1858,32.14431],[-93.1769,32.13841],[-93.161,32.11401],[-93.15369,32.10751],[-93.15289,32.10351],[-93.1642,32.09091],[-93.161,32.08291],[-93.156,32.07771],[-93.14339,32.06941],[-93.1433,32.06581],[-93.1371,32.05711],[-93.1368,32.05211],[-93.1414,32.04711],[-93.14249,32.04111],[-93.1587,32.02731],[-93.1569,32.02431],[-93.1588,32.00761],[-93.1503,31.99681],[-93.1355,31.98911],[-93.13519,31.98251],[-93.1317,31.98161],[-93.1245,31.97281],[-93.23849,31.97281],[-93.2398,31.90431],[-93.2467,31.91041],[-93.2543,31.91261],[-93.26669,31.89571],[-93.27489,31.89381],[-93.2808,31.88751],[-93.2868,31.89021],[-93.2942,31.89001],[-93.3026,31.89741],[-93.3186,31.88851],[-93.3252,31.89301],[-93.3482,31.89811],[-93.3504,31.90011],[-93.34599,31.90611],[-93.3518,31.90991],[-93.3502,31.91291],[-93.35349,31.91921],[-93.3574,31.92041],[-93.3595,31.92421],[-93.3537,31.92831],[-93.3541,31.93591],[-93.36559,31.93601],[-93.3679,31.93811],[-93.3695,31.94951],[-93.3744,31.95661],[-93.3728,31.96071],[-93.3744,31.96361],[-93.3817,31.96581],[-93.4006,31.97871],[-93.4071,31.98791],[-93.4144,31.98911],[-93.4235,31.98471],[-93.4235,31.99001],[-93.4408,31.98921],[-93.44759,31.99881],[-93.452,32.00041],[-93.4582,32.00761],[-93.4609,32.02081],[-93.4657,32.02531],[-93.4768,32.02721],[-93.4809,32.03151],[-93.4799,32.05641],[-93.4835,32.05931],[-93.5049,32.06471],[-93.5062,32.07301],[-93.51369,32.08071],[-93.5144,32.08501],[-93.5406,32.10381],[-93.53709,32.11281],[-93.52979,32.11611],[-93.5245,32.12381],[-93.5131,32.12621],[-93.5099,32.12961],[-93.5098,32.13261],[-93.5199,32.14361],[-93.5237,32.17691],[-93.529,32.18521],[-93.53699,32.19351],[-93.5592,32.19301],[-93.5938,32.20631],[-93.5983,32.21181],[-93.59779,32.22031],[-93.6057,32.23061],[-93.6147,32.23751],[-93.4996,32.23751]]]}},{"type":"Feature","properties":{"layer":"county","state":"LA","cwa":"LCH","name":"Rapides","fips":"22079"},"geometry":{"type":"Polygon","coordinates":[[[-92.7008,31.49411],[-92.6945,31.49551],[-92.69019,31.49991],[-92.6866,31.50061],[-92.6828,31.49791],[-92.68459,31.49271],[-92.6933,31.49311],[-92.6992,31.48971],[-92.6981,31.47961],[-92.6907,31.47391],[-92.6932,31.47131],[-92.7053,31.47161],[-92.7071,31.46981],[-92.7071,31.45841],[-92.7062,31.45071],[-92.6996,31.44511],[-92.68179,31.44761],[-92.6804,31.44511],[-92.6832,31.43981],[-92.6912,31.43331],[-92.6942,31.42691],[-92.6905,31.42201],[-92.6774,31.41571],[-92.6927,31.40851],[-92.6954,31.40271],[-92.6897,31.39841],[-92.6796,31.39611],[-92.6759,31.39721],[-92.6692,31.40511],[-92.6655,31.39271],[-92.6579,31.38801],[-92.6372,31.39311],[-92.6318,31.39081],[-92.3034,31.45871],[-92.27959,31.46141],[-92.1962,31.47791],[-92.1905,31.46921],[-92.18719,31.46811],[-92.18269,31.47481],[-92.1708,31.46951],[-92.16399,31.47181],[-92.1605,31.46651],[-92.16879,31.45851],[-92.1673,31.45571],[-92.1553,31.44991],[-92.16119,31.43361],[-92.15749,31.42301],[-92.15089,31.41551],[-92.1493,31.40641],[-92.1354,31.39751],[-92.1273,31.38851],[-92.11649,31.38611],[-92.1205,31.37981],[-92.1149,31.37591],[-92.1096,31.37301],[-92.1029,31.37681],[-92.0961,31.37291],[-92.091,31.36581],[-92.08369,31.36501],[-92.0825,31.35841],[-92.0808,31.35591],[-92.0774,31.35601],[-92.0761,31.35261],[-92.0794,31.35101],[-92.0786,31.34751],[-92.07549,31.34841],[-92.07269,31.34321],[-92.0918,31.33531],[-92.0962,31.32381],[-92.1064,31.32111],[-92.1138,31.31571],[-92.1147,31.31191],[-92.1186,31.31161],[-92.1212,31.31441],[-92.1264,31.30651],[-92.1385,31.30671],[-92.1466,31.30201],[-92.1524,31.30321],[-92.1615,31.29871],[-92.1663,31.30571],[-92.1754,31.31081],[-92.1805,31.32661],[-92.1856,31.32741],[-92.1937,31.33341],[-92.2074,31.32791],[-92.2212,31.33081],[-92.2313,31.32281],[-92.2332,31.31861],[-92.2337,31.15131],[-92.2249,31.14301],[-92.2344,31.12931],[-92.2165,30.99221],[-92.21149,30.98341],[-92.21239,30.97601],[-92.2053,30.97361],[-92.2086,30.96261],[-92.2151,30.96551],[-92.3306,30.96331],[-92.3259,30.96961],[-92.3279,30.97181],[-92.3445,30.97151],[-92.34019,30.97841],[-92.34319,30.98161],[-92.35809,30.98511],[-92.3605,30.99181],[-92.36829,30.99071],[-92.37389,30.99271],[-92.38129,31.00191],[-92.388,31.00211],[-92.39349,30.99781],[-92.40549,30.99501],[-92.409,30.99211],[-92.4135,30.97961],[-92.4189,30.97531],[-92.45139,30.96341],[-92.45969,30.95611],[-92.4687,30.95741],[-92.4721,30.95281],[-92.48009,30.95151],[-92.48209,30.93591],[-92.47919,30.92521],[-92.4827,30.91441],[-92.4984,30.90081],[-92.5115,30.89551],[-92.52489,30.89381],[-92.52779,30.89921],[-92.5407,30.89811],[-92.54829,30.90271],[-92.5606,30.89851],[-92.5973,30.89611],[-92.5974,30.89891],[-92.7192,30.89921],[-92.72099,30.89291],[-92.72379,30.89191],[-92.7793,30.88921],[-92.8237,30.89001],[-92.8239,31.01111],[-92.8277,31.01121],[-92.8297,31.25231],[-92.8463,31.25331],[-92.8464,31.27421],[-92.86259,31.27431],[-92.86259,31.28871],[-92.879,31.28871],[-92.8798,31.31741],[-92.8966,31.31741],[-92.89799,31.32431],[-92.9303,31.32451],[-92.9306,31.33091],[-92.9369,31.33221],[-92.9645,31.33391],[-92.9646,31.33951],[-92.98129,31.33991],[-92.9807,31.34661],[-92.9471,31.34671],[-92.9473,31.36781],[-92.9132,31.36821],[-92.9135,31.38811],[-92.8884,31.38951],[-92.8885,31.40241],[-92.8716,31.40481],[-92.8716,31.41831],[-92.847,31.41891],[-92.8455,31.43381],[-92.8304,31.43381],[-92.8297,31.44131],[-92.81319,31.44131],[-92.8136,31.45531],[-92.796,31.45581],[-92.796,31.46231],[-92.7876,31.46281],[-92.7876,31.46931],[-92.7792,31.47051],[-92.7785,31.47701],[-92.7631,31.47661],[-92.7616,31.48651],[-92.7185,31.51831],[-92.7104,31.50261],[-92.7008,31.49411]]]}},{"type":"Feature","properties":{"layer":"county","state":"LA","cwa":"SHV","name":"Ouachita","fips":"22073"},"geometry":{"type":"Polygon","coordinates":[[[-92.06499,32.70931],[-92.0553,32.71301],[-92.05759,32.70581],[-92.055,32.70281],[-92.0556,32.69821],[-92.0434,32.70011],[-92.05019,32.69081],[-92.0498,32.68691],[-92.0322,32.69511],[-92.031,32.69901],[-92.04189,32.70271],[-92.0442,32.70631],[-92.0412,32.71201],[-92.03819,32.71311],[-92.0326,32.71141],[-92.02409,32.70161],[-92.01649,32.70071],[-92.0087,32.70811],[-91.9949,32.70451],[-91.97449,32.71051],[-91.9712,32.70601],[-91.9675,32.68661],[-91.94669,32.66431],[-91.93549,32.65891],[-91.9303,32.66591],[-91.9221,32.66741],[-91.9107,32.66031],[-91.9095,32.65581],[-91.9124,32.64971],[-91.9174,32.64981],[-91.9238,32.64511],[-91.92139,32.62571],[-91.93259,32.60821],[-91.9287,32.58441],[-91.923,32.58011],[-91.9265,32.56681],[-91.9188,32.54411],[-91.90759,32.53541],[-91.90829,32.53251],[-91.90359,32.52301],[-91.9043,32.51611],[-91.9211,32.49681],[-91.9333,32.49131],[-91.9452,32.46011],[-91.9418,32.45441],[-91.94479,32.44891],[-91.9479,32.44881],[-91.9595,32.43761],[-91.9752,32.41681],[-91.9819,32.41531],[-91.9936,32.40141],[-92.0102,32.36281],[-92.00639,32.35381],[-92.01109,32.34921],[-92.0104,32.33401],[-92.0124,32.32761],[-92.0177,32.32311],[-92.0162,32.31271],[-92.0199,32.29771],[-92.0248,32.28841],[-92.03439,32.27781],[-92.10529,32.27661],[-92.10609,32.25851],[-92.1522,32.25941],[-92.1524,32.26371],[-92.1616,32.26961],[-92.16489,32.27611],[-92.1703,32.27671],[-92.3119,32.27741],[-92.3118,32.32031],[-92.4154,32.40811],[-92.41489,32.58281],[-92.3013,32.58281],[-92.29929,32.58631],[-92.295,32.58741],[-92.27409,32.58111],[-92.2689,32.58361],[-92.2567,32.58361],[-92.2481,32.58881],[-92.22469,32.59061],[-92.2207,32.61041],[-92.13869,32.66051],[-92.1412,32.67071],[-92.1399,32.67481],[-92.12859,32.67601],[-92.1205,32.67361],[-92.1086,32.68271],[-92.09319,32.68561],[-92.0891,32.68951],[-92.0841,32.70111],[-92.0677,32.72171],[-92.0589,32.72161],[-92.0563,32.71931],[-92.06499,32.70931]]]}},{"type":"Feature","properties":{"layer":"county","state":"LA","cwa":"SHV","name":"Natchitoches","fips":"22069"},"geometry":{"type":"Polygon","coordinates":[[[-93.09969,32.14821],[-92.9375,32.14771],[-92.9328,32.13611],[-92.9331,32.12771],[-92.92519,32.11281],[-92.91479,32.10561],[-92.9053,32.09031],[-92.9062,32.08231],[-92.9095,32.08171],[-92.9108,32.07591],[-92.90269,32.06821],[-92.8975,32.05571],[-92.89429,32.03671],[-92.8894,32.03181],[-92.88689,32.02471],[-92.88889,32.00981],[-92.89349,32.00041],[-92.9007,31.99441],[-92.90099,31.98851],[-92.88779,31.98721],[-92.8843,31.98191],[-92.88409,31.95501],[-92.8818,31.95151],[-92.87309,31.94811],[-92.8732,31.94501],[-92.8846,31.93831],[-92.89339,31.92001],[-92.8924,31.90231],[-92.9013,31.89251],[-92.9025,31.87601],[-92.9058,31.86951],[-92.8986,31.85881],[-92.90089,31.85611],[-92.9086,31.85081],[-92.9249,31.85421],[-92.9417,31.85401],[-92.9463,31.85721],[-92.9496,31.85591],[-92.9469,31.84961],[-92.9508,31.84921],[-92.9471,31.84361],[-92.94939,31.83831],[-92.9424,31.83661],[-92.9387,31.82581],[-92.93929,31.82261],[-92.948,31.82701],[-92.95129,31.82391],[-92.9483,31.81841],[-92.9422,31.81491],[-92.948,31.81031],[-92.9462,31.80101],[-92.9518,31.79431],[-92.953,31.78361],[-92.9604,31.77861],[-92.9677,31.78011],[-92.972,31.75471],[-92.9693,31.75151],[-92.9686,31.73091],[-92.9757,31.71181],[-92.97279,31.70871],[-92.9618,31.70511],[-92.96,31.70181],[-92.9648,31.68791],[-92.96439,31.68061],[-92.94849,31.67561],[-92.9273,31.67721],[-92.924,31.66531],[-92.90269,31.65911],[-92.9101,31.63191],[-92.9063,31.62361],[-92.8845,31.61691],[-92.86929,31.61721],[-92.84209,31.60171],[-92.8072,31.59861],[-92.7998,31.59601],[-92.7939,31.59081],[-92.7874,31.57861],[-92.77,31.56521],[-92.7576,31.55921],[-92.7559,31.55651],[-92.76109,31.54811],[-92.727,31.52601],[-92.7168,31.52321],[-92.7212,31.51591],[-92.7616,31.48651],[-92.7631,31.47661],[-92.7785,31.47701],[-92.7792,31.47051],[-92.7876,31.46931],[-92.7876,31.46281],[-92.796,31.46231],[-92.796,31.45581],[-92.8136,31.45531],[-92.81319,31.44131],[-92.8297,31.44131],[-92.8304,31.43381],[-92.8455,31.43381],[-92.847,31.41891],[-92.8716,31.41831],[-92.8716,31.40481],[-92.8885,31.40241],[-92.8884,31.38951],[-92.9135,31.38811],[-92.9132,31.36821],[-92.9473,31.36781],[-92.9471,31.34671],[-92.9807,31.34661],[-92.9917,31.35991],[-93.0323,31.36051],[-93.0323,31.36431],[-93.2362,31.36451],[-93.23669,31.53831],[-93.33739,31.53811],[-93.33939,31.71411],[-93.44109,31.71451],[-93.4415,31.87641],[-93.4378,31.90761],[-93.4409,31.91301],[-93.419,31.93371],[-93.4154,31.93381],[-93.4156,31.92711],[-93.4106,31.92101],[-93.3998,31.91811],[-93.3948,31.91891],[-93.3871,31.92531],[-93.3779,31.92341],[-93.3765,31.93281],[-93.3547,31.93151],[-93.3537,31.92831],[-93.3595,31.92421],[-93.3574,31.92041],[-93.35349,31.91921],[-93.3502,31.91291],[-93.3518,31.90991],[-93.34599,31.90611],[-93.3504,31.90011],[-93.3482,31.89811],[-93.3252,31.89301],[-93.3186,31.88851],[-93.3026,31.89741],[-93.2942,31.89001],[-93.2868,31.89021],[-93.2808,31.88751],[-93.27489,31.89381],[-93.26669,31.89571],[-93.2543,31.91261],[-93.2467,31.91041],[-93.2398,31.90431],[-93.23849,31.97281],[-93.1245,31.97281],[-93.1317,31.98161],[-93.13519,31.98251],[-93.1355,31.98911],[-93.1503,31.99681],[-93.1588,32.00761],[-93.1569,32.02431],[-93.1587,32.02731],[-93.14249,32.04111],[-93.1414,32.04711],[-93.1368,32.05211],[-93.1371,32.05711],[-93.1433,32.06581],[-93.14339,32.06941],[-93.156,32.07771],[-93.161,32.08291],[-93.1642,32.09091],[-93.15289,32.10351],[-93.15369,32.10751],[-93.161,32.11401],[-93.1769,32.13841],[-93.18349,32.14161],[-93.1868,32.14721],[-93.09969,32.14821]]]}},{"type":"Feature","properties":{"layer":"county","state":"LA","cwa":"JAN","name":"Morehouse","fips":"22067"},"geometry":{"type":"Polygon","coordinates":[[[-92.0412,33.00781],[-91.50079,33.00681],[-91.4359,33.00591],[-91.4369,33.00281],[-91.4343,33.00221],[-91.4384,32.99781],[-91.4393,32.99071],[-91.4468,32.99231],[-91.44849,32.99051],[-91.44579,32.98771],[-91.4493,32.98371],[-91.4441,32.98251],[-91.43919,32.98521],[-91.4377,32.98091],[-91.4407,32.97511],[-91.4566,32.96561],[-91.46439,32.95121],[-91.4776,32.94071],[-91.4798,32.93641],[-91.47559,32.92791],[-91.4968,32.90691],[-91.49789,32.89811],[-91.495,32.89081],[-91.5173,32.87721],[-91.5256,32.87581],[-91.5354,32.87751],[-91.5459,32.87371],[-91.55109,32.86531],[-91.5675,32.85371],[-91.5737,32.84011],[-91.57359,32.83431],[-91.5771,32.83101],[-91.57359,32.82541],[-91.5798,32.81921],[-91.5835,32.81871],[-91.5906,32.80811],[-91.5895,32.79791],[-91.6031,32.78701],[-91.60519,32.78271],[-91.6018,32.78211],[-91.59589,32.77201],[-91.59679,32.74951],[-91.6078,32.73811],[-91.61089,32.73821],[-91.6112,32.73211],[-91.61649,32.72711],[-91.618,32.72091],[-91.6284,32.71901],[-91.6377,32.70481],[-91.6386,32.70181],[-91.63319,32.70121],[-91.6289,32.69661],[-91.6244,32.69551],[-91.6208,32.68861],[-91.62309,32.68511],[-91.62199,32.68071],[-91.6375,32.66751],[-91.6368,32.66331],[-91.639,32.66101],[-91.6372,32.65811],[-91.64,32.65731],[-91.6479,32.63921],[-91.65379,32.63521],[-91.6533,32.63221],[-91.66109,32.62051],[-91.6727,32.61161],[-91.68349,32.61501],[-91.6871,32.61401],[-91.6912,32.60831],[-91.6952,32.60781],[-91.69849,32.61101],[-91.7067,32.61281],[-91.7203,32.60521],[-91.7343,32.58841],[-91.739,32.57841],[-91.7362,32.57621],[-91.7355,32.57051],[-91.7429,32.55881],[-91.7509,32.55721],[-91.75459,32.56131],[-91.76649,32.55451],[-91.7701,32.55481],[-91.7763,32.56121],[-91.7846,32.56011],[-91.7855,32.56341],[-91.79279,32.56411],[-91.8032,32.57101],[-91.8174,32.56631],[-91.8145,32.56191],[-91.8173,32.55461],[-91.82819,32.55181],[-91.83849,32.54081],[-91.8396,32.51921],[-91.8481,32.51741],[-91.8582,32.51911],[-91.86749,32.52401],[-91.8821,32.54121],[-91.8895,32.54301],[-91.8979,32.53501],[-91.90179,32.51251],[-91.9115,32.50591],[-91.9043,32.51611],[-91.9042,32.52601],[-91.90829,32.53251],[-91.90759,32.53541],[-91.91669,32.54151],[-91.92059,32.54771],[-91.9265,32.56681],[-91.923,32.58011],[-91.9287,32.58441],[-91.93259,32.60821],[-91.92139,32.62571],[-91.9238,32.64511],[-91.9174,32.64981],[-91.9124,32.64971],[-91.90939,32.65341],[-91.9107,32.66031],[-91.9221,32.66741],[-91.9303,32.66591],[-91.93549,32.65891],[-91.94669,32.66431],[-91.9675,32.68661],[-91.9712,32.70601],[-91.97449,32.71051],[-91.9949,32.70451],[-92.0087,32.70811],[-92.01649,32.70071],[-92.02409,32.70161],[-92.0326,32.71141],[-92.03819,32.71311],[-92.0412,32.71201],[-92.0442,32.70631],[-92.04189,32.70271],[-92.031,32.69901],[-92.0322,32.69511],[-92.0498,32.68691],[-92.05019,32.69081],[-92.0434,32.70011],[-92.0556,32.69821],[-92.055,32.70281],[-92.05759,32.70581],[-92.0553,32.71301],[-92.06499,32.70931],[-92.0563,32.71931],[-92.0646,32.72291],[-92.0599,32.72791],[-92.062,32.73181],[-92.0691,32.73331],[-92.0636,32.73581],[-92.0546,32.73531],[-92.0524,32.73801],[-92.0526,32.74351],[-92.0607,32.74961],[-92.0631,32.75901],[-92.0546,32.77901],[-92.0527,32.79341],[-92.0657,32.82131],[-92.0611,32.82681],[-92.06689,32.83061],[-92.06699,32.83391],[-92.05659,32.83711],[-92.05569,32.83981],[-92.0571,32.84421],[-92.069,32.85321],[-92.084,32.87551],[-92.084,32.88301],[-92.0774,32.89371],[-92.0815,32.90121],[-92.078,32.90381],[-92.0813,32.90581],[-92.078,32.90931],[-92.0798,32.91491],[-92.075,32.91471],[-92.0743,32.91721],[-92.07899,32.91951],[-92.0779,32.92231],[-92.0731,32.92381],[-92.0804,32.95011],[-92.0798,32.95661],[-92.0843,32.95721],[-92.0853,32.96501],[-92.0835,32.96891],[-92.07719,32.96911],[-92.07539,32.97121],[-92.0815,32.98121],[-92.0718,32.98761],[-92.0719,32.99611],[-92.0668,33.00321],[-92.0693,33.00831],[-92.0412,33.00781]]]}},{"type":"Feature","properties":{"layer":"county","state":"LA","cwa":"SHV","name":"Lincoln","fips":"22061"},"geometry":{"type":"Polygon","coordinates":[[[-92.6278,32.75971],[-92.61349,32.75281],[-92.59499,32.75541],[-92.5842,32.74751],[-92.56789,32.74651],[-92.5644,32.74021],[-92.5543,32.73261],[-92.5468,32.71851],[-92.5197,32.72041],[-92.51839,32.67071],[-92.4151,32.67001],[-92.4154,32.49621],[-92.6218,32.49581],[-92.6218,32.45331],[-92.6252,32.45291],[-92.8793,32.45411],[-92.8807,32.60031],[-92.87289,32.60231],[-92.8671,32.60771],[-92.8602,32.63211],[-92.86729,32.67081],[-92.8629,32.68731],[-92.8526,32.69201],[-92.84029,32.70911],[-92.8286,32.71271],[-92.8286,32.75841],[-92.6278,32.75971]]]}},{"type":"Feature","properties":{"layer":"county","state":"LA","cwa":"SHV","name":"La Salle","fips":"22059"},"geometry":{"type":"Polygon","coordinates":[[[-92.14059,31.92781],[-92.00459,31.92731],[-92.0059,31.79931],[-92.00819,31.78951],[-92.0085,31.75951],[-92.0084,31.32591],[-92.02219,31.33061],[-92.0235,31.34111],[-92.031,31.34371],[-92.0388,31.34181],[-92.0415,31.33611],[-92.0513,31.33601],[-92.08089,31.32401],[-92.0805,31.32971],[-92.088,31.33611],[-92.0864,31.33901],[-92.07269,31.34321],[-92.07549,31.34841],[-92.0786,31.34751],[-92.0794,31.35101],[-92.0761,31.35261],[-92.0774,31.35601],[-92.0808,31.35591],[-92.0825,31.35841],[-92.08369,31.36501],[-92.091,31.36581],[-92.0961,31.37291],[-92.1029,31.37681],[-92.1096,31.37301],[-92.1149,31.37591],[-92.1205,31.37981],[-92.11649,31.38611],[-92.1273,31.38851],[-92.1354,31.39751],[-92.1493,31.40641],[-92.15089,31.41551],[-92.15749,31.42301],[-92.16119,31.43361],[-92.1553,31.44991],[-92.1673,31.45571],[-92.16879,31.45851],[-92.1605,31.46651],[-92.16399,31.47181],[-92.1708,31.46951],[-92.18269,31.47481],[-92.18719,31.46811],[-92.1905,31.46921],[-92.19949,31.48031],[-92.2102,31.48011],[-92.213,31.48221],[-92.213,31.48981],[-92.2157,31.49201],[-92.2234,31.48671],[-92.2278,31.49021],[-92.2383,31.49051],[-92.2401,31.48871],[-92.2388,31.48561],[-92.23119,31.48111],[-92.2306,31.47701],[-92.23779,31.47641],[-92.2477,31.48291],[-92.2388,31.50041],[-92.2501,31.50611],[-92.25159,31.49931],[-92.2577,31.49531],[-92.2671,31.49281],[-92.27589,31.49531],[-92.2826,31.50261],[-92.27499,31.50761],[-92.27959,31.51101],[-92.27959,31.51451],[-92.27309,31.51761],[-92.2738,31.52671],[-92.2705,31.52931],[-92.2726,31.53391],[-92.27579,31.53561],[-92.27509,31.53141],[-92.27959,31.53401],[-92.298,31.53621],[-92.29469,31.53881],[-92.285,31.53741],[-92.2804,31.54101],[-92.30099,31.54711],[-92.3045,31.55261],[-92.2989,31.55941],[-92.30029,31.56751],[-92.3108,31.57341],[-92.31979,31.57191],[-92.32249,31.57681],[-92.3106,31.58021],[-92.3053,31.58651],[-92.3061,31.58901],[-92.3436,31.59611],[-92.3648,31.60651],[-92.3839,31.61951],[-92.3811,31.62091],[-92.3718,31.61701],[-92.3679,31.61811],[-92.3659,31.62811],[-92.3612,31.62371],[-92.35239,31.62421],[-92.34599,31.63031],[-92.3539,31.63001],[-92.3535,31.63621],[-92.3558,31.63711],[-92.3624,31.63241],[-92.3687,31.63201],[-92.36649,31.63821],[-92.3606,31.64361],[-92.36169,31.64691],[-92.36649,31.64871],[-92.3624,31.65451],[-92.3686,31.65951],[-92.3621,31.66031],[-92.365,31.66671],[-92.36469,31.67271],[-92.3611,31.67441],[-92.3569,31.67001],[-92.3513,31.68061],[-92.3568,31.67861],[-92.3592,31.68221],[-92.3507,31.68651],[-92.347,31.69151],[-92.3483,31.69721],[-92.352,31.69911],[-92.35509,31.70041],[-92.3596,31.69621],[-92.3634,31.69741],[-92.36369,31.70201],[-92.37009,31.70021],[-92.3726,31.70311],[-92.3679,31.71241],[-92.37,31.71471],[-92.369,31.72031],[-92.3678,31.72301],[-92.36559,31.72111],[-92.3638,31.72451],[-92.3605,31.72171],[-92.35799,31.72381],[-92.35509,31.72771],[-92.3583,31.73211],[-92.35719,31.73491],[-92.3517,31.73601],[-92.3503,31.73841],[-92.3565,31.74111],[-92.3577,31.74391],[-92.3492,31.75211],[-92.3407,31.75441],[-92.3371,31.76051],[-92.34409,31.76051],[-92.3473,31.76461],[-92.3442,31.76641],[-92.34399,31.76951],[-92.34689,31.76931],[-92.3535,31.78031],[-92.35609,31.77821],[-92.36089,31.78161],[-92.3624,31.79711],[-92.3577,31.80231],[-92.3583,31.80541],[-92.3622,31.80591],[-92.36089,31.80821],[-92.348,31.81041],[-92.3457,31.81491],[-92.3425,31.81611],[-92.3406,31.81431],[-92.3418,31.82311],[-92.33749,31.82341],[-92.34109,31.83071],[-92.334,31.83891],[-92.33549,31.84161],[-92.3306,31.84881],[-92.3369,31.85161],[-92.3362,31.85551],[-92.3265,31.85801],[-92.32159,31.86201],[-92.32439,31.87241],[-92.32159,31.87551],[-92.3204,31.88361],[-92.32439,31.88631],[-92.3209,31.89211],[-92.3154,31.89231],[-92.3134,31.89611],[-92.3125,31.92761],[-92.14059,31.92781]]]}},{"type":"Feature","properties":{"layer":"county","state":"LA","cwa":"LCH","name":"Lafayette","fips":"22055"},"geometry":{"type":"Polygon","coordinates":[[[-92.0295,30.36131],[-92.0266,30.36041],[-92.0237,30.36601],[-92.015,30.37141],[-92.0014,30.36511],[-91.9935,30.37021],[-91.9787,30.36461],[-91.9538,30.35951],[-91.9511,30.34971],[-91.9576,30.34531],[-91.9537,30.33901],[-91.9555,30.33391],[-91.9646,30.32891],[-91.96609,30.32421],[-91.96159,30.31311],[-91.9553,30.30861],[-91.9493,30.27801],[-91.9763,30.26071],[-91.96809,30.25911],[-91.96899,30.24851],[-91.95889,30.23721],[-91.9521,30.23891],[-91.94279,30.23651],[-91.9436,30.22601],[-91.9526,30.22441],[-91.9591,30.21201],[-91.96519,30.21311],[-91.9778,30.20991],[-91.9805,30.19771],[-91.9799,30.18331],[-91.97289,30.17721],[-91.9629,30.17671],[-91.9544,30.18211],[-91.9543,30.18591],[-91.934,30.18301],[-91.92139,30.18751],[-91.9079,30.16731],[-91.9089,30.16401],[-91.91209,30.16301],[-91.9062,30.15411],[-91.9343,30.11911],[-91.9656,30.03421],[-92.0659,30.07381],[-92.0724,30.08121],[-92.0774,30.10051],[-92.0812,30.10681],[-92.08839,30.11131],[-92.0908,30.11801],[-92.0869,30.12631],[-92.0888,30.12801],[-92.1125,30.12031],[-92.1197,30.12171],[-92.1282,30.11571],[-92.2062,30.14231],[-92.22649,30.13701],[-92.24409,30.14361],[-92.2505,30.14001],[-92.2597,30.13971],[-92.26559,30.14371],[-92.275,30.14081],[-92.2856,30.14651],[-92.27499,30.14701],[-92.27589,30.14951],[-92.2519,30.17201],[-92.2465,30.18521],[-92.24879,30.19071],[-92.24789,30.20151],[-92.2503,30.20351],[-92.2476,30.21111],[-92.238,30.21831],[-92.2155,30.22211],[-92.2101,30.22661],[-92.2101,30.24091],[-92.17699,30.24111],[-92.17619,30.26951],[-92.1591,30.26981],[-92.15929,30.28331],[-92.142,30.28491],[-92.1421,30.29891],[-92.0971,30.32861],[-92.0917,30.32961],[-92.0854,30.34061],[-92.0868,30.34281],[-92.08369,30.36021],[-92.06609,30.36781],[-92.0565,30.37741],[-92.0491,30.38021],[-92.0407,30.37411],[-92.0407,30.36841],[-92.0295,30.36131]]]}},{"type":"Feature","properties":{"layer":"county","state":"LA","cwa":"SHV","name":"Jackson","fips":"22049"},"geometry":{"type":"Polygon","coordinates":[[[-92.5806,32.49631],[-92.4154,32.49621],[-92.4154,32.40811],[-92.3118,32.32031],[-92.31219,32.14571],[-92.8032,32.14671],[-92.8159,32.14751],[-92.8205,32.15211],[-92.8187,32.15431],[-92.8203,32.16341],[-92.8166,32.16281],[-92.80859,32.16901],[-92.8064,32.17461],[-92.79919,32.18091],[-92.80029,32.21071],[-92.7828,32.21931],[-92.7829,32.22601],[-92.7738,32.23601],[-92.7772,32.45341],[-92.6218,32.45331],[-92.6218,32.49581],[-92.5806,32.49631]]]}},{"type":"Feature","properties":{"layer":"county","state":"LA","cwa":"SHV","name":"Grant","fips":"22043"},"geometry":{"type":"Polygon","coordinates":[[[-92.3624,31.79711],[-92.36089,31.78161],[-92.35609,31.77821],[-92.3535,31.78031],[-92.34689,31.76931],[-92.34399,31.76951],[-92.3442,31.76641],[-92.3473,31.76461],[-92.34409,31.76051],[-92.3371,31.76051],[-92.3407,31.75441],[-92.3492,31.75211],[-92.3577,31.74391],[-92.3565,31.74111],[-92.3503,31.73841],[-92.3517,31.73601],[-92.35719,31.73491],[-92.3583,31.73211],[-92.35509,31.72771],[-92.35799,31.72381],[-92.3605,31.72171],[-92.3638,31.72451],[-92.36559,31.72111],[-92.3678,31.72301],[-92.369,31.72031],[-92.37,31.71471],[-92.3679,31.71241],[-92.3726,31.70311],[-92.37009,31.70021],[-92.36369,31.70201],[-92.3634,31.69741],[-92.3596,31.69621],[-92.35509,31.70041],[-92.352,31.69911],[-92.3483,31.69721],[-92.347,31.69151],[-92.3507,31.68651],[-92.3592,31.68221],[-92.3568,31.67861],[-92.3513,31.68061],[-92.3569,31.67001],[-92.3611,31.67441],[-92.36469,31.67271],[-92.365,31.66671],[-92.3621,31.66031],[-92.3686,31.65951],[-92.3624,31.65451],[-92.36649,31.64871],[-92.36169,31.64691],[-92.3606,31.64361],[-92.36649,31.63821],[-92.3687,31.63201],[-92.3624,31.63241],[-92.3558,31.63711],[-92.3535,31.63621],[-92.3539,31.63001],[-92.34599,31.63031],[-92.35239,31.62421],[-92.3612,31.62371],[-92.3659,31.62811],[-92.3679,31.61811],[-92.3718,31.61701],[-92.3811,31.62091],[-92.3839,31.61951],[-92.3648,31.60651],[-92.3436,31.59611],[-92.3061,31.58901],[-92.3053,31.58651],[-92.3106,31.58021],[-92.32249,31.57681],[-92.31979,31.57191],[-92.3108,31.57341],[-92.30029,31.56751],[-92.2989,31.55941],[-92.3045,31.55261],[-92.30099,31.54711],[-92.2804,31.54101],[-92.285,31.53741],[-92.29469,31.53881],[-92.298,31.53621],[-92.27959,31.53401],[-92.27509,31.53141],[-92.27579,31.53561],[-92.2726,31.53391],[-92.2705,31.52931],[-92.2738,31.52671],[-92.27309,31.51761],[-92.27959,31.51451],[-92.27959,31.51101],[-92.27499,31.50761],[-92.2826,31.50261],[-92.27589,31.49531],[-92.2671,31.49281],[-92.2577,31.49531],[-92.25159,31.49931],[-92.2501,31.50611],[-92.2388,31.50041],[-92.2477,31.48291],[-92.2419,31.47811],[-92.23399,31.47561],[-92.2306,31.47701],[-92.23119,31.48111],[-92.2388,31.48561],[-92.2401,31.48871],[-92.2383,31.49051],[-92.2278,31.49021],[-92.2234,31.48671],[-92.2157,31.49201],[-92.213,31.48981],[-92.213,31.48221],[-92.2102,31.48011],[-92.19949,31.48031],[-92.1962,31.47791],[-92.27959,31.46141],[-92.3034,31.45871],[-92.6318,31.39081],[-92.6372,31.39311],[-92.6579,31.38801],[-92.6655,31.39271],[-92.6692,31.40511],[-92.6759,31.39721],[-92.6796,31.39611],[-92.6897,31.39841],[-92.6954,31.40271],[-92.6927,31.40851],[-92.6774,31.41571],[-92.6905,31.42201],[-92.6942,31.42691],[-92.6804,31.44511],[-92.6843,31.44791],[-92.6965,31.44451],[-92.70509,31.44881],[-92.7071,31.46981],[-92.7053,31.47161],[-92.6932,31.47131],[-92.6907,31.47391],[-92.6981,31.47961],[-92.6992,31.48971],[-92.6933,31.49311],[-92.68459,31.49271],[-92.6828,31.49791],[-92.6866,31.50061],[-92.69019,31.49991],[-92.6945,31.49551],[-92.7008,31.49411],[-92.70879,31.50071],[-92.7185,31.51831],[-92.7168,31.52321],[-92.727,31.52601],[-92.76109,31.54811],[-92.7559,31.55651],[-92.7576,31.55921],[-92.77,31.56521],[-92.7874,31.57861],[-92.7939,31.59081],[-92.7998,31.59601],[-92.8072,31.59861],[-92.84209,31.60171],[-92.86929,31.61721],[-92.8845,31.61691],[-92.9042,31.62241],[-92.90919,31.62671],[-92.9101,31.63191],[-92.90269,31.65911],[-92.924,31.66531],[-92.9273,31.67721],[-92.9511,31.67601],[-92.9621,31.67931],[-92.9656,31.68341],[-92.96,31.70181],[-92.96719,31.70801],[-92.62,31.70961],[-92.61909,31.79711],[-92.3624,31.79711]]]}},{"type":"Feature","properties":{"layer":"county","state":"LA","cwa":"JAN","name":"Franklin","fips":"22041"},"geometry":{"type":"Polygon","coordinates":[[[-91.4927,32.20331],[-91.49229,32.15741],[-91.4975,32.14751],[-91.5057,32.14541],[-91.5037,32.13731],[-91.50639,32.12861],[-91.50549,32.11701],[-91.502,32.10791],[-91.5024,32.10541],[-91.507,32.10481],[-91.51019,32.10081],[-91.5094,32.09791],[-91.5002,32.09761],[-91.4899,32.09231],[-91.4928,32.08351],[-91.4901,32.08041],[-91.49039,32.07641],[-91.49419,32.07621],[-91.492,32.07131],[-91.501,32.06731],[-91.5039,32.05331],[-91.50179,32.04781],[-91.5079,32.03511],[-91.5057,32.03081],[-91.5098,32.02081],[-91.49799,32.01111],[-91.4967,32.00851],[-91.50079,32.00531],[-91.49519,32.00371],[-91.4968,31.99301],[-91.49879,31.99091],[-91.50819,31.99151],[-91.5146,31.98511],[-91.5124,31.97651],[-91.5183,31.96901],[-91.5274,31.96281],[-91.528,31.95961],[-91.52039,31.95831],[-91.5127,31.95351],[-91.5103,31.93911],[-91.5117,31.92971],[-91.52039,31.92461],[-91.52299,31.91741],[-91.5262,31.91511],[-91.5469,31.91171],[-91.55199,31.90551],[-91.5692,31.89351],[-91.57629,31.88241],[-91.5971,31.88261],[-91.59689,31.96971],[-91.64439,31.97041],[-91.6476,31.96991],[-91.64629,31.96181],[-91.6483,31.95551],[-91.65639,31.94831],[-91.66779,31.93211],[-91.66759,31.92831],[-91.6699,31.92561],[-91.68089,31.92411],[-91.6876,31.91901],[-91.69469,31.91281],[-91.69669,31.90371],[-91.7066,31.89581],[-91.7193,31.89471],[-91.7249,31.88561],[-91.7295,31.88261],[-91.7463,31.88121],[-91.7571,31.88451],[-91.7724,31.87511],[-91.7819,31.87281],[-91.7845,31.87851],[-91.7799,31.88151],[-91.7792,31.88811],[-91.7884,31.88741],[-91.78909,31.89311],[-91.7939,31.88901],[-91.80489,31.89411],[-91.8015,31.89991],[-91.7951,31.90401],[-91.80119,31.90741],[-91.8017,31.91681],[-91.80479,31.91831],[-91.8075,31.91581],[-91.8101,31.91661],[-91.8144,31.92181],[-91.82259,31.91731],[-91.82549,31.92351],[-91.83369,31.92781],[-91.8296,31.93541],[-91.8417,31.93561],[-91.842,31.93901],[-91.8493,31.94551],[-91.8457,31.94561],[-91.8482,31.94941],[-91.8446,31.95591],[-91.85059,31.95311],[-91.8522,31.95721],[-91.8604,31.95811],[-91.8595,31.96411],[-91.8613,31.96581],[-91.8634,31.96521],[-91.86349,31.95901],[-91.8755,31.96731],[-91.88979,31.97131],[-91.8927,31.98221],[-91.8986,31.98751],[-91.8977,31.99271],[-91.90079,31.99351],[-91.9013,31.99661],[-91.897,32.00001],[-91.8989,32.00891],[-91.8946,32.01021],[-91.9025,32.02491],[-91.8988,32.03221],[-91.9042,32.03721],[-91.9031,32.03971],[-91.8993,32.03931],[-91.91219,32.05201],[-91.9134,32.05581],[-91.90929,32.06061],[-91.9114,32.06161],[-91.91589,32.05761],[-91.9191,32.05871],[-91.924,32.06691],[-91.93269,32.06621],[-91.9266,32.07501],[-91.91579,32.07771],[-91.9126,32.08071],[-91.9132,32.08451],[-91.90639,32.08011],[-91.9032,32.08211],[-91.90179,32.07551],[-91.8977,32.08591],[-91.891,32.08411],[-91.88869,32.09011],[-91.8782,32.08801],[-91.8685,32.09211],[-91.8704,32.09601],[-91.86819,32.09931],[-91.8756,32.10581],[-91.8699,32.11841],[-91.8754,32.12671],[-91.8789,32.12571],[-91.8825,32.11991],[-91.88499,32.12041],[-91.88329,32.13101],[-91.8975,32.14241],[-91.8952,32.15221],[-91.8911,32.15441],[-91.88509,32.16361],[-91.8853,32.16701],[-91.87479,32.17321],[-91.8588,32.17281],[-91.85529,32.17491],[-91.84949,32.17301],[-91.8361,32.17751],[-91.8358,32.18041],[-91.8321,32.18031],[-91.8279,32.19101],[-91.82349,32.19061],[-91.8239,32.20271],[-91.8203,32.20541],[-91.81969,32.21361],[-91.8091,32.21851],[-91.80869,32.22121],[-91.7924,32.22601],[-91.793,32.23021],[-91.7855,32.23651],[-91.78709,32.23861],[-91.7812,32.24041],[-91.77789,32.23901],[-91.77969,32.24251],[-91.7756,32.24361],[-91.7717,32.24871],[-91.77299,32.25401],[-91.7699,32.25721],[-91.77399,32.26381],[-91.7715,32.27231],[-91.77399,32.27291],[-91.77409,32.27661],[-91.7683,32.28171],[-91.7672,32.28881],[-91.7642,32.29111],[-91.7636,32.29491],[-91.7679,32.29521],[-91.7625,32.29921],[-91.7669,32.30251],[-91.7608,32.30631],[-91.7593,32.31031],[-91.76479,32.31091],[-91.75919,32.31881],[-91.7634,32.32931],[-91.7606,32.33501],[-91.7541,32.33431],[-91.74409,32.33891],[-91.7401,32.33381],[-91.7286,32.33381],[-91.7207,32.33571],[-91.714,32.34311],[-91.70309,32.34281],[-91.69949,32.35541],[-91.7027,32.35821],[-91.6972,32.36371],[-91.6983,32.36971],[-91.6805,32.37391],[-91.67979,32.38301],[-91.66959,32.38431],[-91.6708,32.38711],[-91.6683,32.38821],[-91.65829,32.38691],[-91.65659,32.39061],[-91.65379,32.38871],[-91.64909,32.38991],[-91.6498,32.39291],[-91.6433,32.39391],[-91.64079,32.40281],[-91.63789,32.40081],[-91.6315,32.40441],[-91.6171,32.40561],[-91.47729,32.40581],[-91.4759,32.40371],[-91.48309,32.40221],[-91.48399,32.39741],[-91.48029,32.39661],[-91.4734,32.38281],[-91.4521,32.36911],[-91.4509,32.36131],[-91.46349,32.35171],[-91.47369,32.35151],[-91.4796,32.35441],[-91.48389,32.36571],[-91.501,32.34651],[-91.5006,32.34331],[-91.494,32.33871],[-91.4826,32.34221],[-91.4749,32.34161],[-91.4732,32.33911],[-91.4754,32.33421],[-91.4714,32.31981],[-91.4729,32.31651],[-91.4823,32.31781],[-91.5006,32.31591],[-91.5038,32.31351],[-91.50249,32.30441],[-91.5052,32.29311],[-91.5116,32.29851],[-91.5206,32.30191],[-91.5266,32.30061],[-91.5293,32.29421],[-91.52399,32.27731],[-91.52409,32.25221],[-91.5289,32.24971],[-91.5341,32.25111],[-91.53609,32.25481],[-91.5434,32.25911],[-91.5497,32.25901],[-91.5556,32.25431],[-91.557,32.24961],[-91.54169,32.23801],[-91.5289,32.23451],[-91.51929,32.23631],[-91.5126,32.24571],[-91.5099,32.24481],[-91.5177,32.22561],[-91.52509,32.22101],[-91.5385,32.22011],[-91.5468,32.20671],[-91.5393,32.20791],[-91.5358,32.20411],[-91.4927,32.20331]]]}},{"type":"Feature","properties":{"layer":"county","state":"LA","cwa":"LCH","name":"Evangeline","fips":"22039"},"geometry":{"type":"Polygon","coordinates":[[[-92.388,31.00211],[-92.38129,31.00191],[-92.37389,30.99271],[-92.36829,30.99071],[-92.3605,30.99181],[-92.35809,30.98511],[-92.34319,30.98161],[-92.34019,30.97841],[-92.3445,30.97151],[-92.3279,30.97181],[-92.3259,30.96961],[-92.3306,30.96331],[-92.28069,30.96511],[-92.28069,30.93731],[-92.23859,30.89261],[-92.23769,30.84821],[-92.2127,30.84861],[-92.21059,30.79251],[-92.2029,30.78221],[-92.19099,30.77831],[-92.1819,30.77001],[-92.17339,30.76811],[-92.1728,30.67461],[-92.17609,30.67381],[-92.17979,30.66601],[-92.18559,30.66641],[-92.20029,30.65621],[-92.2009,30.64701],[-92.2047,30.63921],[-92.20419,30.62651],[-92.2101,30.61951],[-92.21169,30.61331],[-92.212,30.56801],[-92.2623,30.56811],[-92.2626,30.53861],[-92.4185,30.53861],[-92.4296,30.53461],[-92.4361,30.53611],[-92.446,30.53431],[-92.4601,30.52421],[-92.4639,30.51321],[-92.4629,30.50091],[-92.465,30.49521],[-92.4702,30.49371],[-92.477,30.49541],[-92.4931,30.48101],[-92.632,30.48101],[-92.6337,30.48291],[-92.6306,30.48371],[-92.6225,30.49411],[-92.62199,30.49931],[-92.6151,30.50671],[-92.6169,30.50801],[-92.6161,30.51301],[-92.6234,30.51861],[-92.6147,30.52831],[-92.6057,30.52981],[-92.6035,30.53451],[-92.6004,30.53501],[-92.6009,30.54121],[-92.5944,30.54531],[-92.5935,30.55651],[-92.5899,30.55591],[-92.5858,30.55871],[-92.5836,30.56751],[-92.5972,30.58251],[-92.5976,30.59181],[-92.5973,30.89611],[-92.5606,30.89851],[-92.54829,30.90271],[-92.5407,30.89811],[-92.52779,30.89921],[-92.52489,30.89381],[-92.5202,30.89371],[-92.4984,30.90081],[-92.4879,30.90861],[-92.481,30.91911],[-92.47919,30.92521],[-92.48209,30.94431],[-92.48009,30.95151],[-92.4721,30.95281],[-92.4687,30.95741],[-92.45969,30.95611],[-92.45139,30.96341],[-92.4189,30.97531],[-92.4135,30.97961],[-92.409,30.99211],[-92.40549,30.99501],[-92.39349,30.99781],[-92.388,31.00211]]]}},{"type":"Feature","properties":{"layer":"county","state":"LA","cwa":"JAN","name":"East Carroll","fips":"22035"},"geometry":{"type":"Polygon","coordinates":[[[-91.2226,33.00461],[-91.1662,33.00381],[-91.1729,32.98671],[-91.20119,32.96201],[-91.202,32.95731],[-91.1987,32.95101],[-91.2074,32.94431],[-91.2129,32.93531],[-91.214,32.92721],[-91.2111,32.91911],[-91.1973,32.90721],[-91.1688,32.89941],[-91.15269,32.90161],[-91.14449,32.90611],[-91.1336,32.91851],[-91.1312,32.92761],[-91.1377,32.95461],[-91.1315,32.96071],[-91.1312,32.96421],[-91.1385,32.97131],[-91.1349,32.98001],[-91.11179,32.98831],[-91.0981,32.98681],[-91.0868,32.97631],[-91.07919,32.95551],[-91.0822,32.94551],[-91.06989,32.93491],[-91.0639,32.92341],[-91.0637,32.90481],[-91.07059,32.88861],[-91.1057,32.85841],[-91.12959,32.85411],[-91.14169,32.84621],[-91.1511,32.82861],[-91.159,32.82051],[-91.1614,32.81301],[-91.16119,32.80081],[-91.1644,32.78581],[-91.1563,32.78001],[-91.1657,32.75801],[-91.1634,32.74701],[-91.1545,32.74231],[-91.1241,32.74301],[-91.0906,32.73611],[-91.0608,32.72751],[-91.0545,32.72211],[-91.05759,32.71191],[-91.0639,32.70291],[-91.0761,32.69371],[-91.09879,32.68531],[-91.11829,32.67411],[-91.1373,32.65121],[-91.1525,32.64081],[-91.15369,32.62721],[-91.14619,32.60411],[-91.1358,32.59211],[-91.12579,32.58551],[-91.1205,32.58481],[-91.1148,32.59061],[-91.1078,32.59011],[-91.0795,32.60071],[-91.0509,32.60701],[-91.0378,32.63711],[-91.0267,32.64591],[-91.01379,32.64001],[-91.0049,32.62781],[-91.00269,32.61761],[-91.00459,32.60981],[-91.0112,32.60091],[-91.0402,32.57651],[-91.0709,32.56261],[-91.1084,32.56261],[-91.1085,32.55621],[-91.1297,32.54561],[-91.1337,32.53791],[-91.4577,32.53781],[-91.4554,32.54091],[-91.4407,32.54351],[-91.4388,32.54671],[-91.44189,32.55191],[-91.4314,32.56101],[-91.44389,32.57711],[-91.4444,32.58481],[-91.42699,32.59941],[-91.4068,32.60431],[-91.39729,32.60921],[-91.39529,32.61251],[-91.4042,32.61721],[-91.4059,32.62231],[-91.4004,32.63191],[-91.4032,32.63681],[-91.4022,32.64051],[-91.39639,32.64081],[-91.39449,32.64561],[-91.39819,32.64841],[-91.39529,32.65781],[-91.39999,32.65711],[-91.4014,32.65911],[-91.3985,32.66201],[-91.4034,32.68061],[-91.3977,32.68321],[-91.39819,32.69271],[-91.3856,32.69071],[-91.37849,32.69241],[-91.3792,32.68991],[-91.3764,32.68851],[-91.37489,32.69071],[-91.37659,32.69461],[-91.37389,32.69681],[-91.3779,32.70001],[-91.377,32.70711],[-91.3718,32.71571],[-91.37379,32.71811],[-91.35619,32.74041],[-91.3436,32.74931],[-91.3399,32.82121],[-91.341,32.82301],[-91.3473,32.82231],[-91.34689,32.83271],[-91.33939,32.85281],[-91.3407,32.86061],[-91.3344,32.86151],[-91.33569,32.86501],[-91.33199,32.86681],[-91.32899,32.87241],[-91.3213,32.86431],[-91.3093,32.88001],[-91.3081,32.88361],[-91.31139,32.88531],[-91.312,32.91341],[-91.3024,32.92721],[-91.3091,32.93541],[-91.29659,32.94881],[-91.2948,32.94641],[-91.2916,32.95171],[-91.2896,32.94981],[-91.2808,32.95071],[-91.27589,32.95571],[-91.2743,32.96501],[-91.2782,32.97211],[-91.2765,32.97561],[-91.2739,32.97581],[-91.27309,32.97311],[-91.268,32.97481],[-91.2737,32.98771],[-91.26279,32.99231],[-91.2616,33.00121],[-91.2642,33.00481],[-91.2226,33.00461]]]}},{"type":"Feature","properties":{"layer":"county","state":"LA","cwa":"SHV","name":"De Soto","fips":"22031"},"geometry":{"type":"Polygon","coordinates":[[[-93.7661,32.34481],[-93.7487,32.34111],[-93.7448,32.33871],[-93.7381,32.32671],[-93.7306,32.32621],[-93.7267,32.32861],[-93.71519,32.31651],[-93.7026,32.31861],[-93.6981,32.32461],[-93.688,32.31671],[-93.67599,32.31861],[-93.6661,32.31721],[-93.64809,32.30511],[-93.63799,32.29101],[-93.62569,32.28451],[-93.61459,32.26991],[-93.61819,32.25661],[-93.6147,32.23751],[-93.6057,32.23061],[-93.59779,32.22031],[-93.5983,32.21181],[-93.5938,32.20631],[-93.5592,32.19301],[-93.53699,32.19351],[-93.5237,32.17691],[-93.5199,32.14361],[-93.5098,32.13261],[-93.5099,32.12961],[-93.5131,32.12621],[-93.5245,32.12381],[-93.52979,32.11611],[-93.53709,32.11281],[-93.5406,32.10381],[-93.5144,32.08501],[-93.51369,32.08071],[-93.5062,32.07301],[-93.5049,32.06471],[-93.4835,32.05931],[-93.4799,32.05641],[-93.4809,32.03151],[-93.4768,32.02721],[-93.4657,32.02531],[-93.4609,32.02081],[-93.4582,32.00761],[-93.452,32.00041],[-93.44759,31.99881],[-93.4408,31.98921],[-93.4235,31.99001],[-93.4235,31.98471],[-93.4144,31.98911],[-93.4071,31.98791],[-93.4006,31.97871],[-93.3817,31.96581],[-93.3744,31.96361],[-93.3728,31.96071],[-93.3744,31.95661],[-93.3695,31.94951],[-93.3679,31.93811],[-93.36559,31.93601],[-93.3541,31.93591],[-93.3547,31.93151],[-93.3765,31.93281],[-93.3779,31.92341],[-93.3871,31.92531],[-93.3948,31.91891],[-93.3998,31.91811],[-93.4086,31.91971],[-93.4142,31.92431],[-93.4154,31.93381],[-93.4237,31.93111],[-93.4258,31.92551],[-93.4306,31.92461],[-93.4409,31.91301],[-93.4378,31.90761],[-93.4408,31.89401],[-93.4415,31.84521],[-93.8792,31.84441],[-93.8845,31.85011],[-93.88309,31.85451],[-93.8892,31.85591],[-93.8815,31.86681],[-93.8843,31.86921],[-93.88509,31.86591],[-93.8932,31.87231],[-93.892,31.87531],[-93.9005,31.87461],[-93.9016,31.87821],[-93.8967,31.88691],[-93.9014,31.89691],[-93.906,31.89101],[-93.91589,31.89271],[-93.91679,31.89031],[-93.91969,31.89061],[-93.92039,31.88631],[-93.9258,31.88821],[-93.9278,31.89221],[-93.93179,31.89251],[-93.922,31.90461],[-93.9255,31.90911],[-93.9294,31.91231],[-93.9366,31.90961],[-93.9534,31.91061],[-93.9595,31.92271],[-93.9629,31.92401],[-93.9704,31.92011],[-93.974,31.92241],[-93.98309,31.94041],[-93.9964,31.95521],[-94.0062,31.97231],[-94.0162,31.98061],[-94.0188,31.99191],[-94.0224,31.99071],[-94.02879,31.99571],[-94.0421,31.99321],[-94.04259,32.19601],[-93.951,32.19561],[-93.9203,32.21581],[-93.8946,32.22861],[-93.8743,32.24241],[-93.8752,32.24501],[-93.8725,32.24731],[-93.8633,32.25171],[-93.8575,32.26091],[-93.8564,32.28031],[-93.8517,32.28901],[-93.80859,32.31171],[-93.8081,32.32301],[-93.8047,32.33071],[-93.784,32.34231],[-93.77599,32.34031],[-93.7661,32.34481]]]}},{"type":"Feature","properties":{"layer":"county","state":"LA","cwa":"JAN","name":"Concordia","fips":"22029"},"geometry":{"type":"Polygon","coordinates":[[[-91.559,31.72641],[-91.54819,31.72261],[-91.5375,31.73211],[-91.5354,31.73881],[-91.5366,31.74341],[-91.5451,31.75211],[-91.4369,31.75081],[-91.42419,31.75491],[-91.4189,31.75241],[-91.4003,31.75371],[-91.3946,31.74721],[-91.3784,31.74761],[-91.3799,31.73401],[-91.39729,31.71071],[-91.3992,31.70181],[-91.39999,31.68651],[-91.3959,31.64181],[-91.3984,31.62621],[-91.4017,31.62031],[-91.4202,31.61191],[-91.43909,31.61341],[-91.46329,31.62031],[-91.4758,31.62631],[-91.49239,31.64391],[-91.49689,31.64541],[-91.51009,31.63681],[-91.5164,31.62811],[-91.51759,31.61641],[-91.513,31.60691],[-91.5028,31.59571],[-91.4864,31.58661],[-91.461,31.58691],[-91.43259,31.59611],[-91.4227,31.59711],[-91.4125,31.59501],[-91.4042,31.58951],[-91.4062,31.57321],[-91.40929,31.56771],[-91.4415,31.54381],[-91.4797,31.53041],[-91.49039,31.53421],[-91.51469,31.53161],[-91.5227,31.52101],[-91.5206,31.51341],[-91.51569,31.51101],[-91.5152,31.50811],[-91.518,31.47631],[-91.5134,31.44441],[-91.50529,31.43291],[-91.48019,31.41031],[-91.47099,31.39871],[-91.465,31.38401],[-91.4674,31.37611],[-91.4789,31.36491],[-91.50439,31.36511],[-91.5189,31.37251],[-91.5323,31.39031],[-91.5394,31.41361],[-91.5383,31.42631],[-91.5442,31.43281],[-91.5485,31.43271],[-91.56519,31.42341],[-91.57629,31.41051],[-91.57829,31.39911],[-91.5685,31.37801],[-91.5564,31.38621],[-91.54639,31.38231],[-91.5499,31.37611],[-91.5509,31.36361],[-91.54749,31.35151],[-91.5486,31.34791],[-91.54559,31.34371],[-91.5355,31.33811],[-91.53239,31.33251],[-91.5094,31.31601],[-91.50829,31.29581],[-91.5126,31.28321],[-91.5224,31.27341],[-91.55389,31.26301],[-91.57449,31.26131],[-91.6214,31.26781],[-91.6377,31.26771],[-91.6493,31.26171],[-91.65469,31.25361],[-91.65199,31.24271],[-91.64439,31.23441],[-91.6251,31.22611],[-91.6076,31.21341],[-91.59499,31.20201],[-91.5901,31.19371],[-91.59019,31.17561],[-91.59969,31.15961],[-91.6242,31.13371],[-91.6265,31.11911],[-91.6186,31.10731],[-91.5947,31.09141],[-91.56419,31.06681],[-91.5599,31.05411],[-91.5644,31.03901],[-91.5752,31.02651],[-91.5905,31.01731],[-91.6365,30.99941],[-91.6494,30.98261],[-91.6625,30.97031],[-91.6635,30.98061],[-91.65829,30.99341],[-91.65929,30.99641],[-91.6542,31.00861],[-91.6441,31.02311],[-91.6489,31.03681],[-91.6637,31.04481],[-91.6853,31.04321],[-91.69669,31.03921],[-91.7185,31.04071],[-91.723,31.04381],[-91.70969,31.07591],[-91.7187,31.08211],[-91.71909,31.08841],[-91.717,31.09221],[-91.7067,31.09861],[-91.7036,31.10471],[-91.70599,31.11361],[-91.7176,31.11911],[-91.7192,31.12961],[-91.71719,31.13951],[-91.7027,31.16181],[-91.68449,31.16261],[-91.6822,31.16831],[-91.68349,31.17581],[-91.6775,31.18791],[-91.68819,31.20011],[-91.70419,31.20811],[-91.7138,31.20681],[-91.72189,31.19981],[-91.737,31.20391],[-91.74149,31.20611],[-91.7447,31.21311],[-91.7578,31.22181],[-91.7832,31.22341],[-91.811,31.23711],[-91.8138,31.24021],[-91.8138,31.25031],[-91.826,31.25631],[-91.83379,31.26701],[-91.8237,31.27761],[-91.8219,31.28761],[-91.82359,31.29321],[-91.82919,31.29501],[-91.84779,31.29371],[-91.85789,31.29861],[-91.8644,31.30551],[-91.867,31.31241],[-91.8672,31.33061],[-91.8633,31.35441],[-91.8612,31.36041],[-91.852,31.37111],[-91.8414,31.37751],[-91.8316,31.37901],[-91.80939,31.37071],[-91.79089,31.37391],[-91.7771,31.38441],[-91.7792,31.39181],[-91.7828,31.39401],[-91.8212,31.39661],[-91.8373,31.40311],[-91.8494,31.41321],[-91.8559,31.42381],[-91.8638,31.46731],[-91.8604,31.47601],[-91.85419,31.48321],[-91.8573,31.49381],[-91.84789,31.50161],[-91.8388,31.50281],[-91.8295,31.49791],[-91.8237,31.48941],[-91.8102,31.45441],[-91.8103,31.44331],[-91.8071,31.43881],[-91.77969,31.44091],[-91.76649,31.43311],[-91.755,31.43051],[-91.73859,31.43151],[-91.72659,31.43641],[-91.7221,31.44241],[-91.72099,31.45081],[-91.72469,31.45991],[-91.7314,31.46581],[-91.779,31.46811],[-91.7988,31.47331],[-91.8046,31.47951],[-91.80209,31.49111],[-91.7877,31.49961],[-91.7808,31.50741],[-91.7766,31.51741],[-91.7764,31.52501],[-91.7865,31.53831],[-91.8125,31.55471],[-91.8243,31.56661],[-91.8275,31.58091],[-91.8269,31.59161],[-91.8156,31.61821],[-91.8061,31.63111],[-91.77399,31.64881],[-91.7652,31.64481],[-91.75729,31.62471],[-91.7457,31.61491],[-91.73389,31.61581],[-91.7114,31.63401],[-91.70599,31.64291],[-91.7058,31.64931],[-91.7127,31.66601],[-91.7141,31.67681],[-91.7025,31.70071],[-91.69659,31.73181],[-91.6925,31.73731],[-91.6831,31.74341],[-91.6755,31.74101],[-91.6601,31.72851],[-91.6392,31.72821],[-91.6194,31.73991],[-91.60609,31.75921],[-91.59689,31.76211],[-91.5849,31.75671],[-91.5741,31.73801],[-91.559,31.72641]]]}},{"type":"Feature","properties":{"layer":"county","state":"LA","cwa":"SHV","name":"Claiborne","fips":"22027"},"geometry":{"type":"Polygon","coordinates":[[[-93.197,33.01791],[-92.98869,33.01791],[-92.7253,33.01401],[-92.7254,32.81801],[-92.73399,32.81801],[-92.73399,32.81451],[-92.7336,32.80391],[-92.7254,32.80341],[-92.7251,32.75961],[-92.8286,32.75841],[-92.8286,32.71271],[-92.84029,32.70911],[-92.8526,32.69201],[-92.8629,32.68731],[-92.86729,32.67081],[-92.8602,32.63211],[-92.8671,32.60771],[-92.87289,32.60231],[-92.8807,32.60031],[-92.8815,32.58501],[-93.1782,32.58381],[-93.18179,32.58681],[-93.1804,32.59931],[-93.17709,32.60121],[-93.17789,32.62531],[-93.17419,32.63241],[-93.17709,32.63631],[-93.1758,32.64731],[-93.1806,32.65421],[-93.1763,32.65771],[-93.1769,32.66111],[-93.1782,32.66471],[-93.18259,32.66621],[-93.17889,32.67121],[-93.18629,32.67261],[-93.1866,32.71611],[-93.2372,32.71641],[-93.2392,33.01801],[-93.197,33.01791]]]}},{"type":"Feature","properties":{"layer":"county","state":"LA","cwa":"JAN","name":"Catahoula","fips":"22025"},"geometry":{"type":"Polygon","coordinates":[[[-91.86349,31.95901],[-91.8634,31.96521],[-91.8613,31.96581],[-91.85889,31.95671],[-91.8522,31.95721],[-91.85059,31.95311],[-91.8446,31.95591],[-91.8482,31.94941],[-91.8457,31.94561],[-91.8493,31.94551],[-91.842,31.93901],[-91.8417,31.93561],[-91.8296,31.93541],[-91.83369,31.92781],[-91.82549,31.92351],[-91.82259,31.91731],[-91.8144,31.92181],[-91.8101,31.91661],[-91.8075,31.91581],[-91.80479,31.91831],[-91.8017,31.91681],[-91.80119,31.90741],[-91.7951,31.90401],[-91.8015,31.89991],[-91.80489,31.89411],[-91.7939,31.88901],[-91.78909,31.89311],[-91.7884,31.88741],[-91.7792,31.88811],[-91.7799,31.88151],[-91.7845,31.87851],[-91.7819,31.87281],[-91.779,31.87241],[-91.7571,31.88451],[-91.7463,31.88121],[-91.7295,31.88261],[-91.7249,31.88561],[-91.7193,31.89471],[-91.7066,31.89581],[-91.69669,31.90371],[-91.69469,31.91281],[-91.6876,31.91901],[-91.68089,31.92411],[-91.6699,31.92561],[-91.66759,31.92831],[-91.66779,31.93211],[-91.65639,31.94831],[-91.6483,31.95551],[-91.64629,31.96181],[-91.6476,31.96991],[-91.59689,31.96971],[-91.5971,31.88261],[-91.57629,31.88241],[-91.5757,31.87591],[-91.5798,31.86981],[-91.57909,31.86661],[-91.5775,31.86361],[-91.5703,31.86231],[-91.56879,31.82631],[-91.5778,31.80521],[-91.578,31.79701],[-91.572,31.78491],[-91.5537,31.76011],[-91.5366,31.74341],[-91.5359,31.73541],[-91.5452,31.72401],[-91.5555,31.72391],[-91.5741,31.73801],[-91.5849,31.75671],[-91.59689,31.76211],[-91.60609,31.75921],[-91.6194,31.73991],[-91.6392,31.72821],[-91.6601,31.72851],[-91.6755,31.74101],[-91.6831,31.74341],[-91.6925,31.73731],[-91.69659,31.73181],[-91.7025,31.70071],[-91.7141,31.67681],[-91.7127,31.66601],[-91.7058,31.64931],[-91.70599,31.64291],[-91.7114,31.63401],[-91.73769,31.61411],[-91.7457,31.61491],[-91.75359,31.61971],[-91.7626,31.64081],[-91.7687,31.64751],[-91.77779,31.64721],[-91.8061,31.63111],[-91.8156,31.61821],[-91.8247,31.59871],[-91.8277,31.58351],[-91.8258,31.57031],[-91.8149,31.55651],[-91.7837,31.53561],[-91.7782,31.52881],[-91.7761,31.52101],[-91.78329,31.50351],[-91.80209,31.49111],[-91.8046,31.47951],[-91.7988,31.47331],[-91.779,31.46811],[-91.7314,31.46581],[-91.7222,31.45521],[-91.7221,31.44241],[-91.7298,31.43441],[-91.74989,31.43071],[-91.76649,31.43311],[-91.77969,31.44091],[-91.8071,31.43881],[-91.8103,31.44331],[-91.81139,31.45791],[-91.827,31.49501],[-91.8334,31.50061],[-91.8419,31.50321],[-91.8557,31.49601],[-91.85709,31.49061],[-91.85419,31.48321],[-91.8604,31.47601],[-91.8638,31.46731],[-91.8545,31.41991],[-91.8455,31.40951],[-91.8344,31.40161],[-91.81699,31.39561],[-91.7857,31.39501],[-91.7792,31.39181],[-91.7771,31.38821],[-91.77969,31.38081],[-91.78889,31.37491],[-91.80939,31.37071],[-91.8277,31.37841],[-91.8414,31.37751],[-91.85719,31.36631],[-91.86259,31.35751],[-91.8672,31.33061],[-91.8658,31.30831],[-91.85789,31.29861],[-91.84779,31.29371],[-91.82919,31.29501],[-91.82359,31.29321],[-91.8219,31.28761],[-91.8237,31.27761],[-91.83379,31.26701],[-91.8377,31.26771],[-91.85,31.26201],[-91.8576,31.26651],[-91.8697,31.28071],[-91.88879,31.29161],[-91.9089,31.29681],[-91.9269,31.29481],[-91.9387,31.28511],[-91.9465,31.27101],[-91.9377,31.24981],[-91.936,31.23931],[-91.9294,31.23611],[-91.9235,31.23811],[-91.921,31.23641],[-91.921,31.23101],[-91.9319,31.22961],[-91.9442,31.22121],[-91.94669,31.22611],[-91.9468,31.24031],[-91.9508,31.24451],[-91.95879,31.24531],[-91.9622,31.24291],[-91.96429,31.23561],[-91.9704,31.22781],[-91.9799,31.22371],[-91.98669,31.22411],[-91.9946,31.22991],[-91.9907,31.23661],[-91.9922,31.23901],[-92.004,31.24291],[-91.9888,31.24871],[-91.9875,31.25111],[-91.99799,31.25331],[-92.00439,31.26311],[-92.0031,31.26671],[-91.9955,31.26701],[-91.99249,31.27311],[-92.0013,31.27041],[-92.005,31.27581],[-92.01189,31.27761],[-92.0105,31.28251],[-92.0196,31.28051],[-92.0234,31.28371],[-92.02229,31.28651],[-92.0149,31.28961],[-92.0197,31.29541],[-92.017,31.30201],[-92.0112,31.30141],[-92.0116,31.29401],[-92.0089,31.29281],[-92.0062,31.29691],[-91.9964,31.29821],[-92.00829,31.30941],[-92.00179,31.31731],[-92.003,31.32361],[-92.0084,31.32591],[-92.0085,31.75951],[-92.00819,31.78951],[-92.0059,31.79931],[-92.00549,31.92431],[-92.00459,31.92731],[-92.0001,31.92751],[-91.9044,31.92751],[-91.90369,31.97151],[-91.881,31.96941],[-91.86349,31.95901]]]}},{"type":"Feature","properties":{"layer":"county","state":"LA","cwa":"SHV","name":"Caldwell","fips":"22021"},"geometry":{"type":"Polygon","coordinates":[[[-92.0005,32.25841],[-91.9995,32.25251],[-91.9865,32.25191],[-91.9977,32.24501],[-91.9985,32.23651],[-92.0011,32.23331],[-92.007,32.23191],[-92.0059,32.22941],[-91.9963,32.22851],[-91.991,32.22461],[-91.9935,32.21891],[-92.0004,32.21581],[-92.00069,32.21251],[-91.9903,32.21261],[-91.9976,32.20541],[-92.0071,32.20091],[-92.009,32.19351],[-92.00729,32.19101],[-91.99979,32.19081],[-91.9758,32.20431],[-91.973,32.19921],[-91.9836,32.19121],[-91.9762,32.17921],[-91.981,32.16911],[-91.9796,32.16641],[-91.9609,32.16951],[-91.9544,32.17371],[-91.9479,32.17201],[-91.94279,32.17521],[-91.93829,32.16811],[-91.9325,32.16521],[-91.9222,32.16801],[-91.9163,32.16621],[-91.9098,32.16781],[-91.8951,32.16371],[-91.8923,32.16131],[-91.8961,32.15951],[-91.8938,32.15711],[-91.89989,32.15291],[-91.8952,32.15221],[-91.8975,32.14241],[-91.88329,32.13101],[-91.88499,32.12041],[-91.8825,32.11991],[-91.8789,32.12571],[-91.8754,32.12671],[-91.8699,32.11841],[-91.8756,32.10581],[-91.86819,32.09931],[-91.8704,32.09601],[-91.8685,32.09211],[-91.8782,32.08801],[-91.88869,32.09011],[-91.891,32.08411],[-91.8977,32.08591],[-91.90179,32.07551],[-91.9032,32.08211],[-91.90639,32.08011],[-91.9132,32.08451],[-91.9126,32.08071],[-91.91579,32.07771],[-91.9266,32.07501],[-91.93269,32.06621],[-91.924,32.06691],[-91.9191,32.05871],[-91.91589,32.05761],[-91.9114,32.06161],[-91.90929,32.06061],[-91.9134,32.05581],[-91.91219,32.05201],[-91.8993,32.03931],[-91.9031,32.03971],[-91.9042,32.03721],[-91.8988,32.03221],[-91.9025,32.02491],[-91.8946,32.01021],[-91.8989,32.00891],[-91.897,32.00001],[-91.9013,31.99661],[-91.90079,31.99351],[-91.8977,31.99271],[-91.8986,31.98751],[-91.8927,31.98221],[-91.88979,31.97131],[-91.90369,31.97151],[-91.9044,31.92751],[-92.3125,31.92761],[-92.3119,32.27741],[-92.1703,32.27671],[-92.16489,32.27611],[-92.1616,32.26961],[-92.1524,32.26371],[-92.1522,32.25941],[-92.1357,32.25861],[-92.10609,32.25851],[-92.10529,32.27661],[-92.03439,32.27781],[-91.99319,32.27591],[-91.9929,32.26341],[-92.0005,32.25841]]]}},{"type":"Feature","properties":{"layer":"county","state":"LA","cwa":"SHV","name":"Caddo","fips":"22017"},"geometry":{"type":"MultiPolygon","coordinates":[[[[-93.502,32.28221],[-93.50629,32.28131],[-93.5051,32.28391],[-93.5019,32.28541],[-93.502,32.28221]]],[[[-93.8209,33.01941],[-93.8153,33.01821],[-93.8271,33.00951],[-93.8175,32.97711],[-93.83199,32.95641],[-93.84219,32.95371],[-93.8445,32.94901],[-93.8407,32.94631],[-93.8243,32.94621],[-93.80769,32.93831],[-93.8016,32.93281],[-93.8022,32.92881],[-93.80869,32.92211],[-93.8213,32.90041],[-93.8183,32.88071],[-93.8121,32.87471],[-93.8056,32.87401],[-93.8008,32.87071],[-93.8027,32.86041],[-93.8145,32.85221],[-93.8007,32.84691],[-93.7894,32.86171],[-93.78529,32.85681],[-93.78519,32.84591],[-93.7888,32.82471],[-93.7957,32.81051],[-93.7998,32.80691],[-93.8193,32.79981],[-93.8243,32.79161],[-93.8211,32.78321],[-93.8182,32.78221],[-93.8033,32.79701],[-93.7932,32.79901],[-93.78699,32.79341],[-93.78339,32.78231],[-93.7856,32.76811],[-93.7902,32.76071],[-93.81689,32.73911],[-93.8261,32.71731],[-93.8241,32.71271],[-93.81879,32.71091],[-93.8111,32.72021],[-93.8026,32.72611],[-93.7929,32.72641],[-93.78339,32.72121],[-93.7821,32.71231],[-93.7883,32.67281],[-93.7869,32.66921],[-93.7752,32.67371],[-93.7757,32.66451],[-93.76579,32.65271],[-93.77029,32.64921],[-93.7794,32.64961],[-93.78529,32.64461],[-93.7846,32.64131],[-93.7746,32.63661],[-93.7708,32.63651],[-93.76289,32.64131],[-93.7608,32.63991],[-93.7533,32.63081],[-93.7512,32.62431],[-93.7597,32.60631],[-93.7428,32.60231],[-93.7399,32.59941],[-93.74129,32.59651],[-93.7457,32.59561],[-93.753,32.59981],[-93.7698,32.59511],[-93.7698,32.59211],[-93.7568,32.58761],[-93.7418,32.59151],[-93.7361,32.58611],[-93.73779,32.57791],[-93.7436,32.57021],[-93.76289,32.56231],[-93.7672,32.55611],[-93.76559,32.55141],[-93.7587,32.54821],[-93.7306,32.55101],[-93.72649,32.54341],[-93.7272,32.53711],[-93.7328,32.53221],[-93.7383,32.53541],[-93.7397,32.54211],[-93.74409,32.54641],[-93.7501,32.54481],[-93.7556,32.53671],[-93.767,32.54171],[-93.76749,32.53861],[-93.7566,32.53031],[-93.74979,32.52911],[-93.7454,32.52021],[-93.73309,32.50911],[-93.71999,32.50801],[-93.70599,32.49881],[-93.7074,32.49581],[-93.71819,32.49251],[-93.7173,32.48791],[-93.7027,32.49491],[-93.6866,32.48071],[-93.68449,32.47511],[-93.6946,32.46791],[-93.6961,32.46201],[-93.68079,32.46591],[-93.6796,32.45701],[-93.6821,32.44171],[-93.675,32.44101],[-93.6618,32.42811],[-93.6662,32.42291],[-93.6748,32.42231],[-93.6755,32.43161],[-93.6791,32.43301],[-93.6842,32.42611],[-93.6913,32.42301],[-93.6848,32.41781],[-93.66039,32.41581],[-93.6795,32.41241],[-93.6859,32.40801],[-93.68739,32.39951],[-93.68349,32.39331],[-93.6707,32.38871],[-93.6618,32.38871],[-93.6619,32.39251],[-93.6681,32.40131],[-93.6671,32.40501],[-93.6635,32.40631],[-93.6505,32.40391],[-93.6409,32.39671],[-93.63599,32.39581],[-93.6371,32.39331],[-93.6347,32.39351],[-93.6327,32.39891],[-93.62659,32.39941],[-93.6254,32.39421],[-93.6306,32.38701],[-93.6311,32.38131],[-93.63,32.37031],[-93.6251,32.36201],[-93.6179,32.36411],[-93.60999,32.37771],[-93.6049,32.37951],[-93.60329,32.37721],[-93.6139,32.35671],[-93.62199,32.35451],[-93.6209,32.35101],[-93.6169,32.34881],[-93.5851,32.34791],[-93.5821,32.34351],[-93.5851,32.33691],[-93.57339,32.34041],[-93.5834,32.33111],[-93.5797,32.32761],[-93.5657,32.33111],[-93.56319,32.33301],[-93.5627,32.34271],[-93.5589,32.34571],[-93.556,32.34481],[-93.55489,32.33101],[-93.545,32.32651],[-93.5506,32.32111],[-93.5462,32.30721],[-93.54369,32.30701],[-93.5414,32.31661],[-93.5386,32.31821],[-93.52959,32.31431],[-93.5274,32.31091],[-93.5304,32.30641],[-93.5388,32.30251],[-93.5377,32.29621],[-93.53979,32.29471],[-93.5533,32.29601],[-93.55289,32.29351],[-93.5392,32.28991],[-93.52679,32.29721],[-93.5173,32.29861],[-93.5146,32.29701],[-93.516,32.28671],[-93.5245,32.27311],[-93.5219,32.27181],[-93.5107,32.27751],[-93.5084,32.27211],[-93.4939,32.26641],[-93.49129,32.26251],[-93.4928,32.25811],[-93.4898,32.24391],[-93.4777,32.24351],[-93.4856,32.25121],[-93.48669,32.25591],[-93.4837,32.25691],[-93.4733,32.24901],[-93.46259,32.25061],[-93.4621,32.24791],[-93.47179,32.24241],[-93.4724,32.23771],[-93.6147,32.23751],[-93.61819,32.25661],[-93.6148,32.26431],[-93.61629,32.27331],[-93.62569,32.28451],[-93.63799,32.29101],[-93.64809,32.30511],[-93.66029,32.31171],[-93.6614,32.31461],[-93.67599,32.31861],[-93.688,32.31671],[-93.6981,32.32461],[-93.7026,32.31861],[-93.71519,32.31651],[-93.7267,32.32861],[-93.7306,32.32621],[-93.7381,32.32671],[-93.7448,32.33871],[-93.7487,32.34111],[-93.7661,32.34481],[-93.77599,32.34031],[-93.784,32.34231],[-93.8047,32.33071],[-93.8081,32.32301],[-93.80859,32.31171],[-93.8517,32.28901],[-93.8564,32.28031],[-93.8575,32.26091],[-93.8633,32.25171],[-93.8725,32.24731],[-93.8752,32.24501],[-93.8743,32.24241],[-93.8946,32.22861],[-93.9203,32.21581],[-93.951,32.19561],[-94.04259,32.19601],[-94.043,33.01951],[-93.8209,33.01941]]]]}},{"type":"Feature","properties":{"layer":"county","state":"LA","cwa":"SHV","name":"Bossier","fips":"22015"},"geometry":{"type":"Polygon","coordinates":[[[-93.73399,33.01951],[-93.521,33.01761],[-93.5151,33.01231],[-93.51659,33.00381],[-93.52579,32.99041],[-93.5254,32.98661],[-93.5298,32.98371],[-93.52979,32.97531],[-93.52689,32.97681],[-93.52679,32.97381],[-93.5303,32.96761],[-93.5196,32.96471],[-93.5192,32.95401],[-93.51379,32.95021],[-93.5127,32.93971],[-93.5009,32.93201],[-93.49689,32.92741],[-93.4983,32.92351],[-93.4938,32.92171],[-93.4866,32.92591],[-93.48,32.92631],[-93.4776,32.91851],[-93.46989,32.91721],[-93.4722,32.90991],[-93.46999,32.90471],[-93.4823,32.90471],[-93.48,32.89691],[-93.4809,32.89091],[-93.4665,32.87921],[-93.46439,32.86871],[-93.4511,32.86971],[-93.4487,32.86741],[-93.4534,32.86641],[-93.4571,32.86241],[-93.4517,32.85601],[-93.4553,32.85131],[-93.4623,32.85061],[-93.4667,32.84721],[-93.4555,32.83111],[-93.4595,32.82871],[-93.45509,32.82461],[-93.4553,32.82191],[-93.46069,32.81541],[-93.46049,32.80401],[-93.4646,32.79621],[-93.4723,32.79081],[-93.4742,32.78541],[-93.46619,32.77221],[-93.4702,32.76551],[-93.4693,32.76291],[-93.44469,32.76121],[-93.4464,32.49911],[-93.4412,32.49781],[-93.4412,32.41091],[-93.3727,32.41011],[-93.3924,32.39451],[-93.4191,32.40091],[-93.4255,32.39501],[-93.4283,32.38831],[-93.4282,32.38211],[-93.4246,32.37721],[-93.4174,32.37281],[-93.40469,32.36961],[-93.39989,32.36351],[-93.4011,32.35641],[-93.4104,32.34491],[-93.4172,32.32261],[-93.42619,32.30941],[-93.42609,32.30401],[-93.42229,32.30231],[-93.424,32.29911],[-93.41859,32.29561],[-93.4202,32.29241],[-93.41759,32.28421],[-93.4136,32.28631],[-93.40739,32.28441],[-93.40559,32.27751],[-93.40939,32.27221],[-93.4096,32.26931],[-93.4058,32.26781],[-93.41019,32.25251],[-93.4087,32.25071],[-93.42039,32.23911],[-93.4332,32.23571],[-93.4724,32.23771],[-93.47179,32.24241],[-93.4621,32.24791],[-93.46259,32.25061],[-93.4733,32.24901],[-93.4837,32.25691],[-93.48669,32.25591],[-93.4856,32.25121],[-93.4777,32.24351],[-93.4898,32.24391],[-93.4928,32.25811],[-93.49129,32.26251],[-93.4939,32.26641],[-93.5084,32.27211],[-93.5107,32.27751],[-93.5219,32.27181],[-93.5245,32.27311],[-93.516,32.28671],[-93.5146,32.29701],[-93.5173,32.29861],[-93.52679,32.29721],[-93.5392,32.28991],[-93.55289,32.29351],[-93.5533,32.29601],[-93.53979,32.29471],[-93.5377,32.29621],[-93.5388,32.30251],[-93.5304,32.30641],[-93.5274,32.31091],[-93.52959,32.31431],[-93.5386,32.31821],[-93.5414,32.31661],[-93.54369,32.30701],[-93.5462,32.30721],[-93.5506,32.32111],[-93.545,32.32651],[-93.55489,32.33101],[-93.556,32.34481],[-93.5589,32.34571],[-93.5627,32.34271],[-93.56319,32.33301],[-93.5657,32.33111],[-93.5797,32.32761],[-93.5834,32.33111],[-93.57339,32.34041],[-93.5851,32.33691],[-93.5821,32.34351],[-93.5851,32.34791],[-93.6169,32.34881],[-93.6209,32.35101],[-93.62199,32.35451],[-93.6139,32.35671],[-93.60329,32.37721],[-93.6049,32.37951],[-93.60999,32.37771],[-93.6179,32.36411],[-93.6251,32.36201],[-93.63,32.37031],[-93.6311,32.38131],[-93.6306,32.38701],[-93.6254,32.39421],[-93.62659,32.39941],[-93.6327,32.39891],[-93.6347,32.39351],[-93.6371,32.39331],[-93.63599,32.39581],[-93.6409,32.39671],[-93.6505,32.40391],[-93.6635,32.40631],[-93.6671,32.40501],[-93.6681,32.40131],[-93.6619,32.39251],[-93.6618,32.38871],[-93.6707,32.38871],[-93.68349,32.39331],[-93.68739,32.39951],[-93.6859,32.40801],[-93.6795,32.41241],[-93.66039,32.41581],[-93.6848,32.41781],[-93.6913,32.42301],[-93.6842,32.42611],[-93.6791,32.43301],[-93.6755,32.43161],[-93.6748,32.42231],[-93.6662,32.42291],[-93.6618,32.42811],[-93.675,32.44101],[-93.6821,32.44171],[-93.6796,32.45701],[-93.68079,32.46591],[-93.6961,32.46201],[-93.6946,32.46791],[-93.68449,32.47511],[-93.6866,32.48071],[-93.7027,32.49491],[-93.7173,32.48791],[-93.71819,32.49251],[-93.7074,32.49581],[-93.70599,32.49881],[-93.71999,32.50801],[-93.73309,32.50911],[-93.7454,32.52021],[-93.74979,32.52911],[-93.7566,32.53031],[-93.76749,32.53861],[-93.767,32.54171],[-93.7556,32.53671],[-93.7501,32.54481],[-93.74409,32.54641],[-93.7397,32.54211],[-93.7383,32.53541],[-93.7328,32.53221],[-93.7272,32.53711],[-93.72649,32.54341],[-93.7306,32.55101],[-93.7587,32.54821],[-93.76559,32.55141],[-93.7672,32.55611],[-93.76289,32.56231],[-93.7436,32.57021],[-93.73779,32.57791],[-93.7361,32.58611],[-93.7418,32.59151],[-93.7568,32.58761],[-93.7698,32.59211],[-93.7698,32.59511],[-93.753,32.59981],[-93.7457,32.59561],[-93.74129,32.59651],[-93.7399,32.59941],[-93.7428,32.60231],[-93.7597,32.60631],[-93.7512,32.62431],[-93.7533,32.63081],[-93.7608,32.63991],[-93.76289,32.64131],[-93.7708,32.63651],[-93.7746,32.63661],[-93.7846,32.64131],[-93.78529,32.64461],[-93.7794,32.64961],[-93.77029,32.64921],[-93.76579,32.65271],[-93.7757,32.66451],[-93.7752,32.67371],[-93.7869,32.66921],[-93.7883,32.67281],[-93.7821,32.71231],[-93.78339,32.72121],[-93.7929,32.72641],[-93.79919,32.72681],[-93.8075,32.72341],[-93.81879,32.71091],[-93.82529,32.71451],[-93.825,32.72091],[-93.81689,32.73911],[-93.79279,32.75761],[-93.7856,32.76811],[-93.7838,32.78671],[-93.7894,32.79681],[-93.80019,32.79901],[-93.8182,32.78221],[-93.8211,32.78321],[-93.8243,32.79161],[-93.8193,32.79981],[-93.7998,32.80691],[-93.79359,32.81381],[-93.7869,32.83201],[-93.78529,32.85681],[-93.7894,32.86171],[-93.8007,32.84691],[-93.8145,32.85221],[-93.8027,32.86041],[-93.8008,32.87071],[-93.8056,32.87401],[-93.8121,32.87471],[-93.8183,32.88071],[-93.8213,32.90041],[-93.80869,32.92211],[-93.8022,32.92881],[-93.8016,32.93281],[-93.80769,32.93831],[-93.8243,32.94621],[-93.8407,32.94631],[-93.8445,32.94901],[-93.8443,32.95221],[-93.83199,32.95641],[-93.8175,32.97711],[-93.8271,33.00951],[-93.8248,33.01251],[-93.8153,33.01821],[-93.8054,33.01941],[-93.73399,33.01951]],[[-93.50629,32.28131],[-93.502,32.28221],[-93.5019,32.28541],[-93.5051,32.28391],[-93.50629,32.28131]]]}},{"type":"Feature","properties":{"layer":"county","state":"LA","cwa":"SHV","name":"Bienville","fips":"22013"},"geometry":{"type":"Polygon","coordinates":[[[-92.8872,32.58491],[-92.8815,32.58501],[-92.8807,32.57901],[-92.8793,32.45411],[-92.7772,32.45341],[-92.7738,32.23601],[-92.7829,32.22601],[-92.7828,32.21931],[-92.8014,32.20871],[-92.799,32.20151],[-92.8007,32.19351],[-92.7981,32.18931],[-92.8009,32.18841],[-92.79919,32.18091],[-92.8064,32.17461],[-92.80859,32.16901],[-92.8166,32.16281],[-92.8203,32.16341],[-92.8187,32.15431],[-92.8205,32.15211],[-92.8159,32.14751],[-93.1868,32.14721],[-93.1933,32.17841],[-93.1965,32.18371],[-93.21049,32.19271],[-93.2122,32.19661],[-93.21159,32.22821],[-93.2136,32.23491],[-93.4277,32.23641],[-93.424,32.23941],[-93.42039,32.23911],[-93.4087,32.25071],[-93.41019,32.25251],[-93.4058,32.26781],[-93.4096,32.26931],[-93.40559,32.27751],[-93.40739,32.28441],[-93.4136,32.28631],[-93.41759,32.28421],[-93.4202,32.29241],[-93.41859,32.29561],[-93.424,32.29911],[-93.42229,32.30231],[-93.42609,32.30401],[-93.42619,32.30941],[-93.4172,32.32261],[-93.4104,32.34491],[-93.39999,32.36001],[-93.40099,32.36671],[-93.40469,32.36961],[-93.4208,32.37431],[-93.4282,32.38211],[-93.4272,32.39211],[-93.42239,32.39861],[-93.416,32.40141],[-93.3924,32.39451],[-93.3727,32.41011],[-93.2373,32.41031],[-93.23669,32.45351],[-93.14709,32.45621],[-93.15189,32.45961],[-93.1468,32.47151],[-93.14799,32.47941],[-93.15569,32.48151],[-93.1539,32.48921],[-93.16319,32.50241],[-93.17049,32.52691],[-93.1681,32.52891],[-93.1719,32.54151],[-93.16859,32.55211],[-93.1766,32.57121],[-93.1782,32.58381],[-92.8872,32.58491]]]}},{"type":"Feature","properties":{"layer":"county","state":"LA","cwa":"LCH","name":"Beauregard","fips":"22011"},"geometry":{"type":"Polygon","coordinates":[[[-93.20499,30.88321],[-93.1337,30.88251],[-93.1337,30.87811],[-92.97849,30.87821],[-92.97659,30.79971],[-92.97919,30.59831],[-93.13029,30.59791],[-93.1316,30.40301],[-93.38519,30.40261],[-93.3847,30.49011],[-93.4864,30.49051],[-93.4861,30.40301],[-93.7418,30.40171],[-93.73489,30.40841],[-93.7326,30.41481],[-93.72939,30.41371],[-93.7231,30.42081],[-93.7272,30.42461],[-93.7271,30.42891],[-93.7241,30.43171],[-93.7188,30.42291],[-93.71239,30.43191],[-93.70229,30.43071],[-93.70409,30.43431],[-93.6978,30.44061],[-93.6996,30.44541],[-93.70419,30.44361],[-93.70699,30.44501],[-93.703,30.44991],[-93.7065,30.45651],[-93.6996,30.45871],[-93.7118,30.46971],[-93.71049,30.47481],[-93.7168,30.48221],[-93.71529,30.48471],[-93.71049,30.48281],[-93.7103,30.48571],[-93.7165,30.49401],[-93.71439,30.49751],[-93.7099,30.49791],[-93.7094,30.50051],[-93.7145,30.50131],[-93.7072,30.50701],[-93.7075,30.51031],[-93.7113,30.51151],[-93.7085,30.52111],[-93.7165,30.51921],[-93.7206,30.52421],[-93.7272,30.52551],[-93.7335,30.53101],[-93.7328,30.53631],[-93.73949,30.53951],[-93.729,30.54601],[-93.731,30.55311],[-93.7242,30.55931],[-93.7279,30.57351],[-93.7212,30.58041],[-93.71629,30.57851],[-93.7119,30.58851],[-93.7039,30.58851],[-93.69299,30.59421],[-93.6887,30.59111],[-93.69209,30.58601],[-93.68539,30.58671],[-93.6838,30.59311],[-93.6791,30.59371],[-93.6791,30.59951],[-93.6829,30.60661],[-93.6894,30.61181],[-93.682,30.62001],[-93.6849,30.62651],[-93.68089,30.63591],[-93.6823,30.64141],[-93.6703,30.65351],[-93.6682,30.66011],[-93.6605,30.66181],[-93.6542,30.67041],[-93.6475,30.66861],[-93.64439,30.67351],[-93.63889,30.67301],[-93.6307,30.67891],[-93.6227,30.69271],[-93.62119,30.69591],[-93.6242,30.70091],[-93.6168,30.71251],[-93.6168,30.71831],[-93.6095,30.71871],[-93.6123,30.72211],[-93.6094,30.72411],[-93.6115,30.72801],[-93.6096,30.73061],[-93.619,30.74091],[-93.6085,30.74701],[-93.61449,30.75891],[-93.6131,30.76061],[-93.6101,30.75751],[-93.6067,30.75881],[-93.6058,30.76421],[-93.60419,30.76061],[-93.5919,30.76571],[-93.5914,30.77661],[-93.5839,30.77951],[-93.5892,30.78711],[-93.5816,30.79071],[-93.5835,30.80151],[-93.5693,30.80301],[-93.56319,30.80621],[-93.56149,30.81081],[-93.564,30.81751],[-93.5544,30.82471],[-93.5571,30.82821],[-93.55379,30.83501],[-93.559,30.84051],[-93.5681,30.84461],[-93.55769,30.85341],[-93.562,30.85881],[-93.5545,30.87651],[-93.5452,30.87721],[-93.5386,30.88071],[-93.5237,30.87921],[-93.5239,30.87641],[-93.5182,30.87571],[-93.50909,30.86881],[-93.5021,30.86841],[-93.5005,30.86561],[-93.49129,30.86611],[-93.478,30.86001],[-93.4621,30.86811],[-93.461,30.86641],[-93.4576,30.86961],[-93.44469,30.87291],[-93.4348,30.88151],[-93.4331,30.88011],[-93.42319,30.88311],[-93.20499,30.88321]]]}},{"type":"Feature","properties":{"layer":"county","state":"LA","cwa":"LIX","name":"Ascension","fips":"22005"},"geometry":{"type":"Polygon","coordinates":[[[-90.9749,30.34651],[-90.9537,30.34551],[-90.9396,30.34051],[-90.919,30.34511],[-90.9171,30.34171],[-90.9107,30.33981],[-90.894,30.34621],[-90.8863,30.34611],[-90.8834,30.34311],[-90.8744,30.34431],[-90.8648,30.34051],[-90.8592,30.34331],[-90.85799,30.33761],[-90.8501,30.32981],[-90.8371,30.32541],[-90.8399,30.32171],[-90.8392,30.31881],[-90.8293,30.31731],[-90.8299,30.31391],[-90.823,30.30061],[-90.82549,30.29851],[-90.8242,30.29301],[-90.8138,30.29171],[-90.8162,30.28771],[-90.8112,30.27641],[-90.7986,30.27991],[-90.7979,30.28421],[-90.7933,30.28071],[-90.78619,30.28071],[-90.78249,30.27481],[-90.79089,30.26621],[-90.78699,30.25751],[-90.77419,30.25091],[-90.7726,30.24461],[-90.76579,30.23931],[-90.7493,30.24041],[-90.7425,30.23561],[-90.7412,30.22971],[-90.7315,30.21961],[-90.7351,30.21271],[-90.7279,30.21151],[-90.7241,30.20801],[-90.7192,30.19681],[-90.7193,30.19011],[-90.712,30.18511],[-90.7045,30.18661],[-90.6969,30.17591],[-90.68919,30.17701],[-90.68269,30.18381],[-90.6815,30.18971],[-90.6735,30.19771],[-90.67879,30.20701],[-90.6694,30.21501],[-90.6624,30.21341],[-90.6634,30.21811],[-90.6604,30.22551],[-90.6477,30.23251],[-90.6355,30.22701],[-90.63329,30.21601],[-90.64169,30.16701],[-90.9154,30.11321],[-90.9146,30.10881],[-90.9366,30.08931],[-90.9356,30.08561],[-90.9656,30.06511],[-90.9853,30.06551],[-91.0069,30.07881],[-91.0561,30.07031],[-91.0747,30.08141],[-91.0793,30.07691],[-91.08929,30.07581],[-91.0891,30.06251],[-91.1055,30.06281],[-91.1064,30.10821],[-91.09019,30.10861],[-91.0899,30.15381],[-91.0777,30.16111],[-91.07339,30.16081],[-91.0694,30.18301],[-91.0202,30.32021],[-91.014,30.33081],[-91.0146,30.33411],[-91.0067,30.33761],[-91.001,30.33671],[-90.99799,30.34051],[-90.9875,30.34461],[-90.9769,30.34431],[-90.9749,30.34651]]]}},{"type":"Feature","properties":{"layer":"county","state":"LA","cwa":"LCH","name":"Allen","fips":"22003"},"geometry":{"type":"Polygon","coordinates":[[[-92.6614,30.89921],[-92.5974,30.89891],[-92.5976,30.59181],[-92.5972,30.58251],[-92.5836,30.56751],[-92.5858,30.55871],[-92.5899,30.55591],[-92.5935,30.55651],[-92.5944,30.54531],[-92.6009,30.54121],[-92.6004,30.53501],[-92.6035,30.53451],[-92.6057,30.52981],[-92.6147,30.52831],[-92.6234,30.51861],[-92.6161,30.51301],[-92.6169,30.50801],[-92.6151,30.50671],[-92.62199,30.49931],[-92.6225,30.49411],[-92.6265,30.48961],[-92.6298,30.48711],[-92.7736,30.48811],[-92.77589,30.43791],[-93.05859,30.43871],[-93.0656,30.43731],[-93.0663,30.42431],[-93.1312,30.42361],[-93.13029,30.59791],[-92.97919,30.59831],[-92.97659,30.79971],[-92.97849,30.87821],[-92.8242,30.87571],[-92.8237,30.89001],[-92.7793,30.88921],[-92.72379,30.89191],[-92.72099,30.89291],[-92.7192,30.89921],[-92.6614,30.89921]]]}},{"type":"Feature","properties":{"layer":"county","state":"LA","cwa":"LCH","name":"Acadia","fips":"22001"},"geometry":{"type":"MultiPolygon","coordinates":[[[[-92.61919,30.09391],[-92.62379,30.08991],[-92.6255,30.09161],[-92.61919,30.09391]]],[[[-92.61919,30.09391],[-92.6207,30.10041],[-92.6187,30.10351],[-92.6207,30.10931],[-92.62479,30.11241],[-92.6256,30.11851],[-92.6228,30.12031],[-92.6282,30.12611],[-92.6224,30.12891],[-92.62299,30.13281],[-92.6273,30.13261],[-92.62849,30.13491],[-92.6213,30.14781],[-92.6143,30.15011],[-92.60809,30.16091],[-92.6144,30.16651],[-92.6116,30.16991],[-92.61839,30.17571],[-92.60709,30.17541],[-92.60329,30.17981],[-92.59219,30.18041],[-92.5907,30.19161],[-92.5942,30.19371],[-92.5935,30.19741],[-92.5898,30.20211],[-92.58389,30.20041],[-92.5858,30.20361],[-92.59599,30.20721],[-92.60339,30.20721],[-92.6131,30.21531],[-92.6168,30.22531],[-92.6262,30.23101],[-92.6243,30.23341],[-92.625,30.23961],[-92.6227,30.24051],[-92.6256,30.24571],[-92.62209,30.25091],[-92.6225,30.25341],[-92.6264,30.25511],[-92.6272,30.25821],[-92.62399,30.25871],[-92.6274,30.26441],[-92.6246,30.26711],[-92.6255,30.27371],[-92.6225,30.27601],[-92.628,30.28591],[-92.6251,30.28711],[-92.6269,30.29021],[-92.6245,30.29201],[-92.62749,30.29631],[-92.6223,30.30721],[-92.625,30.30751],[-92.6235,30.30931],[-92.6282,30.31531],[-92.6318,30.31491],[-92.632,30.31721],[-92.6272,30.32061],[-92.6243,30.31951],[-92.6234,30.32281],[-92.6265,30.32311],[-92.626,30.32601],[-92.61909,30.33101],[-92.62,30.33991],[-92.6253,30.34391],[-92.62769,30.35101],[-92.6243,30.35541],[-92.62849,30.36291],[-92.6256,30.36791],[-92.6309,30.37431],[-92.6292,30.37931],[-92.62189,30.38271],[-92.62099,30.38541],[-92.61459,30.38831],[-92.6105,30.38591],[-92.6073,30.38681],[-92.60419,30.39081],[-92.6045,30.40441],[-92.60239,30.40661],[-92.60529,30.40791],[-92.601,30.41871],[-92.5953,30.42031],[-92.6036,30.43521],[-92.6007,30.43771],[-92.6088,30.44151],[-92.61259,30.45001],[-92.6152,30.44971],[-92.6198,30.45461],[-92.6236,30.46161],[-92.6216,30.46461],[-92.62479,30.46581],[-92.632,30.48101],[-92.2449,30.48031],[-92.2444,30.43721],[-92.1766,30.43681],[-92.1754,30.35011],[-92.1589,30.34851],[-92.15849,30.32071],[-92.1419,30.32011],[-92.142,30.28491],[-92.15929,30.28331],[-92.1591,30.26981],[-92.17619,30.26951],[-92.17699,30.24111],[-92.2101,30.24091],[-92.2101,30.22661],[-92.2155,30.22211],[-92.238,30.21831],[-92.2476,30.21111],[-92.2503,30.20351],[-92.24789,30.20151],[-92.24879,30.19071],[-92.2465,30.18521],[-92.2519,30.17201],[-92.27589,30.14951],[-92.27499,30.14701],[-92.2856,30.14651],[-92.28909,30.14871],[-92.2894,30.14641],[-92.29279,30.14621],[-92.2916,30.14371],[-92.3007,30.13081],[-92.3186,30.12291],[-92.3231,30.12341],[-92.3239,30.11521],[-92.3315,30.10821],[-92.3321,30.10201],[-92.34589,30.09331],[-92.3473,30.08581],[-92.35899,30.08091],[-92.3679,30.07191],[-92.3867,30.06151],[-92.3977,30.06071],[-92.4063,30.05451],[-92.4256,30.04941],[-92.4353,30.05331],[-92.4395,30.05211],[-92.4405,30.05441],[-92.475,30.06531],[-92.48409,30.06541],[-92.49149,30.07471],[-92.5022,30.07911],[-92.5071,30.07871],[-92.50719,30.08171],[-92.5205,30.08881],[-92.51939,30.09281],[-92.5289,30.09811],[-92.5295,30.10381],[-92.5345,30.10501],[-92.5358,30.10761],[-92.5412,30.10631],[-92.54929,30.10971],[-92.5545,30.11491],[-92.5578,30.11521],[-92.5606,30.11101],[-92.5668,30.11051],[-92.5696,30.10841],[-92.5683,30.10451],[-92.5756,30.10101],[-92.5778,30.10211],[-92.58279,30.09761],[-92.6046,30.09781],[-92.6104,30.09141],[-92.6178,30.08921],[-92.61919,30.09391]]]]}},{"type":"Feature","properties":{"layer":"county","state":"LA","cwa":"JAN","name":"Madison","fips":"22065"},"geometry":{"type":"MultiPolygon","coordinates":[[[[-91.01659,32.16081],[-91.0029,32.16201],[-91.0048,32.14341],[-91.0155,32.12701],[-91.03069,32.12061],[-91.0403,32.12051],[-91.05299,32.12431],[-91.0489,32.15221],[-91.0588,32.17241],[-91.0583,32.18071],[-91.04269,32.17501],[-91.0256,32.16301],[-91.01659,32.16081]]],[[[-91.07909,32.55381],[-91.0743,32.54591],[-91.0617,32.53641],[-91.00549,32.51381],[-90.9945,32.50631],[-90.9894,32.49961],[-90.98869,32.49041],[-91.00069,32.48231],[-91.0163,32.48361],[-91.03529,32.48921],[-91.0509,32.50011],[-91.07539,32.53411],[-91.0936,32.54901],[-91.09769,32.54381],[-91.1013,32.52561],[-91.1169,32.49811],[-91.1161,32.48361],[-91.1115,32.47531],[-91.09599,32.45931],[-91.07169,32.44581],[-91.0524,32.43821],[-91.0301,32.43351],[-90.9955,32.45091],[-90.97929,32.44741],[-90.96909,32.43881],[-90.96629,32.43151],[-90.9678,32.41831],[-90.9806,32.40841],[-90.994,32.40311],[-90.9947,32.39231],[-91.00449,32.36751],[-91.0001,32.35771],[-90.98669,32.35171],[-90.95319,32.34571],[-90.9349,32.34501],[-90.91299,32.33961],[-90.89719,32.35521],[-90.8912,32.37181],[-90.8797,32.37461],[-90.8756,32.37171],[-90.88599,32.35051],[-90.9007,32.33041],[-90.90269,32.31941],[-90.9228,32.29821],[-90.9342,32.29021],[-90.9506,32.28311],[-90.9642,32.29681],[-90.97379,32.29731],[-90.9788,32.29441],[-90.9841,32.27871],[-90.98309,32.27141],[-90.9697,32.25331],[-90.9805,32.24311],[-90.9834,32.21181],[-90.9945,32.19391],[-90.9991,32.19161],[-91.0032,32.19801],[-91.0049,32.21191],[-91.0029,32.22301],[-91.0214,32.23611],[-91.03899,32.24231],[-91.05029,32.23791],[-91.05309,32.22791],[-91.0607,32.21931],[-91.0752,32.22701],[-91.08369,32.22641],[-91.0993,32.21871],[-91.1085,32.20811],[-91.1188,32.20761],[-91.12379,32.21141],[-91.1217,32.21271],[-91.1234,32.22311],[-91.1215,32.23961],[-91.1367,32.24961],[-91.16209,32.24451],[-91.1842,32.24531],[-91.2037,32.23911],[-91.2229,32.22721],[-91.2351,32.21041],[-91.2481,32.21701],[-91.2561,32.21751],[-91.26279,32.22081],[-91.2702,32.23081],[-91.2761,32.22821],[-91.28059,32.22131],[-91.2887,32.21791],[-91.2959,32.21971],[-91.31409,32.21251],[-91.321,32.20291],[-91.4927,32.20331],[-91.5358,32.20411],[-91.5393,32.20791],[-91.5468,32.20671],[-91.5385,32.22011],[-91.52509,32.22101],[-91.5177,32.22561],[-91.5099,32.24481],[-91.5126,32.24571],[-91.51929,32.23631],[-91.5289,32.23451],[-91.54169,32.23801],[-91.557,32.24961],[-91.5556,32.25431],[-91.5497,32.25901],[-91.5434,32.25911],[-91.53609,32.25481],[-91.5341,32.25111],[-91.5289,32.24971],[-91.52409,32.25221],[-91.52399,32.27731],[-91.5293,32.29421],[-91.5266,32.30061],[-91.5206,32.30191],[-91.5116,32.29851],[-91.5052,32.29311],[-91.50249,32.30441],[-91.5038,32.31351],[-91.5006,32.31591],[-91.4823,32.31781],[-91.4729,32.31651],[-91.4714,32.31981],[-91.4754,32.33421],[-91.4732,32.33911],[-91.4749,32.34161],[-91.47829,32.34281],[-91.4963,32.33941],[-91.5006,32.34331],[-91.4985,32.35101],[-91.48389,32.36571],[-91.4796,32.35441],[-91.47369,32.35151],[-91.46349,32.35171],[-91.4509,32.36131],[-91.4521,32.36911],[-91.4734,32.38281],[-91.48029,32.39661],[-91.4851,32.39961],[-91.48309,32.40221],[-91.4759,32.40371],[-91.4864,32.41391],[-91.4847,32.41621],[-91.4872,32.42501],[-91.4864,32.43501],[-91.4825,32.43851],[-91.4761,32.43581],[-91.4769,32.43331],[-91.4715,32.43431],[-91.4724,32.43981],[-91.4786,32.44701],[-91.4749,32.45081],[-91.47559,32.45431],[-91.47829,32.46391],[-91.4842,32.47181],[-91.4824,32.47441],[-91.4853,32.47651],[-91.48579,32.48631],[-91.48289,32.49151],[-91.48479,32.49461],[-91.4819,32.49811],[-91.4841,32.50311],[-91.48109,32.50231],[-91.4697,32.52311],[-91.47099,32.52541],[-91.4683,32.52821],[-91.47099,32.53121],[-91.46889,32.53391],[-91.4577,32.53781],[-91.1337,32.53791],[-91.1297,32.54561],[-91.1085,32.55621],[-91.1084,32.56261],[-91.0709,32.56261],[-91.0804,32.55641],[-91.07909,32.55381]]]]}},{"type":"Feature","properties":{"layer":"county","state":"LA","cwa":"LIX","name":"St. John The Baptist","fips":"22095"},"geometry":{"type":"MultiPolygon","coordinates":[[[[-90.31,30.29529],[-90.30609,30.29132],[-90.31989,30.28168],[-90.33899,30.25531],[-90.35468,30.24011],[-90.36249,30.23889],[-90.40399,30.21753],[-90.4248,30.18872],[-90.43224,30.16266],[-90.43129,30.13453],[-90.42401,30.10843],[-90.41543,30.09169],[-90.40445,30.07832],[-90.4081,30.08051],[-90.4491,30.03291],[-90.4827,30.02841],[-90.4946,30.02991],[-90.5373,30.01711],[-90.5396,30.00201],[-90.5497,30.00131],[-90.54929,29.98421],[-90.5423,29.98411],[-90.5416,29.94031],[-90.536,29.92531],[-90.5358,29.91261],[-90.5403,29.90091],[-90.54089,29.89211],[-90.5935,29.89261],[-90.6018,29.88601],[-90.6097,29.88371],[-90.6121,29.89101],[-90.6289,29.89511],[-90.6569,29.88951],[-90.6645,29.90631],[-90.6661,29.95151],[-90.6745,29.95221],[-90.6748,29.96541],[-90.6662,29.96641],[-90.66679,29.98041],[-90.67529,29.98101],[-90.6755,29.98781],[-90.6774,29.98831],[-90.6713,29.99261],[-90.688,30.03651],[-90.6617,30.05061],[-90.6708,30.09401],[-90.65359,30.09671],[-90.63319,30.22151],[-90.6171,30.21841],[-90.6123,30.21421],[-90.6019,30.21721],[-90.59716,30.21476],[-90.57871,30.23145],[-90.57184,30.22635],[-90.57143,30.22189],[-90.57672,30.21069],[-90.58318,30.20731],[-90.59096,30.20718],[-90.59412,30.20532],[-90.59574,30.20001],[-90.59412,30.19151],[-90.5827,30.17767],[-90.57347,30.17247],[-90.54388,30.16801],[-90.49486,30.17246],[-90.48272,30.1753],[-90.45831,30.19031],[-90.45431,30.19965],[-90.43814,30.21581],[-90.42999,30.23413],[-90.42798,30.25549],[-90.4162,30.26813],[-90.40411,30.27509],[-90.40178,30.2854],[-90.38239,30.28641],[-90.3718,30.28371],[-90.34657,30.2971],[-90.3322,30.29541],[-90.32081,30.29875],[-90.31,30.29529]]],[[[-90.40303,30.07755],[-90.40289,30.07743],[-90.40391,30.078],[-90.40303,30.07755]]],[[[-90.40041,30.07612],[-90.39922,30.07417],[-90.4004,30.07601],[-90.40211,30.07698],[-90.40041,30.07612]]]]}},{"type":"Feature","properties":{"layer":"county","state":"LA","cwa":"SHV","name":"Webster","fips":"22119"},"geometry":{"type":"Polygon","coordinates":[[[-93.4853,33.01851],[-93.2392,33.01801],[-93.2372,32.71641],[-93.1866,32.71611],[-93.18629,32.67261],[-93.17889,32.67121],[-93.18259,32.66621],[-93.1782,32.66471],[-93.1769,32.66111],[-93.1763,32.65771],[-93.1806,32.65421],[-93.1758,32.64731],[-93.17709,32.63631],[-93.17419,32.63241],[-93.17789,32.62531],[-93.17709,32.60121],[-93.1804,32.59931],[-93.18179,32.58681],[-93.1768,32.58041],[-93.1766,32.57121],[-93.16859,32.55211],[-93.1719,32.54151],[-93.1681,32.52891],[-93.17049,32.52691],[-93.1656,32.51461],[-93.1666,32.51151],[-93.16319,32.50241],[-93.1539,32.48921],[-93.15569,32.48151],[-93.14799,32.47941],[-93.1468,32.47151],[-93.15189,32.45961],[-93.14709,32.45621],[-93.23669,32.45351],[-93.2373,32.41031],[-93.4412,32.41091],[-93.4412,32.49781],[-93.4464,32.49911],[-93.44469,32.76121],[-93.4693,32.76291],[-93.4702,32.76551],[-93.46619,32.77221],[-93.4742,32.78541],[-93.4723,32.79081],[-93.4646,32.79621],[-93.46049,32.80401],[-93.46069,32.81541],[-93.4553,32.82191],[-93.45509,32.82461],[-93.4595,32.82871],[-93.4555,32.83111],[-93.4667,32.84721],[-93.4623,32.85061],[-93.4553,32.85131],[-93.4517,32.85601],[-93.4571,32.86241],[-93.4534,32.86641],[-93.4487,32.86741],[-93.4511,32.86971],[-93.46439,32.86871],[-93.4665,32.87921],[-93.4809,32.89091],[-93.48,32.89691],[-93.4823,32.90471],[-93.46999,32.90471],[-93.4722,32.90991],[-93.46989,32.91721],[-93.4776,32.91851],[-93.48,32.92631],[-93.4866,32.92591],[-93.4938,32.92171],[-93.4983,32.92351],[-93.49689,32.92741],[-93.5009,32.93201],[-93.5127,32.93971],[-93.51379,32.95021],[-93.5192,32.95401],[-93.5196,32.96471],[-93.5303,32.96761],[-93.52679,32.97381],[-93.52689,32.97681],[-93.52979,32.97531],[-93.5298,32.98371],[-93.5254,32.98661],[-93.52579,32.99041],[-93.51659,33.00381],[-93.5151,33.01231],[-93.521,33.01761],[-93.4853,33.01851]]]}},{"type":"Feature","properties":{"layer":"county","state":"LA","cwa":"LIX","name":"West Baton Rouge","fips":"22121"},"geometry":{"type":"Polygon","coordinates":[[[-91.3016,30.57301],[-91.2615,30.57111],[-91.2509,30.56371],[-91.2431,30.55311],[-91.24319,30.54151],[-91.2459,30.53771],[-91.2818,30.51791],[-91.2846,30.51421],[-91.2821,30.50671],[-91.2753,30.50461],[-91.2617,30.50551],[-91.209,30.52271],[-91.2008,30.51771],[-91.19839,30.51241],[-91.1959,30.43921],[-91.1997,30.41951],[-91.2128,30.39711],[-91.2337,30.37551],[-91.2381,30.36761],[-91.24149,30.35761],[-91.2361,30.34511],[-91.23029,30.34111],[-91.2226,30.34061],[-91.1946,30.34701],[-91.1703,30.34351],[-91.1511,30.33761],[-91.145,30.33131],[-91.1421,30.32271],[-91.31139,30.32251],[-91.3193,30.34331],[-91.336,30.35201],[-91.3622,30.38231],[-91.3949,30.39551],[-91.3948,30.40851],[-91.397,30.41181],[-91.4098,30.42881],[-91.453,30.47461],[-91.4602,30.47041],[-91.4846,30.49661],[-91.4995,30.49701],[-91.501,30.50801],[-91.4818,30.50481],[-91.4818,30.51081],[-91.4152,30.51281],[-91.41399,30.54021],[-91.4081,30.54041],[-91.4062,30.55211],[-91.39919,30.56731],[-91.3657,30.56911],[-91.3653,30.58671],[-91.31979,30.63291],[-91.3112,30.64701],[-91.3106,30.65021],[-91.3334,30.65401],[-91.33089,30.65871],[-91.30009,30.65161],[-91.2944,30.64221],[-91.2942,30.62601],[-91.3022,30.61261],[-91.31329,30.60071],[-91.3165,30.58891],[-91.3149,30.58011],[-91.3111,30.57521],[-91.3016,30.57301]]]}},{"type":"Feature","properties":{"layer":"county","state":"LA","cwa":"JAN","name":"West Carroll","fips":"22123"},"geometry":{"type":"Polygon","coordinates":[[[-91.3853,33.00591],[-91.2642,33.00481],[-91.2616,33.00121],[-91.26279,32.99231],[-91.2737,32.98771],[-91.268,32.97481],[-91.27309,32.97311],[-91.2739,32.97581],[-91.2765,32.97561],[-91.2782,32.97211],[-91.2743,32.96501],[-91.27589,32.95571],[-91.2808,32.95071],[-91.2896,32.94981],[-91.2916,32.95171],[-91.2948,32.94641],[-91.29659,32.94881],[-91.3091,32.93541],[-91.3024,32.92721],[-91.312,32.91341],[-91.31139,32.88531],[-91.3081,32.88361],[-91.3093,32.88001],[-91.3213,32.86431],[-91.32899,32.87241],[-91.33199,32.86681],[-91.33569,32.86501],[-91.3344,32.86151],[-91.3407,32.86061],[-91.33939,32.85281],[-91.3461,32.83641],[-91.34769,32.82461],[-91.3473,32.82231],[-91.341,32.82301],[-91.3399,32.82121],[-91.3436,32.74931],[-91.35619,32.74041],[-91.37379,32.71811],[-91.3718,32.71571],[-91.377,32.70711],[-91.3779,32.70001],[-91.37389,32.69681],[-91.37659,32.69461],[-91.37489,32.69071],[-91.3764,32.68851],[-91.3792,32.68991],[-91.37849,32.69241],[-91.3856,32.69071],[-91.3958,32.69361],[-91.39819,32.69271],[-91.3977,32.68321],[-91.4034,32.68061],[-91.3985,32.66201],[-91.4014,32.65911],[-91.39999,32.65711],[-91.39529,32.65781],[-91.39819,32.64841],[-91.39449,32.64561],[-91.39639,32.64081],[-91.4022,32.64051],[-91.4032,32.63681],[-91.4004,32.63191],[-91.4059,32.62231],[-91.4042,32.61721],[-91.39529,32.61251],[-91.39729,32.60921],[-91.4068,32.60431],[-91.42699,32.59941],[-91.4453,32.58261],[-91.4489,32.58201],[-91.59489,32.58221],[-91.5965,32.66731],[-91.6375,32.66751],[-91.62199,32.68071],[-91.62309,32.68511],[-91.6208,32.68861],[-91.6244,32.69551],[-91.6289,32.69661],[-91.63319,32.70121],[-91.6386,32.70181],[-91.6377,32.70481],[-91.6284,32.71901],[-91.618,32.72091],[-91.61649,32.72711],[-91.6112,32.73211],[-91.61089,32.73821],[-91.6047,32.74081],[-91.5961,32.75171],[-91.59589,32.77201],[-91.6018,32.78211],[-91.60519,32.78271],[-91.60439,32.78521],[-91.5895,32.79791],[-91.5906,32.80811],[-91.5835,32.81871],[-91.5798,32.81921],[-91.57359,32.82541],[-91.5771,32.83101],[-91.57359,32.83431],[-91.5737,32.84011],[-91.5663,32.85541],[-91.55109,32.86531],[-91.5459,32.87371],[-91.5354,32.87751],[-91.5256,32.87581],[-91.5173,32.87721],[-91.495,32.89081],[-91.49789,32.89811],[-91.4968,32.90691],[-91.47559,32.92791],[-91.4798,32.93641],[-91.4776,32.94071],[-91.46439,32.95121],[-91.4566,32.96561],[-91.44279,32.97261],[-91.4385,32.97881],[-91.43919,32.98521],[-91.4441,32.98251],[-91.4493,32.98371],[-91.44579,32.98771],[-91.44849,32.98871],[-91.4468,32.99231],[-91.4393,32.99071],[-91.4384,32.99781],[-91.4343,33.00221],[-91.4369,33.00281],[-91.4359,33.00591],[-91.3853,33.00591]]]}},{"type":"Feature","properties":{"layer":"county","state":"LA","cwa":"SHV","name":"Winn","fips":"22127"},"geometry":{"type":"Polygon","coordinates":[[[-92.8752,32.14741],[-92.31219,32.14571],[-92.3134,31.89611],[-92.3154,31.89231],[-92.3209,31.89211],[-92.32439,31.88631],[-92.3204,31.88361],[-92.32159,31.87551],[-92.32439,31.87241],[-92.32159,31.86201],[-92.3265,31.85801],[-92.3362,31.85551],[-92.3369,31.85161],[-92.3306,31.84881],[-92.33549,31.84161],[-92.334,31.83891],[-92.34109,31.83071],[-92.33749,31.82341],[-92.3418,31.82311],[-92.3406,31.81431],[-92.3425,31.81611],[-92.3473,31.81351],[-92.348,31.81041],[-92.36089,31.80821],[-92.3622,31.80591],[-92.3583,31.80541],[-92.3577,31.80231],[-92.3615,31.80001],[-92.3594,31.79851],[-92.3648,31.79661],[-92.61909,31.79711],[-92.62,31.70961],[-92.97279,31.70871],[-92.9757,31.71181],[-92.9686,31.73091],[-92.9693,31.75151],[-92.972,31.75471],[-92.9677,31.78011],[-92.9604,31.77861],[-92.953,31.78361],[-92.9518,31.79431],[-92.9462,31.80101],[-92.948,31.81031],[-92.9422,31.81491],[-92.9483,31.81841],[-92.95129,31.82391],[-92.948,31.82701],[-92.93929,31.82261],[-92.9387,31.82581],[-92.9424,31.83661],[-92.94939,31.83831],[-92.9471,31.84361],[-92.9508,31.84921],[-92.9469,31.84961],[-92.9496,31.85591],[-92.9463,31.85721],[-92.9417,31.85401],[-92.9249,31.85421],[-92.9086,31.85081],[-92.90089,31.85611],[-92.8986,31.85881],[-92.9058,31.86951],[-92.9025,31.87601],[-92.9013,31.89251],[-92.8924,31.90231],[-92.89339,31.92001],[-92.8846,31.93831],[-92.8732,31.94501],[-92.87309,31.94811],[-92.8818,31.95151],[-92.88409,31.95501],[-92.8843,31.98191],[-92.88779,31.98721],[-92.90099,31.98851],[-92.9007,31.99441],[-92.89349,32.00041],[-92.88889,32.00981],[-92.88689,32.02471],[-92.8894,32.03181],[-92.89429,32.03671],[-92.8975,32.05571],[-92.90269,32.06821],[-92.9108,32.07591],[-92.9095,32.08171],[-92.9062,32.08231],[-92.9053,32.09031],[-92.91479,32.10561],[-92.92519,32.11281],[-92.9331,32.12771],[-92.9328,32.13611],[-92.9375,32.14771],[-92.8752,32.14741]]]}},{"type":"Feature","properties":{"layer":"county","state":"LA","cwa":"LCH","name":"Vernon","fips":"22115"},"geometry":{"type":"Polygon","coordinates":[[[-93.13509,31.36461],[-93.0323,31.36431],[-93.0323,31.36051],[-92.9917,31.35991],[-92.9807,31.34661],[-92.98129,31.33991],[-92.9646,31.33951],[-92.9645,31.33391],[-92.9306,31.33091],[-92.9303,31.32451],[-92.89799,31.32431],[-92.8966,31.31741],[-92.8798,31.31741],[-92.879,31.28871],[-92.86259,31.28871],[-92.86259,31.27431],[-92.8464,31.27421],[-92.8463,31.25331],[-92.8297,31.25231],[-92.8277,31.01121],[-92.8239,31.01111],[-92.8242,30.87571],[-93.0002,30.87861],[-93.1337,30.87811],[-93.1337,30.88251],[-93.42319,30.88311],[-93.4331,30.88011],[-93.4348,30.88151],[-93.44469,30.87291],[-93.4576,30.86961],[-93.461,30.86641],[-93.4621,30.86811],[-93.478,30.86001],[-93.49129,30.86611],[-93.5005,30.86561],[-93.5021,30.86841],[-93.50909,30.86881],[-93.5182,30.87571],[-93.5239,30.87641],[-93.5237,30.87921],[-93.5386,30.88071],[-93.5452,30.87721],[-93.5545,30.87651],[-93.55579,30.87061],[-93.56419,30.86941],[-93.5648,30.87551],[-93.57079,30.87581],[-93.5733,30.88711],[-93.56599,30.89481],[-93.55,30.89771],[-93.54929,30.90061],[-93.5537,30.90251],[-93.5537,30.90891],[-93.55849,30.91301],[-93.5457,30.92691],[-93.5429,30.92601],[-93.54269,30.92051],[-93.53149,30.92431],[-93.5263,30.93021],[-93.5265,30.93961],[-93.53239,30.94901],[-93.5322,30.95771],[-93.5422,30.95671],[-93.54649,30.95901],[-93.5508,30.96741],[-93.56149,30.97111],[-93.5676,30.96901],[-93.5742,30.97341],[-93.56799,30.97831],[-93.5649,30.98961],[-93.5728,30.99151],[-93.5776,31.00001],[-93.5722,31.00861],[-93.5656,31.01241],[-93.5552,31.00411],[-93.55029,31.00951],[-93.5395,31.00871],[-93.5329,31.01931],[-93.5234,31.01991],[-93.5086,31.03011],[-93.5094,31.03281],[-93.5239,31.03901],[-93.5199,31.04411],[-93.5312,31.05271],[-93.5317,31.05571],[-93.522,31.05691],[-93.51939,31.06201],[-93.52,31.06521],[-93.5274,31.06821],[-93.5276,31.07411],[-93.5514,31.07911],[-93.55099,31.08811],[-93.5551,31.08721],[-93.5635,31.09401],[-93.5631,31.09681],[-93.5488,31.10071],[-93.5489,31.10461],[-93.5442,31.11241],[-93.53999,31.11431],[-93.5378,31.12591],[-93.5442,31.13531],[-93.5485,31.14821],[-93.5477,31.15661],[-93.53909,31.15711],[-93.5367,31.15941],[-93.54279,31.17081],[-93.53259,31.17531],[-93.5321,31.18211],[-93.53519,31.18541],[-93.5439,31.18361],[-93.55479,31.18781],[-93.5449,31.20311],[-93.5514,31.21501],[-93.5491,31.21681],[-93.5499,31.21971],[-93.54179,31.22681],[-93.5461,31.22941],[-93.5507,31.22791],[-93.55209,31.23611],[-93.5554,31.24071],[-93.5448,31.24381],[-93.5365,31.25291],[-93.5384,31.25631],[-93.53529,31.26161],[-93.5368,31.26841],[-93.5351,31.27561],[-93.4427,31.27671],[-93.3894,31.36411],[-93.13509,31.36461]]]}},{"type":"Feature","properties":{"layer":"county","state":"LA","cwa":"LIX","name":"St. Charles","fips":"22089"},"geometry":{"type":"Polygon","coordinates":[[[-90.40289,30.07743],[-90.39387,30.06905],[-90.37508,30.05756],[-90.37698,30.0597],[-90.37499,30.06046],[-90.36871,30.05662],[-90.36267,30.05768],[-90.32616,30.05231],[-90.32362,30.05486],[-90.31358,30.05672],[-90.28091,30.04932],[-90.28,29.97191],[-90.2735,29.92212],[-90.2641,29.89911],[-90.2587,29.89681],[-90.24401,29.88093],[-90.2405,29.87211],[-90.24144,29.86928],[-90.25603,29.86524],[-90.27173,29.8508],[-90.27997,29.85248],[-90.28731,29.85106],[-90.28414,29.83505],[-90.29002,29.83543],[-90.2871,29.83792],[-90.28937,29.84462],[-90.29414,29.84939],[-90.29838,29.84909],[-90.29929,29.84306],[-90.29701,29.84213],[-90.30002,29.83658],[-90.2965,29.83472],[-90.29954,29.83271],[-90.29813,29.82731],[-90.28482,29.83018],[-90.28358,29.8329],[-90.26744,29.8323],[-90.2556,29.82411],[-90.24496,29.82039],[-90.24307,29.8183],[-90.24461,29.80877],[-90.24255,29.7967],[-90.23826,29.78702],[-90.24032,29.7821],[-90.25165,29.76914],[-90.28598,29.75737],[-90.33576,29.7286],[-90.35242,29.7122],[-90.34874,29.69529],[-90.3601,29.70801],[-90.3597,29.72521],[-90.3625,29.72981],[-90.3611,29.73801],[-90.3707,29.74621],[-90.3743,29.76251],[-90.3914,29.76701],[-90.4032,29.77291],[-90.4091,29.77231],[-90.4303,29.77791],[-90.4581,29.79591],[-90.47459,29.81201],[-90.4804,29.84781],[-90.48869,29.85891],[-90.4992,29.86571],[-90.5152,29.86541],[-90.53239,29.88871],[-90.54089,29.89211],[-90.5403,29.90091],[-90.5358,29.91261],[-90.536,29.92531],[-90.5416,29.94031],[-90.5423,29.98411],[-90.54929,29.98421],[-90.5497,30.00131],[-90.5396,30.00201],[-90.5373,30.01711],[-90.4946,30.02991],[-90.4827,30.02841],[-90.4491,30.03291],[-90.4081,30.08051],[-90.40289,30.07743]]]}},{"type":"Feature","properties":{"layer":"county","state":"LA","cwa":"LIX","name":"St. Helena","fips":"22091"},"geometry":{"type":"Polygon","coordinates":[[[-90.56702,30.85309],[-90.5672,30.65001],[-90.9106,30.64921],[-90.9117,30.65141],[-90.9082,30.65631],[-90.9013,30.65571],[-90.9005,30.65791],[-90.90279,30.65921],[-90.9002,30.66121],[-90.90079,30.66451],[-90.8969,30.66381],[-90.89429,30.66561],[-90.8961,30.66811],[-90.8783,30.67981],[-90.877,30.68541],[-90.87109,30.68781],[-90.86929,30.69291],[-90.8602,30.69261],[-90.8605,30.69491],[-90.8536,30.69641],[-90.8518,30.70041],[-90.85339,30.70181],[-90.8448,30.70801],[-90.8483,30.71971],[-90.8405,30.72071],[-90.8398,30.72451],[-90.84299,30.72501],[-90.8427,30.73711],[-90.8481,30.74451],[-90.84969,30.75381],[-90.8472,30.75441],[-90.8471,30.76111],[-90.8424,30.76551],[-90.8434,30.76871],[-90.8408,30.77211],[-90.8437,30.77741],[-90.8434,30.78401],[-90.84109,30.78581],[-90.84409,30.79191],[-90.84209,30.79761],[-90.8379,30.79681],[-90.838,30.79991],[-90.8408,30.80071],[-90.8406,30.81011],[-90.83459,30.81451],[-90.83649,30.82021],[-90.8498,30.83221],[-90.8473,30.83941],[-90.84319,30.83801],[-90.8406,30.84101],[-90.8415,30.84771],[-90.8466,30.84911],[-90.8453,30.85461],[-90.84969,30.85461],[-90.85699,30.85931],[-90.8585,30.86181],[-90.85439,30.86661],[-90.8611,30.87071],[-90.8549,30.87481],[-90.8499,30.88481],[-90.8453,30.88781],[-90.8511,30.89771],[-90.85419,30.89841],[-90.8557,30.90781],[-90.85249,30.90861],[-90.85619,30.91821],[-90.8545,30.92121],[-90.8591,30.92711],[-90.8569,30.92951],[-90.8605,30.93501],[-90.8596,30.94011],[-90.8629,30.94161],[-90.8464,30.96081],[-90.8425,30.98621],[-90.8377,30.99251],[-90.8214,30.99941],[-90.5672,30.99971],[-90.56702,30.85309]]]}},{"type":"Feature","properties":{"layer":"county","state":"LA","cwa":"LIX","name":"Pointe Coupee","fips":"22077"},"geometry":{"type":"Polygon","coordinates":[[[-91.6684,31.00801],[-91.65829,30.99341],[-91.6635,30.98061],[-91.6617,30.96551],[-91.6572,30.95151],[-91.6457,30.93011],[-91.6609,30.89511],[-91.6618,30.86071],[-91.65659,30.85101],[-91.647,30.84491],[-91.62959,30.84041],[-91.588,30.84731],[-91.57439,30.84441],[-91.5673,30.83691],[-91.56139,30.83761],[-91.55859,30.84101],[-91.5564,30.84861],[-91.5591,30.87191],[-91.56419,30.88411],[-91.5714,30.89101],[-91.5799,30.89461],[-91.6105,30.89901],[-91.615,30.90501],[-91.6143,30.91791],[-91.5683,30.91881],[-91.54929,30.91621],[-91.532,30.90371],[-91.52139,30.89011],[-91.516,30.87631],[-91.51559,30.86131],[-91.5179,30.85141],[-91.5395,30.79121],[-91.5544,30.77911],[-91.5765,30.77521],[-91.59029,30.76911],[-91.59579,30.76051],[-91.5946,30.75031],[-91.5711,30.73531],[-91.5541,30.73091],[-91.5132,30.73981],[-91.4967,30.74111],[-91.4828,30.74091],[-91.4601,30.73531],[-91.45039,30.73621],[-91.423,30.74551],[-91.39709,30.75751],[-91.3806,30.75881],[-91.3751,30.75631],[-91.362,30.73931],[-91.3538,30.72341],[-91.3409,30.67151],[-91.3359,30.66121],[-91.33089,30.65871],[-91.3334,30.65401],[-91.3106,30.65021],[-91.31979,30.63291],[-91.3653,30.58671],[-91.3657,30.56911],[-91.39919,30.56731],[-91.4062,30.55211],[-91.4081,30.54041],[-91.41399,30.54021],[-91.4152,30.51281],[-91.4818,30.51081],[-91.4818,30.50481],[-91.501,30.50801],[-91.4995,30.49701],[-91.5261,30.49681],[-91.5574,30.48841],[-91.55669,30.48291],[-91.5832,30.48261],[-91.5834,30.49701],[-91.7562,30.49771],[-91.755,30.50411],[-91.7504,30.50841],[-91.73589,30.50821],[-91.7314,30.51211],[-91.7335,30.52151],[-91.7417,30.53091],[-91.7571,30.56341],[-91.751,30.60021],[-91.754,30.61741],[-91.74139,30.63121],[-91.74599,30.65291],[-91.7455,30.66061],[-91.7316,30.67021],[-91.73569,30.67861],[-91.73389,30.70261],[-91.75159,30.73511],[-91.7578,30.74131],[-91.75539,30.75661],[-91.7683,30.78471],[-91.7774,30.79361],[-91.80679,30.81071],[-91.80769,30.81991],[-91.7985,30.82901],[-91.7995,30.83431],[-91.8224,30.85451],[-91.8219,30.86051],[-91.80389,30.86451],[-91.8017,30.87521],[-91.80019,30.92521],[-91.806,30.97251],[-91.8026,30.97881],[-91.79729,30.98241],[-91.7801,30.98701],[-91.7726,31.00471],[-91.74879,31.01921],[-91.71889,31.00671],[-91.70979,31.00891],[-91.70309,31.01861],[-91.695,31.01991],[-91.6841,31.01701],[-91.6684,31.00801]]]}},{"type":"Feature","properties":{"layer":"county","state":"LA","cwa":"LIX","name":"East Feliciana","fips":"22037"},"geometry":{"type":"Polygon","coordinates":[[[-90.8703,30.99931],[-90.82639,30.99891],[-90.8377,30.99251],[-90.8425,30.98621],[-90.8464,30.96081],[-90.8629,30.94161],[-90.8596,30.94011],[-90.8605,30.93501],[-90.8569,30.92951],[-90.8591,30.92711],[-90.8545,30.92121],[-90.85619,30.91821],[-90.85249,30.90861],[-90.8557,30.90781],[-90.85419,30.89841],[-90.8511,30.89771],[-90.8453,30.88781],[-90.8499,30.88481],[-90.8549,30.87481],[-90.8611,30.87071],[-90.85439,30.86661],[-90.8585,30.86181],[-90.85699,30.85931],[-90.84969,30.85461],[-90.8453,30.85461],[-90.8466,30.84911],[-90.8415,30.84771],[-90.8406,30.84101],[-90.84319,30.83801],[-90.8473,30.83941],[-90.8498,30.83221],[-90.83649,30.82021],[-90.83459,30.81451],[-90.8406,30.81011],[-90.8408,30.80071],[-90.838,30.79991],[-90.8379,30.79681],[-90.84209,30.79761],[-90.84409,30.79191],[-90.84109,30.78581],[-90.8434,30.78401],[-90.8437,30.77741],[-90.8408,30.77211],[-90.8434,30.76871],[-90.8424,30.76551],[-90.8471,30.76111],[-90.8472,30.75441],[-90.84969,30.75381],[-90.8481,30.74451],[-90.8427,30.73711],[-90.84299,30.72501],[-90.8398,30.72451],[-90.8405,30.72071],[-91.25439,30.70521],[-91.267,30.69511],[-91.2707,30.68081],[-91.2883,30.67801],[-91.29359,30.65501],[-91.29739,30.64991],[-91.3047,30.65291],[-91.3052,30.67341],[-91.3128,30.68361],[-91.31979,30.70001],[-91.31239,30.69891],[-91.31049,30.70821],[-91.30299,30.70841],[-91.30119,30.71461],[-91.29269,30.71621],[-91.296,30.72521],[-91.28609,30.73541],[-91.2868,30.74531],[-91.2795,30.75131],[-91.2756,30.75811],[-91.26109,30.76151],[-91.2593,30.76651],[-91.2622,30.77291],[-91.26009,30.77561],[-91.25439,30.77481],[-91.2482,30.78471],[-91.2373,30.79491],[-91.24319,30.80401],[-91.23409,30.80831],[-91.2307,30.81471],[-91.2342,30.82471],[-91.22559,30.84451],[-91.2288,30.85391],[-91.22369,30.85641],[-91.2197,30.86441],[-91.2197,30.86711],[-91.225,30.86971],[-91.2211,30.87661],[-91.22189,30.88151],[-91.2193,30.88411],[-91.2183,30.89101],[-91.2067,30.89271],[-91.2074,30.91801],[-91.19949,30.92001],[-91.19389,30.93151],[-91.18739,30.93691],[-91.1949,30.94791],[-91.1952,30.96141],[-91.1905,30.96671],[-91.1918,30.96961],[-91.1803,30.97861],[-91.1801,30.99111],[-91.17699,30.99871],[-90.8703,30.99931]]]}},{"type":"Feature","properties":{"layer":"county","state":"LA","cwa":"LIX","name":"East Baton Rouge","fips":"22033"},"geometry":{"type":"Polygon","coordinates":[[[-90.8456,30.71151],[-90.8448,30.70801],[-90.85339,30.70181],[-90.8518,30.70041],[-90.8536,30.69641],[-90.8605,30.69491],[-90.8602,30.69261],[-90.86929,30.69291],[-90.87109,30.68781],[-90.877,30.68541],[-90.8783,30.67981],[-90.8961,30.66811],[-90.89429,30.66561],[-90.8969,30.66381],[-90.90079,30.66451],[-90.9002,30.66121],[-90.90279,30.65921],[-90.9005,30.65791],[-90.9013,30.65571],[-90.9082,30.65631],[-90.9117,30.65141],[-90.91039,30.64671],[-90.9162,30.64571],[-90.9175,30.63921],[-90.9269,30.63781],[-90.94019,30.62081],[-90.938,30.61821],[-90.935,30.62011],[-90.9328,30.61821],[-90.9396,30.60961],[-90.94769,30.60891],[-90.94839,30.60501],[-90.9599,30.60521],[-90.9575,30.60071],[-90.9586,30.59841],[-90.9612,30.60001],[-90.9649,30.59421],[-90.96709,30.59741],[-90.97649,30.59381],[-90.98009,30.59001],[-90.9799,30.58671],[-90.9854,30.58471],[-90.9835,30.57991],[-90.9871,30.57241],[-90.976,30.56761],[-90.9715,30.56231],[-90.9724,30.55131],[-90.9754,30.54771],[-90.9743,30.53971],[-90.9798,30.53761],[-90.9833,30.53091],[-90.9779,30.52571],[-90.98109,30.52281],[-90.9782,30.52061],[-90.9799,30.51781],[-90.97169,30.51151],[-90.9683,30.50491],[-90.97459,30.50101],[-90.97449,30.49791],[-90.9705,30.49691],[-90.97009,30.49271],[-90.9753,30.48121],[-90.97829,30.47951],[-90.975,30.47371],[-90.9763,30.46741],[-90.9837,30.46781],[-90.99129,30.46271],[-90.98859,30.45591],[-90.98119,30.45211],[-90.9863,30.45021],[-90.9847,30.44611],[-90.9767,30.43901],[-90.9734,30.44001],[-90.981,30.43121],[-90.9791,30.42841],[-90.98209,30.42501],[-90.98119,30.42281],[-90.9637,30.41811],[-90.9656,30.41501],[-90.9585,30.40741],[-90.9608,30.40341],[-90.9695,30.40501],[-90.972,30.39791],[-90.9674,30.38931],[-90.95689,30.38891],[-90.9493,30.39431],[-90.9459,30.39311],[-90.9433,30.39021],[-90.94669,30.38521],[-90.9437,30.37741],[-90.932,30.37171],[-90.9371,30.36631],[-90.936,30.36401],[-90.93259,30.36521],[-90.9301,30.36201],[-90.9191,30.36561],[-90.9135,30.35871],[-90.90659,30.36121],[-90.90359,30.35901],[-90.9042,30.35581],[-90.8994,30.34771],[-90.894,30.34621],[-90.9107,30.33981],[-90.9171,30.34171],[-90.919,30.34511],[-90.9396,30.34051],[-90.9537,30.34551],[-90.9749,30.34651],[-90.9769,30.34431],[-90.9927,30.34271],[-91.001,30.33671],[-91.0126,30.33561],[-91.0202,30.32021],[-91.0308,30.31531],[-91.0929,30.32041],[-91.11549,30.31281],[-91.13419,30.31421],[-91.1418,30.31971],[-91.145,30.33131],[-91.1511,30.33761],[-91.16199,30.34151],[-91.1946,30.34701],[-91.2226,30.34061],[-91.23029,30.34111],[-91.2361,30.34511],[-91.24149,30.35761],[-91.2381,30.36761],[-91.2337,30.37551],[-91.2128,30.39711],[-91.1997,30.41951],[-91.1959,30.43921],[-91.1972,30.50711],[-91.2008,30.51771],[-91.209,30.52271],[-91.2617,30.50551],[-91.2795,30.50531],[-91.28439,30.51061],[-91.2818,30.51791],[-91.2459,30.53771],[-91.24229,30.54801],[-91.24789,30.56071],[-91.2615,30.57111],[-91.3069,30.57331],[-91.3149,30.58011],[-91.3165,30.58891],[-91.31329,30.60071],[-91.3022,30.61261],[-91.2934,30.62831],[-91.29359,30.63861],[-91.29739,30.64991],[-91.29359,30.65501],[-91.2883,30.67801],[-91.2707,30.68081],[-91.267,30.69511],[-91.25439,30.70521],[-90.8483,30.71971],[-90.8456,30.71151]]]}},{"type":"Feature","properties":{"layer":"county","state":"LA","cwa":"LCH","name":"Avoyelles","fips":"22009"},"geometry":{"type":"Polygon","coordinates":[[[-92.0239,31.33731],[-92.02219,31.33061],[-92.003,31.32361],[-92.00179,31.31731],[-92.00829,31.30941],[-91.9964,31.29821],[-92.0062,31.29691],[-92.0089,31.29281],[-92.0116,31.29401],[-92.0112,31.30141],[-92.017,31.30201],[-92.0197,31.29541],[-92.0149,31.28961],[-92.02229,31.28651],[-92.0234,31.28371],[-92.0196,31.28051],[-92.0105,31.28251],[-92.01189,31.27761],[-92.005,31.27581],[-92.0013,31.27041],[-91.99249,31.27311],[-91.9955,31.26701],[-92.0031,31.26671],[-92.00439,31.26311],[-91.99799,31.25331],[-91.9875,31.25111],[-91.9888,31.24871],[-92.004,31.24291],[-91.9922,31.23901],[-91.9907,31.23661],[-91.9946,31.22991],[-91.99059,31.22521],[-91.9799,31.22371],[-91.9704,31.22781],[-91.96429,31.23561],[-91.9622,31.24291],[-91.95879,31.24531],[-91.9508,31.24451],[-91.9468,31.24031],[-91.94669,31.22611],[-91.9442,31.22121],[-91.9319,31.22961],[-91.921,31.23101],[-91.921,31.23641],[-91.9235,31.23811],[-91.9294,31.23611],[-91.936,31.23931],[-91.9377,31.24981],[-91.9465,31.27101],[-91.9387,31.28511],[-91.9306,31.29271],[-91.9227,31.29591],[-91.9089,31.29681],[-91.88879,31.29161],[-91.87399,31.28351],[-91.85239,31.26281],[-91.84779,31.26231],[-91.8377,31.26771],[-91.83379,31.26701],[-91.826,31.25631],[-91.8138,31.25031],[-91.8138,31.24021],[-91.811,31.23711],[-91.79839,31.23211],[-91.7925,31.22671],[-91.7776,31.22201],[-91.7578,31.22181],[-91.7447,31.21311],[-91.74149,31.20611],[-91.72189,31.19981],[-91.7138,31.20681],[-91.7072,31.20891],[-91.68549,31.19781],[-91.6775,31.18791],[-91.68349,31.17581],[-91.6825,31.16541],[-91.68729,31.16191],[-91.7027,31.16181],[-91.7112,31.15071],[-91.71909,31.13341],[-91.7176,31.11911],[-91.70599,31.11361],[-91.7036,31.10471],[-91.7067,31.09861],[-91.717,31.09221],[-91.71909,31.08841],[-91.7187,31.08211],[-91.70969,31.07591],[-91.7156,31.05901],[-91.72659,31.03991],[-91.7457,31.02521],[-91.74879,31.01921],[-91.7726,31.00471],[-91.7801,30.98701],[-91.79729,30.98241],[-91.8053,30.97511],[-91.80019,30.92521],[-91.8017,30.87521],[-91.80389,30.86451],[-91.8219,30.86051],[-91.8224,30.85451],[-91.8183,30.84901],[-92.1082,30.85001],[-92.23769,30.84821],[-92.23859,30.89261],[-92.28069,30.93731],[-92.28069,30.96511],[-92.2151,30.96551],[-92.2086,30.96261],[-92.2053,30.97361],[-92.21239,30.97601],[-92.21149,30.98341],[-92.2165,30.99221],[-92.2344,31.12931],[-92.2249,31.14301],[-92.2337,31.15131],[-92.2332,31.31861],[-92.2313,31.32281],[-92.2212,31.33081],[-92.2074,31.32791],[-92.1937,31.33341],[-92.1856,31.32741],[-92.1805,31.32661],[-92.1754,31.31081],[-92.1663,31.30571],[-92.1615,31.29871],[-92.1524,31.30321],[-92.1466,31.30201],[-92.1385,31.30671],[-92.1264,31.30651],[-92.1212,31.31441],[-92.1186,31.31161],[-92.1147,31.31191],[-92.1138,31.31571],[-92.1064,31.32111],[-92.0962,31.32381],[-92.0918,31.33531],[-92.0849,31.33481],[-92.0805,31.32971],[-92.08089,31.32401],[-92.0513,31.33601],[-92.0415,31.33611],[-92.0388,31.34181],[-92.0346,31.34321],[-92.027,31.34341],[-92.0235,31.34111],[-92.0239,31.33731]]]}},{"type":"Feature","properties":{"layer":"county","state":"LA","cwa":"LIX","name":"Livingston","fips":"22063"},"geometry":{"type":"Polygon","coordinates":[[[-90.7418,30.64981],[-90.5672,30.65001],[-90.5671,30.49511],[-90.5655,30.48681],[-90.5574,30.48401],[-90.5579,30.47941],[-90.5513,30.46931],[-90.55299,30.46001],[-90.54742,30.44909],[-90.54993,30.44189],[-90.54707,30.43869],[-90.5463,30.43111],[-90.5355,30.42181],[-90.5206,30.41461],[-90.52051,30.41132],[-90.5154,30.4073],[-90.51153,30.39529],[-90.5147,30.39312],[-90.51,30.38891],[-90.50588,30.38844],[-90.501,30.38251],[-90.49989,30.37591],[-90.504,30.36901],[-90.50208,30.36249],[-90.49298,30.36609],[-90.4886,30.36222],[-90.4891,30.35581],[-90.48138,30.35809],[-90.47791,30.35632],[-90.4737,30.34446],[-90.47509,30.34139],[-90.47785,30.34465],[-90.49243,30.3406],[-90.51147,30.32892],[-90.53902,30.30414],[-90.55109,30.30011],[-90.56131,30.30332],[-90.56374,30.30211],[-90.56031,30.29389],[-90.56128,30.2901],[-90.57751,30.27456],[-90.58562,30.25471],[-90.58562,30.24701],[-90.57871,30.23145],[-90.59716,30.21476],[-90.6019,30.21721],[-90.6123,30.21421],[-90.6171,30.21841],[-90.63319,30.22151],[-90.6355,30.22701],[-90.6477,30.23251],[-90.6604,30.22551],[-90.6634,30.21811],[-90.6624,30.21341],[-90.6694,30.21501],[-90.6777,30.20891],[-90.67809,30.20481],[-90.6735,30.19771],[-90.6815,30.18971],[-90.6858,30.17981],[-90.6924,30.17551],[-90.6993,30.17741],[-90.7045,30.18661],[-90.712,30.18511],[-90.7193,30.19011],[-90.7192,30.19681],[-90.7241,30.20801],[-90.7279,30.21151],[-90.7351,30.21271],[-90.7315,30.21961],[-90.7412,30.22971],[-90.7425,30.23561],[-90.7493,30.24041],[-90.76579,30.23931],[-90.7726,30.24461],[-90.77419,30.25091],[-90.78699,30.25751],[-90.79089,30.26621],[-90.78249,30.27481],[-90.78619,30.28071],[-90.7933,30.28071],[-90.7979,30.28421],[-90.7986,30.27991],[-90.8112,30.27641],[-90.8162,30.28771],[-90.8138,30.29171],[-90.8242,30.29301],[-90.82549,30.29851],[-90.823,30.30061],[-90.8299,30.31391],[-90.8293,30.31731],[-90.8392,30.31881],[-90.8399,30.32171],[-90.8371,30.32541],[-90.8501,30.32981],[-90.85799,30.33761],[-90.8592,30.34331],[-90.8648,30.34051],[-90.8744,30.34431],[-90.89059,30.34481],[-90.8994,30.34771],[-90.9042,30.35581],[-90.90359,30.35901],[-90.90659,30.36121],[-90.9135,30.35871],[-90.9191,30.36561],[-90.9301,30.36201],[-90.93259,30.36521],[-90.936,30.36401],[-90.9371,30.36631],[-90.932,30.37171],[-90.9437,30.37741],[-90.94669,30.38521],[-90.9433,30.39021],[-90.9459,30.39311],[-90.9493,30.39431],[-90.95689,30.38891],[-90.9674,30.38931],[-90.97179,30.40181],[-90.9695,30.40501],[-90.9608,30.40341],[-90.9585,30.40741],[-90.9656,30.41501],[-90.9637,30.41811],[-90.98119,30.42281],[-90.98209,30.42501],[-90.9791,30.42841],[-90.981,30.43121],[-90.9734,30.44001],[-90.9767,30.43901],[-90.9847,30.44611],[-90.9863,30.45021],[-90.98119,30.45211],[-90.98859,30.45591],[-90.99129,30.46271],[-90.9837,30.46781],[-90.9763,30.46741],[-90.975,30.47371],[-90.97829,30.47951],[-90.9753,30.48121],[-90.97009,30.49271],[-90.9705,30.49691],[-90.97449,30.49791],[-90.97459,30.50101],[-90.9683,30.50491],[-90.97169,30.51151],[-90.9799,30.51781],[-90.9782,30.52061],[-90.98109,30.52281],[-90.9779,30.52571],[-90.9833,30.53091],[-90.9798,30.53761],[-90.9743,30.53971],[-90.9754,30.54771],[-90.9724,30.55131],[-90.9715,30.56231],[-90.976,30.56761],[-90.9871,30.57241],[-90.9835,30.57991],[-90.9854,30.58471],[-90.9823,30.58461],[-90.98009,30.59001],[-90.97649,30.59381],[-90.973,30.59361],[-90.9714,30.59691],[-90.96709,30.59741],[-90.9649,30.59421],[-90.9612,30.60001],[-90.9586,30.59841],[-90.9575,30.60071],[-90.9599,30.60521],[-90.94839,30.60501],[-90.94769,30.60891],[-90.9396,30.60961],[-90.9328,30.61821],[-90.935,30.62011],[-90.938,30.61821],[-90.94019,30.62081],[-90.9269,30.63781],[-90.9175,30.63921],[-90.9162,30.64571],[-90.91039,30.64671],[-90.9106,30.64921],[-90.7418,30.64981]]]}},{"type":"Feature","properties":{"layer":"county","state":"LA","cwa":"LIX","name":"West Feliciana","fips":"22125"},"geometry":{"type":"MultiPolygon","coordinates":[[[[-91.2095,30.99911],[-91.17699,30.99871],[-91.1801,30.99111],[-91.1803,30.97861],[-91.1918,30.96961],[-91.1905,30.96671],[-91.1952,30.96141],[-91.1949,30.94791],[-91.18739,30.93691],[-91.19389,30.93151],[-91.19949,30.92001],[-91.2074,30.91801],[-91.2067,30.89271],[-91.2183,30.89101],[-91.2193,30.88411],[-91.22189,30.88151],[-91.2211,30.87661],[-91.225,30.86971],[-91.2197,30.86711],[-91.2197,30.86441],[-91.22369,30.85641],[-91.2288,30.85391],[-91.22559,30.84451],[-91.2342,30.82471],[-91.2307,30.81471],[-91.23409,30.80831],[-91.24319,30.80401],[-91.2373,30.79491],[-91.2482,30.78471],[-91.25439,30.77481],[-91.26009,30.77561],[-91.2622,30.77291],[-91.2593,30.76651],[-91.26109,30.76151],[-91.2756,30.75811],[-91.2795,30.75131],[-91.2868,30.74531],[-91.28609,30.73541],[-91.296,30.72521],[-91.29269,30.71621],[-91.30119,30.71461],[-91.30299,30.70841],[-91.31049,30.70821],[-91.31239,30.69891],[-91.31979,30.70001],[-91.3128,30.68361],[-91.3052,30.67341],[-91.3047,30.65291],[-91.3223,30.65601],[-91.3359,30.66121],[-91.34389,30.68191],[-91.3538,30.72341],[-91.362,30.73931],[-91.3751,30.75631],[-91.3806,30.75881],[-91.39709,30.75751],[-91.423,30.74551],[-91.45039,30.73621],[-91.4601,30.73531],[-91.4828,30.74091],[-91.4967,30.74111],[-91.5132,30.73981],[-91.5541,30.73091],[-91.5711,30.73531],[-91.5946,30.75031],[-91.59579,30.76051],[-91.59029,30.76911],[-91.5765,30.77521],[-91.5544,30.77911],[-91.5395,30.79121],[-91.5179,30.85141],[-91.5151,30.86981],[-91.5189,30.88441],[-91.532,30.90371],[-91.5443,30.91371],[-91.5599,30.91851],[-91.6143,30.91791],[-91.615,30.90501],[-91.6105,30.89901],[-91.5799,30.89461],[-91.5714,30.89101],[-91.56419,30.88411],[-91.5591,30.87191],[-91.5564,30.84861],[-91.56139,30.83761],[-91.5673,30.83691],[-91.57439,30.84441],[-91.588,30.84731],[-91.5994,30.84671],[-91.6242,30.84041],[-91.6366,30.84171],[-91.6526,30.84801],[-91.6614,30.85711],[-91.6609,30.89511],[-91.6457,30.93011],[-91.6572,30.95151],[-91.6625,30.97031],[-91.6494,30.98261],[-91.6365,30.99941],[-91.2095,30.99911]]],[[[-91.6515,31.03931],[-91.64639,31.03281],[-91.6441,31.02311],[-91.6542,31.00861],[-91.65929,30.99641],[-91.6711,31.01061],[-91.69099,31.01931],[-91.70309,31.01861],[-91.70979,31.00891],[-91.71889,31.00671],[-91.74879,31.01921],[-91.7457,31.02521],[-91.723,31.04381],[-91.7185,31.04071],[-91.69669,31.03921],[-91.6853,31.04321],[-91.6637,31.04481],[-91.6515,31.03931]]]]}},{"type":"Feature","properties":{"layer":"county","state":"LA","cwa":"LCH","name":"Calcasieu","fips":"22019"},"geometry":{"type":"MultiPolygon","coordinates":[[[[-93.70889,30.05341],[-93.72099,30.05241],[-93.7187,30.06471],[-93.7159,30.06551],[-93.7132,30.06271],[-93.70889,30.05341]]],[[[-93.4864,30.49051],[-93.3847,30.49011],[-93.38519,30.40261],[-93.1316,30.40301],[-93.1311,30.38001],[-93.0311,30.37911],[-93.03069,30.26061],[-92.9968,30.26021],[-92.99619,30.15691],[-92.89349,30.15541],[-92.8947,30.14711],[-92.891,30.14571],[-92.8895,30.14151],[-92.9069,30.13011],[-92.908,30.11301],[-92.9016,30.11031],[-92.89989,30.10181],[-92.89259,30.09641],[-92.8922,30.08901],[-92.8883,30.08361],[-92.99619,30.08151],[-92.9964,30.03831],[-93.127,30.03851],[-93.12849,30.05261],[-93.704,30.05221],[-93.7055,30.05331],[-93.69939,30.05981],[-93.7018,30.06511],[-93.7168,30.06951],[-93.7307,30.08081],[-93.73399,30.08661],[-93.731,30.08841],[-93.7269,30.08261],[-93.72369,30.08331],[-93.7229,30.09461],[-93.71539,30.10081],[-93.7123,30.10901],[-93.7045,30.11061],[-93.7024,30.11331],[-93.70689,30.12101],[-93.70129,30.12251],[-93.701,30.13781],[-93.6943,30.13561],[-93.6895,30.14071],[-93.6933,30.14241],[-93.6964,30.15171],[-93.699,30.15291],[-93.7084,30.14731],[-93.70139,30.16661],[-93.7028,30.17141],[-93.7011,30.17461],[-93.7046,30.17431],[-93.7066,30.17931],[-93.71169,30.18011],[-93.70959,30.18561],[-93.7122,30.18691],[-93.7127,30.19321],[-93.7166,30.19331],[-93.7147,30.20851],[-93.7173,30.20671],[-93.7204,30.20991],[-93.7174,30.21211],[-93.7194,30.21471],[-93.7174,30.21651],[-93.7184,30.21971],[-93.71329,30.21891],[-93.7117,30.22251],[-93.7132,30.22531],[-93.7104,30.22761],[-93.7128,30.22941],[-93.7101,30.23461],[-93.7048,30.23391],[-93.7085,30.23861],[-93.7035,30.23851],[-93.7085,30.25131],[-93.7037,30.26041],[-93.7076,30.26261],[-93.7082,30.26771],[-93.7047,30.28021],[-93.70869,30.28161],[-93.7086,30.28411],[-93.7048,30.28911],[-93.70869,30.29241],[-93.7119,30.28841],[-93.71519,30.29451],[-93.7168,30.29331],[-93.7186,30.29571],[-93.724,30.29521],[-93.72549,30.29791],[-93.7379,30.29981],[-93.73579,30.30121],[-93.7391,30.30371],[-93.7419,30.30141],[-93.74419,30.30481],[-93.74129,30.30691],[-93.7484,30.31201],[-93.74709,30.31511],[-93.74979,30.31661],[-93.74799,30.31861],[-93.7561,30.32631],[-93.75359,30.32841],[-93.7579,30.33201],[-93.76379,30.33021],[-93.7652,30.33331],[-93.7597,30.33881],[-93.7631,30.33951],[-93.765,30.34411],[-93.76019,30.34211],[-93.76299,30.34621],[-93.75819,30.35001],[-93.7617,30.35281],[-93.75169,30.36051],[-93.75819,30.36541],[-93.75809,30.36831],[-93.75529,30.36631],[-93.755,30.37231],[-93.7552,30.37891],[-93.7587,30.38411],[-93.7552,30.38531],[-93.75819,30.38701],[-93.75739,30.39061],[-93.7418,30.40171],[-93.4861,30.40301],[-93.4864,30.49051]]]]}},{"type":"Feature","properties":{"layer":"county","state":"LA","cwa":"LCH","name":"Jefferson Davis","fips":"22053"},"geometry":{"type":"Polygon","coordinates":[[[-92.65839,30.48821],[-92.6298,30.48711],[-92.6306,30.48371],[-92.6337,30.48291],[-92.62479,30.46581],[-92.6216,30.46461],[-92.6236,30.46161],[-92.62189,30.45771],[-92.6152,30.44971],[-92.61259,30.45001],[-92.6088,30.44151],[-92.6007,30.43771],[-92.6036,30.43521],[-92.5953,30.42031],[-92.601,30.41871],[-92.60529,30.40791],[-92.60239,30.40661],[-92.6045,30.40441],[-92.60419,30.39081],[-92.6073,30.38681],[-92.6105,30.38591],[-92.61459,30.38831],[-92.62099,30.38541],[-92.62189,30.38271],[-92.6292,30.37931],[-92.6309,30.37431],[-92.6256,30.36791],[-92.62849,30.36291],[-92.6243,30.35541],[-92.62769,30.35101],[-92.6253,30.34391],[-92.62,30.33991],[-92.61909,30.33101],[-92.626,30.32601],[-92.6265,30.32311],[-92.6234,30.32281],[-92.6243,30.31951],[-92.6272,30.32061],[-92.632,30.31721],[-92.6318,30.31491],[-92.6282,30.31531],[-92.6235,30.30931],[-92.625,30.30751],[-92.6223,30.30721],[-92.62749,30.29631],[-92.6245,30.29201],[-92.6269,30.29021],[-92.6251,30.28711],[-92.628,30.28591],[-92.6225,30.27601],[-92.6255,30.27371],[-92.6246,30.26711],[-92.6274,30.26441],[-92.62399,30.25871],[-92.6272,30.25821],[-92.6264,30.25511],[-92.6225,30.25341],[-92.62209,30.25091],[-92.6256,30.24571],[-92.6227,30.24051],[-92.625,30.23961],[-92.6243,30.23341],[-92.6262,30.23101],[-92.6168,30.22531],[-92.6131,30.21531],[-92.60339,30.20721],[-92.59599,30.20721],[-92.5858,30.20361],[-92.58389,30.20041],[-92.5898,30.20211],[-92.5935,30.19741],[-92.5942,30.19371],[-92.5907,30.19161],[-92.59219,30.18041],[-92.60329,30.17981],[-92.60709,30.17541],[-92.61839,30.17571],[-92.6116,30.16991],[-92.6144,30.16651],[-92.60809,30.16091],[-92.6143,30.15011],[-92.6213,30.14781],[-92.62849,30.13491],[-92.6273,30.13261],[-92.62299,30.13281],[-92.6224,30.12891],[-92.6282,30.12611],[-92.6228,30.12031],[-92.6256,30.11851],[-92.62479,30.11241],[-92.6207,30.10931],[-92.6187,30.10351],[-92.6207,30.10041],[-92.61919,30.09391],[-92.6283,30.09111],[-92.6289,30.08781],[-92.6261,30.08501],[-92.63219,30.08321],[-92.63029,30.07991],[-92.6357,30.07271],[-92.65009,30.07231],[-92.6535,30.07801],[-92.6598,30.06711],[-92.6711,30.06391],[-92.6768,30.05621],[-92.68829,30.05451],[-92.69479,30.05691],[-92.7021,30.04551],[-92.709,30.04151],[-92.7229,30.04151],[-92.7242,30.03781],[-92.9964,30.03831],[-92.99619,30.08151],[-92.8883,30.08361],[-92.8922,30.08901],[-92.89259,30.09641],[-92.89989,30.10181],[-92.9016,30.11031],[-92.908,30.11301],[-92.9069,30.13011],[-92.8895,30.14151],[-92.891,30.14571],[-92.8947,30.14711],[-92.89349,30.15541],[-92.99619,30.15691],[-92.9968,30.26021],[-93.03069,30.26061],[-93.0311,30.37911],[-93.1311,30.38001],[-93.1312,30.42361],[-93.0663,30.42431],[-93.0656,30.43731],[-93.05859,30.43871],[-92.77589,30.43791],[-92.7736,30.48811],[-92.65839,30.48821]]]}},{"type":"Feature","properties":{"layer":"county","state":"LA","cwa":"LIX","name":"Iberville","fips":"22047"},"geometry":{"type":"Polygon","coordinates":[[[-91.6254,30.49701],[-91.5834,30.49701],[-91.5832,30.48261],[-91.55669,30.48291],[-91.5574,30.48841],[-91.5261,30.49681],[-91.4846,30.49661],[-91.4602,30.47041],[-91.453,30.47461],[-91.4098,30.42881],[-91.3948,30.40851],[-91.3949,30.39551],[-91.3622,30.38231],[-91.336,30.35201],[-91.3193,30.34331],[-91.31139,30.32251],[-91.14629,30.32331],[-91.1421,30.32271],[-91.1418,30.31971],[-91.13419,30.31421],[-91.11549,30.31281],[-91.0929,30.32041],[-91.069,30.31951],[-91.03629,30.31471],[-91.0202,30.32021],[-91.0694,30.18301],[-91.07339,30.16081],[-91.0777,30.16111],[-91.0899,30.15381],[-91.09019,30.10861],[-91.1064,30.10821],[-91.1055,30.06281],[-91.2239,30.02561],[-91.22189,30.03091],[-91.22359,30.04081],[-91.22919,30.04231],[-91.24139,30.02941],[-91.25739,30.04151],[-91.2692,30.05931],[-91.3362,30.05901],[-91.3428,30.06141],[-91.35419,30.06061],[-91.3576,30.05711],[-91.3676,30.05591],[-91.37189,30.06221],[-91.3689,30.07011],[-91.3713,30.08031],[-91.37569,30.08561],[-91.3781,30.09411],[-91.3894,30.09951],[-91.3894,30.10231],[-91.4641,30.10311],[-91.47189,30.11251],[-91.46149,30.13121],[-91.4722,30.14221],[-91.46819,30.15031],[-91.46809,30.15951],[-91.472,30.18621],[-91.48969,30.20061],[-91.4883,30.20981],[-91.4753,30.22931],[-91.4917,30.23661],[-91.5094,30.24051],[-91.5422,30.23981],[-91.5634,30.24221],[-91.5757,30.24781],[-91.588,30.25711],[-91.59109,30.26371],[-91.5879,30.27231],[-91.59039,30.27741],[-91.604,30.28941],[-91.62109,30.30991],[-91.6273,30.33111],[-91.62469,30.34181],[-91.6255,30.35281],[-91.6477,30.36541],[-91.6437,30.37211],[-91.6282,30.37901],[-91.6251,30.39241],[-91.63,30.40711],[-91.6284,30.41341],[-91.6347,30.41971],[-91.6391,30.43021],[-91.6372,30.43491],[-91.63979,30.44201],[-91.6457,30.44411],[-91.6477,30.44911],[-91.6746,30.47431],[-91.6853,30.47601],[-91.6922,30.48091],[-91.70119,30.49231],[-91.7011,30.49731],[-91.6254,30.49701]]]}},{"type":"Feature","properties":{"layer":"county","state":"LA","cwa":"LCH","name":"Vermilion","fips":"22113"},"geometry":{"type":"MultiPolygon","coordinates":[[[[-92.19511,29.67966],[-92.1954,29.67978],[-92.19532,29.67996],[-92.19485,29.68028],[-92.19419,29.68046],[-92.19393,29.6804],[-92.19419,29.68007],[-92.19511,29.67966]]],[[[-92.14489,29.68133],[-92.1455,29.68155],[-92.14547,29.68176],[-92.14502,29.68194],[-92.14474,29.68185],[-92.14489,29.68133]]],[[[-92.18587,29.69147],[-92.18678,29.69137],[-92.18692,29.69165],[-92.18603,29.69185],[-92.18571,29.69163],[-92.18587,29.69147]]],[[[-92.13822,29.74195],[-92.13911,29.74195],[-92.13993,29.7423],[-92.14032,29.74285],[-92.14032,29.74351],[-92.13974,29.74379],[-92.13799,29.74319],[-92.13775,29.74285],[-92.13777,29.74243],[-92.13822,29.74195]]],[[[-92.12222,29.73404],[-92.14443,29.71642],[-92.1496,29.71681],[-92.1521,29.72073],[-92.14941,29.72628],[-92.133,29.73317],[-92.13649,29.73361],[-92.1358,29.73583],[-92.12645,29.74587],[-92.12471,29.75382],[-92.12207,29.75401],[-92.11263,29.74104],[-92.12222,29.73404]]],[[[-92.14709,29.75468],[-92.14497,29.75447],[-92.14476,29.75404],[-92.14544,29.7536],[-92.14607,29.75351],[-92.14777,29.75425],[-92.14788,29.75448],[-92.14767,29.75507],[-92.14709,29.75468]]],[[[-92.12018,29.75495],[-92.11942,29.755],[-92.11894,29.75458],[-92.11855,29.75387],[-92.11866,29.75342],[-92.11907,29.75339],[-92.12015,29.75387],[-92.12105,29.75481],[-92.12102,29.75509],[-92.12018,29.75495]]],[[[-92.1478,29.75592],[-92.14809,29.75592],[-92.14846,29.7564],[-92.14791,29.75635],[-92.14775,29.75619],[-92.1478,29.75592]]],[[[-92.14318,29.75722],[-92.14399,29.75727],[-92.14399,29.75748],[-92.14362,29.75775],[-92.14323,29.75773],[-92.14297,29.75752],[-92.14318,29.75722]]],[[[-92.12176,29.75653],[-92.12196,29.75644],[-92.1221,29.7566],[-92.12249,29.75749],[-92.12207,29.75784],[-92.12192,29.75786],[-92.12176,29.75653]]],[[[-92.1468,29.75844],[-92.14715,29.75851],[-92.14722,29.75887],[-92.14709,29.75924],[-92.14665,29.75938],[-92.14655,29.75883],[-92.1468,29.75844]]],[[[-92.14738,29.75968],[-92.14775,29.75984],[-92.14754,29.76032],[-92.14712,29.76021],[-92.14738,29.75968]]],[[[-92.11299,29.763],[-92.12107,29.75887],[-92.12294,29.76095],[-92.12066,29.76465],[-92.11299,29.763]]],[[[-92.15099,29.75571],[-92.1498,29.7583],[-92.1497,29.75567],[-92.15414,29.75422],[-92.14875,29.75333],[-92.15849,29.75161],[-92.15755,29.75684],[-92.16212,29.7617],[-92.16017,29.76509],[-92.15324,29.76397],[-92.15099,29.75571]]],[[[-92.126,29.75953],[-92.1222,29.75479],[-92.12676,29.75648],[-92.1276,29.76175],[-92.13411,29.76857],[-92.1323,29.76928],[-92.126,29.75953]]],[[[-92.17552,29.77286],[-92.1758,29.77529],[-92.17247,29.7749],[-92.17552,29.77286]]],[[[-92.16075,29.76502],[-92.16246,29.76195],[-92.16979,29.76285],[-92.1761,29.75923],[-92.17443,29.75021],[-92.16098,29.75021],[-92.16664,29.74611],[-92.16559,29.74134],[-92.17016,29.73985],[-92.1778,29.74169],[-92.19798,29.7526],[-92.20623,29.75306],[-92.16209,29.7799],[-92.1587,29.77715],[-92.16338,29.77552],[-92.16243,29.77128],[-92.16535,29.77066],[-92.16185,29.77011],[-92.16075,29.76502]]],[[[-92.15126,29.78276],[-92.14075,29.78216],[-92.13852,29.77831],[-92.14104,29.77659],[-92.13781,29.77764],[-92.13393,29.77122],[-92.13613,29.76859],[-92.13301,29.77015],[-92.13464,29.76705],[-92.14964,29.77245],[-92.14137,29.76804],[-92.14799,29.76527],[-92.14988,29.76156],[-92.15376,29.76564],[-92.15292,29.77148],[-92.15403,29.76621],[-92.15967,29.76637],[-92.16259,29.77474],[-92.15765,29.77667],[-92.15331,29.77394],[-92.16025,29.7802],[-92.15126,29.78276]]],[[[-92.13907,29.78787],[-92.14248,29.78975],[-92.14127,29.79085],[-92.13907,29.78787]]],[[[-92.1368,29.80735],[-92.13732,29.80763],[-92.1374,29.80786],[-92.13703,29.8079],[-92.13672,29.80754],[-92.1368,29.80735]]],[[[-92.12688,29.82259],[-92.12751,29.82037],[-92.13108,29.82076],[-92.12688,29.82259]]],[[[-91.98084,29.82768],[-91.98609,29.81778],[-91.97759,29.80231],[-91.98387,29.79452],[-92.00012,29.79244],[-92.02103,29.7843],[-92.03522,29.7824],[-92.07526,29.76285],[-92.11079,29.74198],[-92.11918,29.75202],[-92.11742,29.75445],[-92.12121,29.75804],[-92.11188,29.76268],[-92.10547,29.76224],[-92.11382,29.7649],[-92.10818,29.7746],[-92.11993,29.7768],[-92.12638,29.77379],[-92.12543,29.76925],[-92.11929,29.76563],[-92.12365,29.76185],[-92.12267,29.75793],[-92.13232,29.77173],[-92.12827,29.77331],[-92.13324,29.77313],[-92.13965,29.78274],[-92.13124,29.78562],[-92.12895,29.78374],[-92.1295,29.78649],[-92.10901,29.79268],[-92.10738,29.7908],[-92.10751,29.79328],[-92.07597,29.80383],[-92.07382,29.80213],[-92.07492,29.80415],[-92.00392,29.82692],[-92.00122,29.82318],[-92.00285,29.82726],[-91.9727,29.83658],[-91.9715,29.83391],[-91.98084,29.82768]]],[[[-92.2774,30.14121],[-92.26559,30.14371],[-92.256,30.13961],[-92.24409,30.14361],[-92.22649,30.13701],[-92.2062,30.14231],[-92.1282,30.11571],[-92.1197,30.12171],[-92.1125,30.12031],[-92.0888,30.12801],[-92.0869,30.12631],[-92.0908,30.11801],[-92.08839,30.11131],[-92.0812,30.10681],[-92.0774,30.10051],[-92.0724,30.08121],[-92.0659,30.07381],[-91.9656,30.03421],[-91.9817,29.99161],[-91.99139,29.98761],[-91.9936,29.98301],[-91.97292,29.83746],[-92.04362,29.81706],[-92.08402,29.80218],[-92.08557,29.80456],[-92.08533,29.80206],[-92.0903,29.80014],[-92.14033,29.78422],[-92.1439,29.78739],[-92.13712,29.78736],[-92.14103,29.79355],[-92.13614,29.79722],[-92.13698,29.80185],[-92.13072,29.81056],[-92.13245,29.81959],[-92.12512,29.8208],[-92.12588,29.82351],[-92.1314,29.82394],[-92.13368,29.83075],[-92.13331,29.83614],[-92.12768,29.83589],[-92.12708,29.8406],[-92.12965,29.84338],[-92.12697,29.85108],[-92.12292,29.85338],[-92.12513,29.85987],[-92.1237,29.85346],[-92.1276,29.85202],[-92.12834,29.84622],[-92.13349,29.84247],[-92.14587,29.83972],[-92.15032,29.84341],[-92.15308,29.8427],[-92.15605,29.84775],[-92.157,29.84609],[-92.1464,29.83933],[-92.14046,29.83921],[-92.13086,29.84427],[-92.12789,29.8401],[-92.12895,29.83566],[-92.1347,29.83607],[-92.13214,29.8153],[-92.13248,29.81322],[-92.13645,29.81368],[-92.13199,29.81074],[-92.13451,29.80944],[-92.13656,29.81191],[-92.13496,29.80884],[-92.1379,29.80779],[-92.13564,29.8052],[-92.13811,29.80469],[-92.13625,29.80417],[-92.13945,29.79821],[-92.13751,29.79722],[-92.14082,29.79695],[-92.14233,29.79188],[-92.14417,29.79214],[-92.14306,29.79019],[-92.14713,29.7889],[-92.14298,29.78434],[-92.15168,29.78556],[-92.1722,29.77664],[-92.18912,29.78169],[-92.17741,29.77575],[-92.17688,29.77252],[-92.18279,29.76849],[-92.18526,29.77188],[-92.18416,29.76755],[-92.2186,29.74712],[-92.21784,29.74552],[-92.2072,29.75212],[-92.20914,29.74627],[-92.20008,29.72571],[-92.18566,29.71689],[-92.16812,29.70164],[-92.14785,29.69611],[-92.13577,29.70113],[-92.10159,29.69971],[-92.10035,29.69666],[-92.10382,29.69141],[-92.13128,29.67165],[-92.13462,29.67488],[-92.14193,29.67541],[-92.14505,29.67793],[-92.14421,29.68173],[-92.14673,29.68557],[-92.15849,29.68126],[-92.16566,29.68495],[-92.16521,29.69266],[-92.16843,29.69742],[-92.17534,29.69797],[-92.18143,29.69295],[-92.18647,29.69351],[-92.18742,29.68445],[-92.19222,29.68099],[-92.19595,29.6809],[-92.20346,29.68647],[-92.20729,29.68276],[-92.20152,29.67849],[-92.19472,29.67856],[-92.18721,29.68335],[-92.18747,29.69],[-92.17807,29.68881],[-92.17038,29.69568],[-92.17535,29.68629],[-92.17269,29.6814],[-92.16288,29.67849],[-92.15666,29.6739],[-92.15269,29.67525],[-92.14781,29.67255],[-92.14629,29.67748],[-92.13429,29.67346],[-92.13293,29.66076],[-92.12395,29.654],[-92.12389,29.64221],[-92.11108,29.61792],[-92.12233,29.62351],[-92.1287,29.62101],[-92.13395,29.62736],[-92.13316,29.63158],[-92.13594,29.6308],[-92.13589,29.6284],[-92.14132,29.63019],[-92.144,29.62622],[-92.13311,29.62693],[-92.12884,29.62021],[-92.12234,29.62277],[-92.10536,29.61242],[-92.09924,29.61132],[-92.09819,29.60697],[-92.10247,29.608],[-92.11356,29.59956],[-92.10349,29.5991],[-92.10102,29.60589],[-92.09743,29.60685],[-92.09895,29.61501],[-92.10326,29.62012],[-92.0929,29.61738],[-92.08414,29.62288],[-92.06391,29.6202],[-92.04851,29.624],[-92.03972,29.63326],[-92.0302,29.63244],[-92.02251,29.62312],[-92.00628,29.61519],[-92.00694,29.61179],[-92.01987,29.61592],[-92.03896,29.61696],[-92.05384,29.61144],[-92.07121,29.59954],[-92.06913,29.59406],[-92.06488,29.59138],[-92.06076,29.59354],[-92.05468,29.59106],[-92.05441,29.5884],[-92.04925,29.59292],[-92.04784,29.58999],[-92.04343,29.59115],[-92.04144,29.58778],[-92.0471,29.5838],[-92.05835,29.58166],[-92.06653,29.58384],[-92.0797,29.58231],[-92.10593,29.58634],[-92.15862,29.58162],[-92.21259,29.56248],[-92.25111,29.53943],[-92.2537,29.54181],[-92.25266,29.53906],[-92.25953,29.53682],[-92.29525,29.53248],[-92.30781,29.53312],[-92.30595,29.53381],[-92.30711,29.53641],[-92.31056,29.53454],[-92.30936,29.53303],[-92.33683,29.53736],[-92.3976,29.55083],[-92.53621,29.56709],[-92.53773,29.5709],[-92.54006,29.56787],[-92.5586,29.56994],[-92.58794,29.57443],[-92.59343,29.57842],[-92.59293,29.57583],[-92.59489,29.57543],[-92.60601,29.57708],[-92.60872,29.57953],[-92.61773,29.57918],[-92.61368,29.80124],[-92.61559,30.03491],[-92.61649,30.03821],[-92.7242,30.03781],[-92.7229,30.04151],[-92.709,30.04151],[-92.6996,30.04741],[-92.69479,30.05691],[-92.68829,30.05451],[-92.6768,30.05621],[-92.6711,30.06391],[-92.6598,30.06711],[-92.6535,30.07801],[-92.65009,30.07231],[-92.6357,30.07271],[-92.63029,30.07991],[-92.63219,30.08321],[-92.6261,30.08501],[-92.6289,30.08781],[-92.6283,30.09111],[-92.62379,30.08991],[-92.61919,30.09391],[-92.6178,30.08921],[-92.6104,30.09141],[-92.6046,30.09781],[-92.58279,30.09761],[-92.5778,30.10211],[-92.57059,30.10271],[-92.5683,30.10451],[-92.5696,30.10841],[-92.5634,30.11191],[-92.5606,30.11101],[-92.5578,30.11521],[-92.5412,30.10631],[-92.5358,30.10761],[-92.5345,30.10501],[-92.5295,30.10381],[-92.5289,30.09811],[-92.51939,30.09281],[-92.5205,30.08881],[-92.50719,30.08171],[-92.5071,30.07871],[-92.5022,30.07911],[-92.49149,30.07471],[-92.48409,30.06541],[-92.475,30.06531],[-92.4405,30.05441],[-92.4395,30.05211],[-92.4353,30.05331],[-92.42249,30.04961],[-92.4063,30.05451],[-92.3977,30.06071],[-92.3867,30.06151],[-92.3679,30.07191],[-92.35899,30.08091],[-92.3473,30.08581],[-92.34589,30.09331],[-92.3321,30.10201],[-92.3315,30.10821],[-92.3239,30.11521],[-92.3231,30.12341],[-92.3186,30.12291],[-92.3007,30.13081],[-92.2916,30.14371],[-92.29279,30.14621],[-92.2894,30.14641],[-92.28909,30.14871],[-92.2774,30.14121]]]]}},{"type":"Feature","properties":{"layer":"county","state":"LA","cwa":"LCH","name":"Iberia","fips":"22045"},"geometry":{"type":"MultiPolygon","coordinates":[[[[-91.84941,29.42127],[-91.84933,29.42072],[-91.84969,29.42047],[-91.85045,29.421],[-91.85092,29.42111],[-91.85197,29.42084],[-91.85252,29.42093],[-91.85268,29.42113],[-91.85265,29.42141],[-91.85176,29.42226],[-91.85132,29.4224],[-91.85048,29.4223],[-91.84993,29.42203],[-91.84962,29.42175],[-91.84941,29.42127]]],[[[-91.8226,29.42701],[-91.82278,29.42698],[-91.82372,29.42785],[-91.82411,29.42852],[-91.8238,29.42854],[-91.8231,29.42824],[-91.82249,29.42776],[-91.82244,29.42708],[-91.8226,29.42701]]],[[[-91.83713,29.43455],[-91.83357,29.43379],[-91.83742,29.4328],[-91.83427,29.42723],[-91.83699,29.42341],[-91.83731,29.4282],[-91.83972,29.42792],[-91.84071,29.42015],[-91.84417,29.41928],[-91.84278,29.41715],[-91.84956,29.42288],[-91.85312,29.42244],[-91.84877,29.41018],[-91.84997,29.40614],[-91.85026,29.41006],[-91.85336,29.4105],[-91.85345,29.40644],[-91.85623,29.41148],[-91.85451,29.42705],[-91.84702,29.42973],[-91.84744,29.4326],[-91.84095,29.43374],[-91.84064,29.43778],[-91.83713,29.43455]]],[[[-91.84079,29.44066],[-91.84085,29.44034],[-91.84116,29.44037],[-91.84323,29.44112],[-91.84367,29.44167],[-91.8437,29.44193],[-91.84203,29.44165],[-91.84161,29.44145],[-91.84079,29.44066]]],[[[-91.821,29.43608],[-91.82286,29.43131],[-91.82718,29.42985],[-91.82581,29.42506],[-91.82893,29.43012],[-91.8278,29.43368],[-91.83199,29.43475],[-91.82471,29.43498],[-91.82885,29.44367],[-91.821,29.43608]]],[[[-91.85374,29.44563],[-91.85669,29.4466],[-91.85591,29.449],[-91.85374,29.44563]]],[[[-91.84326,29.44995],[-91.8337,29.44562],[-91.83519,29.4433],[-91.84664,29.44493],[-91.84931,29.44307],[-91.84718,29.4397],[-91.84896,29.43883],[-91.85033,29.44417],[-91.8453,29.44745],[-91.84892,29.45017],[-91.84493,29.45011],[-91.84305,29.4526],[-91.84326,29.44995]]],[[[-91.81482,29.46959],[-91.81524,29.46953],[-91.81576,29.46973],[-91.81605,29.47019],[-91.81597,29.47044],[-91.81539,29.47062],[-91.81498,29.47037],[-91.81482,29.46959]]],[[[-91.82084,29.47205],[-91.82131,29.472],[-91.82142,29.47267],[-91.82124,29.47294],[-91.82063,29.47317],[-91.82045,29.47269],[-91.82084,29.47205]]],[[[-91.82118,29.47404],[-91.82385,29.47626],[-91.82142,29.47649],[-91.82118,29.47404]]],[[[-91.80749,29.47785],[-91.80793,29.47782],[-91.80822,29.47824],[-91.80837,29.47975],[-91.80811,29.48011],[-91.80764,29.48016],[-91.80733,29.47995],[-91.8072,29.47835],[-91.80749,29.47785]]],[[[-91.98346,29.51628],[-91.98763,29.51692],[-91.98783,29.51917],[-91.98464,29.52032],[-91.98346,29.51628]]],[[[-91.98513,29.54304],[-91.98651,29.54473],[-91.98463,29.54636],[-91.98513,29.54304]]],[[[-91.79282,29.57701],[-91.79316,29.57685],[-91.7934,29.57699],[-91.79363,29.57749],[-91.79429,29.57786],[-91.7945,29.57818],[-91.79453,29.57918],[-91.79439,29.57951],[-91.79408,29.57971],[-91.79359,29.57971],[-91.79321,29.57873],[-91.79269,29.57806],[-91.79266,29.57733],[-91.79282,29.57701]]],[[[-91.73783,29.58124],[-91.73885,29.58147],[-91.73893,29.58202],[-91.73856,29.5822],[-91.7377,29.58188],[-91.73751,29.58174],[-91.73754,29.58138],[-91.73783,29.58124]]],[[[-91.7372,29.58232],[-91.73754,29.58248],[-91.73754,29.58262],[-91.73699,29.58289],[-91.73676,29.58282],[-91.73668,29.58239],[-91.7372,29.58232]]],[[[-91.76476,29.58076],[-91.7651,29.58076],[-91.76555,29.58103],[-91.7655,29.58172],[-91.76529,29.58193],[-91.76421,29.58218],[-91.7624,29.58307],[-91.76206,29.58298],[-91.76219,29.58257],[-91.76361,29.58122],[-91.76476,29.58076]]],[[[-91.7526,29.58119],[-91.75304,29.58103],[-91.75359,29.58144],[-91.75404,29.58204],[-91.75438,29.58309],[-91.75404,29.58314],[-91.75252,29.58174],[-91.75244,29.58149],[-91.7526,29.58119]]],[[[-91.75506,29.5838],[-91.75545,29.58378],[-91.75632,29.58438],[-91.75747,29.58474],[-91.75755,29.58578],[-91.75726,29.58584],[-91.75661,29.58504],[-91.75543,29.5847],[-91.75509,29.58428],[-91.75506,29.5838]]],[[[-91.77167,29.59087],[-91.77189,29.59082],[-91.77215,29.59101],[-91.77213,29.5913],[-91.77189,29.59156],[-91.77145,29.59137],[-91.77137,29.59107],[-91.77167,29.59087]]],[[[-91.76751,29.59137],[-91.7679,29.59151],[-91.76764,29.59199],[-91.7673,29.5922],[-91.76675,29.59206],[-91.76678,29.59183],[-91.76751,29.59137]]],[[[-91.80386,29.60493],[-91.80449,29.60495],[-91.80457,29.60562],[-91.8042,29.60598],[-91.80367,29.60603],[-91.80352,29.60527],[-91.80386,29.60493]]],[[[-91.9001,29.63858],[-91.89908,29.63677],[-91.90197,29.6364],[-91.90289,29.63321],[-91.90092,29.63133],[-91.90334,29.63001],[-91.9,29.6309],[-91.90102,29.63642],[-91.88893,29.63349],[-91.89379,29.62521],[-91.89103,29.62856],[-91.87993,29.63025],[-91.87726,29.62805],[-91.88127,29.62144],[-91.87317,29.63213],[-91.86611,29.63158],[-91.86265,29.63372],[-91.86263,29.62734],[-91.85708,29.62491],[-91.85042,29.62482],[-91.85029,29.63164],[-91.84151,29.63003],[-91.83898,29.62448],[-91.84055,29.61907],[-91.83268,29.61263],[-91.82859,29.61247],[-91.82825,29.60976],[-91.82319,29.60653],[-91.82361,29.60376],[-91.82135,29.60614],[-91.80923,29.60172],[-91.80358,29.60287],[-91.80438,29.58407],[-91.80748,29.58792],[-91.80719,29.59358],[-91.80962,29.59514],[-91.81419,29.59482],[-91.81967,29.58902],[-91.8218,29.58985],[-91.81807,29.58304],[-91.82104,29.57958],[-91.81946,29.57646],[-91.82544,29.57378],[-91.82588,29.5694],[-91.81867,29.56764],[-91.81783,29.56463],[-91.8128,29.56598],[-91.81133,29.56365],[-91.80433,29.56209],[-91.80858,29.57226],[-91.81655,29.57937],[-91.81168,29.58157],[-91.80968,29.57997],[-91.8096,29.58361],[-91.80436,29.5829],[-91.80239,29.58579],[-91.79917,29.57149],[-91.79235,29.57118],[-91.7925,29.57939],[-91.79922,29.57926],[-91.80328,29.58893],[-91.7887,29.59218],[-91.78319,29.59757],[-91.78107,29.59543],[-91.78288,29.59183],[-91.77955,29.58956],[-91.77263,29.59078],[-91.77148,29.58578],[-91.77481,29.58211],[-91.77486,29.56838],[-91.77185,29.56607],[-91.76762,29.569],[-91.77155,29.57558],[-91.74163,29.57491],[-91.73452,29.58023],[-91.73387,29.58443],[-91.7318,29.58388],[-91.73164,29.57991],[-91.73719,29.5698],[-91.73604,29.56357],[-91.72733,29.56323],[-91.7239,29.5677],[-91.71564,29.56584],[-91.71446,29.56891],[-91.70841,29.57077],[-91.70738,29.56846],[-91.705,29.57187],[-91.70442,29.56688],[-91.7088,29.56598],[-91.70696,29.5617],[-91.70903,29.55808],[-91.71197,29.55831],[-91.71165,29.55427],[-91.72549,29.54485],[-91.74706,29.53515],[-91.75819,29.52476],[-91.76332,29.52772],[-91.76605,29.5266],[-91.7634,29.52275],[-91.76823,29.51583],[-91.77253,29.49902],[-91.76381,29.48858],[-91.77052,29.48895],[-91.7882,29.48155],[-91.80345,29.48685],[-91.81461,29.48206],[-91.82014,29.47608],[-91.82346,29.48023],[-91.82097,29.48834],[-91.82401,29.48076],[-91.82213,29.47725],[-91.84573,29.47873],[-91.8526,29.49499],[-91.86232,29.50239],[-91.87707,29.50312],[-91.88302,29.50122],[-91.88789,29.5067],[-91.90531,29.51762],[-91.91532,29.51851],[-91.92766,29.5234],[-91.95206,29.53703],[-91.95762,29.53692],[-91.9594,29.53126],[-91.96438,29.53066],[-91.96923,29.5341],[-91.96813,29.53768],[-91.97193,29.54237],[-91.99894,29.55245],[-92.02681,29.5668],[-92.03561,29.57827],[-92.02686,29.57483],[-92.02293,29.57655],[-92.02311,29.57403],[-92.02025,29.57526],[-92.0213,29.57918],[-92.01765,29.57817],[-92.01794,29.58186],[-92.0197,29.58184],[-92.01762,29.58745],[-92.0199,29.58842],[-92.01922,29.59089],[-92.00805,29.59373],[-92.00555,29.60517],[-91.98743,29.61381],[-91.98565,29.61363],[-91.98778,29.61196],[-91.98426,29.60696],[-91.98549,29.60462],[-91.98103,29.60137],[-91.97641,29.60515],[-91.97987,29.60258],[-91.98357,29.60774],[-91.98531,29.61246],[-91.98279,29.61528],[-91.96737,29.60822],[-91.94029,29.60967],[-91.93447,29.61263],[-91.9281,29.62127],[-91.92099,29.62196],[-91.92809,29.62269],[-91.92891,29.63638],[-91.92283,29.63317],[-91.9153,29.6342],[-91.91574,29.6318],[-91.9022,29.64126],[-91.9001,29.63858]]],[[[-91.823,29.80974],[-91.81512,29.7874],[-91.80105,29.77965],[-91.85642,29.73809],[-91.85671,29.74048],[-91.85212,29.74442],[-91.85768,29.74186],[-91.86246,29.74504],[-91.85925,29.7502],[-91.86433,29.74454],[-91.87559,29.74673],[-91.88196,29.74518],[-91.88288,29.7507],[-91.88028,29.75763],[-91.87283,29.76258],[-91.86926,29.76036],[-91.87141,29.75869],[-91.86657,29.75906],[-91.8635,29.76215],[-91.86841,29.76119],[-91.87207,29.7652],[-91.85915,29.78333],[-91.85416,29.79766],[-91.8483,29.80043],[-91.84951,29.78762],[-91.8453,29.78045],[-91.83965,29.77839],[-91.83845,29.77387],[-91.83671,29.77295],[-91.83598,29.77596],[-91.82951,29.7791],[-91.82788,29.77733],[-91.82562,29.78733],[-91.82344,29.78744],[-91.82494,29.7904],[-91.82224,29.79961],[-91.82634,29.80697],[-91.82565,29.81343],[-91.8317,29.82194],[-91.83049,29.82388],[-91.82684,29.82132],[-91.823,29.80974]]],[[[-91.82692,29.82485],[-91.82726,29.82478],[-91.82739,29.82533],[-91.82776,29.82565],[-91.82852,29.8259],[-91.82889,29.82629],[-91.82894,29.82886],[-91.8286,29.82977],[-91.82794,29.82982],[-91.82763,29.82955],[-91.82692,29.82485]]],[[[-91.95109,29.82943],[-91.95147,29.82957],[-91.95139,29.82982],[-91.95095,29.82982],[-91.95095,29.82948],[-91.95109,29.82943]]],[[[-91.95016,29.82948],[-91.95055,29.8295],[-91.95052,29.82996],[-91.95013,29.82987],[-91.95016,29.82948]]],[[[-91.95279,29.82991],[-91.95321,29.82991],[-91.95316,29.83012],[-91.95245,29.83048],[-91.95234,29.83037],[-91.95248,29.83012],[-91.95279,29.82991]]],[[[-91.95134,29.83083],[-91.95174,29.83083],[-91.95174,29.83104],[-91.95147,29.83134],[-91.95113,29.83134],[-91.95108,29.83095],[-91.95134,29.83083]]],[[[-91.95213,29.83319],[-91.95255,29.83314],[-91.95302,29.83347],[-91.95287,29.83393],[-91.95245,29.83431],[-91.95203,29.83425],[-91.95187,29.83381],[-91.95213,29.83319]]],[[[-91.95003,29.83113],[-91.95039,29.83108],[-91.95055,29.83124],[-91.9499,29.8323],[-91.94866,29.83338],[-91.94703,29.83438],[-91.94659,29.83441],[-91.94661,29.83415],[-91.94906,29.83237],[-91.94979,29.83166],[-91.95003,29.83113]]],[[[-91.95174,29.83152],[-91.9521,29.83138],[-91.95234,29.83163],[-91.95197,29.83202],[-91.94987,29.83335],[-91.94882,29.83429],[-91.94848,29.8345],[-91.94814,29.83443],[-91.94814,29.83425],[-91.95174,29.83152]]],[[[-91.83546,29.84091],[-91.82513,29.83218],[-91.84132,29.84247],[-91.84006,29.84391],[-91.83546,29.84091]]],[[[-91.85034,29.84442],[-91.84464,29.843],[-91.82773,29.83097],[-91.83186,29.82868],[-91.84647,29.8292],[-91.86198,29.82523],[-91.88276,29.83513],[-91.89293,29.83554],[-91.90771,29.83099],[-91.9162,29.81547],[-91.9295,29.8171],[-91.93749,29.81479],[-91.95187,29.82283],[-91.96207,29.82491],[-91.96714,29.83076],[-91.96609,29.83521],[-91.96346,29.83612],[-91.95702,29.8298],[-91.94054,29.82829],[-91.93954,29.83037],[-91.94469,29.83479],[-91.94372,29.83663],[-91.94019,29.83484],[-91.94201,29.83702],[-91.94753,29.83555],[-91.95597,29.8383],[-91.97183,29.83373],[-91.9727,29.83658],[-91.93483,29.84337],[-91.93354,29.84174],[-91.93307,29.84385],[-91.9307,29.84066],[-91.92908,29.84433],[-91.85034,29.84442]]],[[[-91.71159,30.11721],[-91.7015,30.12121],[-91.694,30.11491],[-91.686,30.11211],[-91.6821,30.10661],[-91.6774,30.10551],[-91.67149,30.11221],[-91.6599,30.10891],[-91.6424,30.08341],[-91.63409,30.07521],[-91.62939,30.07151],[-91.612,30.06741],[-91.6058,30.05561],[-91.6074,30.04591],[-91.6,30.03371],[-91.5106,30.03331],[-91.5075,30.03421],[-91.5033,30.04051],[-91.49599,30.04111],[-91.4937,30.05011],[-91.4883,30.05791],[-91.3688,30.05871],[-91.3676,30.05591],[-91.36349,30.05561],[-91.35419,30.06061],[-91.34019,30.06141],[-91.3362,30.05901],[-91.2692,30.05931],[-91.25739,30.04151],[-91.244,30.03081],[-91.24139,30.02941],[-91.2384,30.03111],[-91.2318,30.04041],[-91.2262,30.04251],[-91.222,30.03841],[-91.22189,30.03091],[-91.2361,30.00101],[-91.2587,30.00061],[-91.2599,29.98741],[-91.2549,29.97191],[-91.2574,29.97131],[-91.62479,29.94501],[-91.7119,29.84561],[-91.80042,29.78011],[-91.81467,29.78866],[-91.82539,29.82061],[-91.81939,29.8188],[-91.81985,29.82453],[-91.81622,29.82638],[-91.81472,29.8306],[-91.81351,29.82829],[-91.80783,29.82856],[-91.80655,29.83269],[-91.80857,29.83548],[-91.80586,29.83697],[-91.80549,29.84135],[-91.79461,29.83903],[-91.79156,29.84875],[-91.7949,29.8403],[-91.80599,29.84199],[-91.80692,29.83711],[-91.80968,29.8355],[-91.80875,29.82973],[-91.81569,29.8315],[-91.81727,29.82693],[-91.82195,29.82386],[-91.81935,29.82212],[-91.82085,29.81972],[-91.82576,29.82299],[-91.82436,29.8333],[-91.83099,29.83715],[-91.83233,29.84135],[-91.83941,29.84456],[-91.83836,29.84632],[-91.84232,29.84272],[-91.84911,29.84531],[-91.93105,29.84589],[-91.97292,29.83746],[-91.9936,29.98301],[-91.99139,29.98761],[-91.9817,29.99161],[-91.951,30.07321],[-91.9072,30.07251],[-91.897,30.05821],[-91.8763,30.06761],[-91.8192,30.04401],[-91.7991,30.06651],[-91.80109,30.07021],[-91.7773,30.08681],[-91.76109,30.09171],[-91.76389,30.09671],[-91.7688,30.09631],[-91.765,30.10871],[-91.7576,30.11021],[-91.7467,30.11751],[-91.7289,30.12241],[-91.71159,30.11721]]]]}},{"type":"Feature","properties":{"layer":"county","state":"LA","cwa":"LIX","name":"St. Tammany","fips":"22103"},"geometry":{"type":"Polygon","coordinates":[[[-90.00208,30.66711],[-89.99518,30.66553],[-89.84918,30.66528],[-89.85181,30.66351],[-89.85059,30.66089],[-89.84131,30.66052],[-89.83911,30.65308],[-89.83362,30.65747],[-89.83008,30.65112],[-89.82629,30.64972],[-89.82562,30.64569],[-89.8219,30.64569],[-89.82349,30.64227],[-89.82178,30.63892],[-89.8147,30.6369],[-89.82001,30.63232],[-89.823,30.62408],[-89.82922,30.62189],[-89.82971,30.61749],[-89.82202,30.61932],[-89.82178,30.60651],[-89.81439,30.59747],[-89.8186,30.5965],[-89.81842,30.5929],[-89.80829,30.5863],[-89.81482,30.58508],[-89.80768,30.57489],[-89.8075,30.5683],[-89.79791,30.5697],[-89.79419,30.56848],[-89.7951,30.56549],[-89.79163,30.56348],[-89.80011,30.56329],[-89.80341,30.56171],[-89.8031,30.55872],[-89.7959,30.55688],[-89.79199,30.55212],[-89.79306,30.54792],[-89.79059,30.5451],[-89.78101,30.54449],[-89.77771,30.54132],[-89.776,30.5329],[-89.76959,30.5293],[-89.7713,30.52148],[-89.76892,30.51727],[-89.76648,30.51428],[-89.75873,30.51672],[-89.7569,30.50629],[-89.7533,30.50708],[-89.75409,30.50092],[-89.74701,30.50189],[-89.742,30.49512],[-89.73682,30.49548],[-89.7301,30.49109],[-89.72351,30.49091],[-89.72101,30.48749],[-89.7215,30.48291],[-89.71472,30.47791],[-89.71039,30.47791],[-89.70532,30.47168],[-89.70471,30.46613],[-89.69379,30.46173],[-89.69043,30.45911],[-89.68958,30.45471],[-89.68372,30.45148],[-89.68451,30.43848],[-89.68079,30.43347],[-89.67871,30.41827],[-89.68311,30.40552],[-89.65887,30.3681],[-89.65979,30.36407],[-89.65582,30.35669],[-89.64771,30.35291],[-89.6441,30.34833],[-89.63739,30.34711],[-89.63013,30.33728],[-89.63208,30.32831],[-89.62958,30.32532],[-89.63092,30.3205],[-89.6264,30.31451],[-89.64081,30.30609],[-89.64178,30.29431],[-89.64691,30.2901],[-89.63788,30.28632],[-89.6319,30.28009],[-89.63049,30.27667],[-89.63251,30.26868],[-89.62579,30.26508],[-89.63159,30.26111],[-89.6319,30.25769],[-89.6261,30.25128],[-89.61591,30.24689],[-89.61401,30.2431],[-89.617,30.22668],[-89.6156,30.22308],[-89.59558,30.21191],[-89.58313,30.19067],[-89.57208,30.18231],[-89.56403,30.18268],[-89.5451,30.19452],[-89.53601,30.19568],[-89.52722,30.18872],[-89.5318,30.17828],[-89.54321,30.1825],[-89.55829,30.1795],[-89.57172,30.16949],[-89.57471,30.15808],[-89.58588,30.15112],[-89.59161,30.15009],[-89.6189,30.15649],[-89.61872,30.1626],[-89.60931,30.15944],[-89.59589,30.15963],[-89.5943,30.16262],[-89.58148,30.16982],[-89.58101,30.1733],[-89.58801,30.17965],[-89.57809,30.18046],[-89.58051,30.18488],[-89.60718,30.18091],[-89.60937,30.17389],[-89.61963,30.16949],[-89.62518,30.16272],[-89.63422,30.16089],[-89.65259,30.16193],[-89.66101,30.16852],[-89.6875,30.17871],[-89.70813,30.16913],[-89.71881,30.1673],[-89.73523,30.1781],[-89.7475,30.18073],[-89.75403,30.17853],[-89.7619,30.19427],[-89.79687,30.21332],[-89.82019,30.21649],[-89.83118,30.22308],[-89.84961,30.22528],[-89.85461,30.23389],[-89.85211,30.23572],[-89.8584,30.23889],[-89.8653,30.25012],[-89.87769,30.24988],[-89.89648,30.25708],[-89.92969,30.24951],[-89.94049,30.25671],[-89.9552,30.26172],[-89.97552,30.2583],[-89.9823,30.2597],[-89.98779,30.26569],[-89.98499,30.27991],[-89.98669,30.29108],[-89.99823,30.30872],[-90.0174,30.32013],[-90.03802,30.32452],[-90.05481,30.34509],[-90.09131,30.3653],[-90.12433,30.36792],[-90.14209,30.3739],[-90.15887,30.3761],[-90.164,30.37988],[-90.18121,30.38129],[-90.1886,30.3877],[-90.19427,30.38849],[-90.2121,30.38489],[-90.24371,30.36378],[-90.24509,30.57601],[-90.24811,30.58752],[-90.24339,30.59361],[-90.24738,30.60229],[-90.25061,30.62311],[-90.24561,30.6347],[-90.24451,30.6463],[-90.24988,30.65289],[-90.24988,30.66193],[-90.25311,30.66771],[-90.2512,30.66991],[-90.2511,30.6957],[-90.25659,30.70453],[-90.25598,30.71271],[-90.00208,30.66711]]]}},{"type":"Feature","properties":{"layer":"county","state":"LA","cwa":"LIX","name":"Orleans","fips":"22071"},"geometry":{"type":"Polygon","coordinates":[[[-89.73752,30.16746],[-89.73608,30.16528],[-89.73783,30.16385],[-89.73276,30.16161],[-89.73064,30.15446],[-89.72383,30.15623],[-89.71649,30.15448],[-89.69897,30.16148],[-89.69132,30.16711],[-89.69079,30.17187],[-89.68703,30.17307],[-89.6633,30.16165],[-89.66003,30.15751],[-89.66072,30.14965],[-89.65638,30.15638],[-89.65028,30.15341],[-89.65112,30.15491],[-89.63938,30.15467],[-89.62641,30.14948],[-89.62972,30.14376],[-89.64038,30.14087],[-89.65698,30.11853],[-89.66901,30.11108],[-89.67743,30.10931],[-89.6825,30.09131],[-89.68378,30.07611],[-89.69531,30.07129],[-89.71942,30.06732],[-89.72961,30.0603],[-89.73125,30.04878],[-89.7204,30.03248],[-89.72502,30.03282],[-89.71791,30.03033],[-89.71759,30.02551],[-89.73328,30.02228],[-89.75399,30.04068],[-89.75201,30.03632],[-89.76508,30.04388],[-89.81561,30.04492],[-89.82587,30.03532],[-89.83193,30.0341],[-89.83124,30.03205],[-89.83733,30.02691],[-89.85052,30.00788],[-89.8642,29.99768],[-89.85962,29.99329],[-89.86261,29.98853],[-89.87018,29.99371],[-89.8797,29.98572],[-89.88422,29.98993],[-89.88501,29.99591],[-89.8902,30.00049],[-89.90619,30.00232],[-89.9162,29.99432],[-89.9389,29.98431],[-89.94061,29.98071],[-89.95282,29.9809],[-89.9566,29.98608],[-89.95978,29.98547],[-89.97308,29.9939],[-89.9801,29.98749],[-89.99091,29.98633],[-89.99609,29.97308],[-89.99872,29.97388],[-90.00989,29.94891],[-89.9801,29.93048],[-89.98437,29.91931],[-89.92731,29.8999],[-89.91541,29.87592],[-89.90741,29.86731],[-89.90979,29.86609],[-89.9197,29.86991],[-89.93451,29.89313],[-89.95892,29.90228],[-89.9715,29.90393],[-89.97772,29.9021],[-89.9863,29.90451],[-89.98909,29.88954],[-90.0015,29.89731],[-90.00249,29.89291],[-90.00812,29.89569],[-90.05933,29.94611],[-90.06152,29.94373],[-90.06201,29.93109],[-90.07391,29.92108],[-90.10828,29.91193],[-90.12872,29.91412],[-90.1347,29.91809],[-90.13788,29.95148],[-90.125,29.97351],[-90.12091,30.02344],[-90.11497,30.0222],[-90.11287,30.0269],[-90.09211,30.02989],[-90.08247,30.02603],[-90.07767,30.0322],[-90.06334,30.03409],[-90.04335,30.03499],[-90.03777,30.0313],[-90.03407,30.03168],[-90.03157,30.034],[-90.03067,30.0528],[-90.02808,30.0529],[-90.02807,30.0448],[-90.01807,30.0374],[-89.99249,30.04608],[-89.96027,30.064],[-89.93366,30.08491],[-89.91748,30.10168],[-89.89319,30.13507],[-89.88067,30.14771],[-89.87825,30.14669],[-89.87402,30.1507],[-89.87191,30.14991],[-89.87115,30.14508],[-89.87686,30.14042],[-89.867,30.13489],[-89.86631,30.13669],[-89.87231,30.13989],[-89.86794,30.14184],[-89.86829,30.14532],[-89.8657,30.14669],[-89.8703,30.1521],[-89.86407,30.15448],[-89.85286,30.15436],[-89.85574,30.14388],[-89.85905,30.14212],[-89.85963,30.13547],[-89.84665,30.1102],[-89.83852,30.10449],[-89.83975,30.10084],[-89.83789,30.10388],[-89.82961,30.1037],[-89.82038,30.1004],[-89.81822,30.09682],[-89.80036,30.10142],[-89.78916,30.10772],[-89.78948,30.11098],[-89.78601,30.11511],[-89.75044,30.14417],[-89.74469,30.15369],[-89.74728,30.16422],[-89.74582,30.17332],[-89.74316,30.17457],[-89.73752,30.16746]]]}},{"type":"Feature","properties":{"layer":"county","state":"LA","cwa":"LIX","name":"Lafourche","fips":"22057"},"geometry":{"type":"MultiPolygon","coordinates":[[[[-90.16272,29.57336],[-90.16918,29.56954],[-90.17655,29.57241],[-90.18723,29.57233],[-90.19364,29.56841],[-90.19925,29.56916],[-90.21073,29.56287],[-90.22193,29.54038],[-90.22818,29.53621],[-90.22277,29.52903],[-90.21661,29.52572],[-90.22249,29.527],[-90.22558,29.52206],[-90.23002,29.52295],[-90.23012,29.5179],[-90.23337,29.51503],[-90.23241,29.50995],[-90.22164,29.50435],[-90.22081,29.50171],[-90.23751,29.48228],[-90.2379,29.47291],[-90.23401,29.46201],[-90.22517,29.45652],[-90.23281,29.45936],[-90.23693,29.46586],[-90.24088,29.4668],[-90.24457,29.46332],[-90.24895,29.46721],[-90.24899,29.46302],[-90.25221,29.46138],[-90.23478,29.44325],[-90.21629,29.43458],[-90.19732,29.42823],[-90.15732,29.42472],[-90.15458,29.42651],[-90.15895,29.42987],[-90.15981,29.44161],[-90.15389,29.42823],[-90.14925,29.43309],[-90.14582,29.431],[-90.14041,29.43825],[-90.14462,29.44325],[-90.15621,29.44565],[-90.15638,29.45985],[-90.15191,29.46635],[-90.15389,29.47457],[-90.15852,29.47681],[-90.16118,29.47427],[-90.1593,29.48092],[-90.15174,29.47382],[-90.14711,29.45805],[-90.14402,29.45775],[-90.14333,29.45514],[-90.13089,29.45633],[-90.13097,29.45133],[-90.12659,29.4514],[-90.12737,29.44707],[-90.11938,29.44363],[-90.11381,29.44467],[-90.11338,29.44871],[-90.10574,29.44759],[-90.10608,29.44968],[-90.09904,29.44602],[-90.09192,29.44662],[-90.08977,29.4434],[-90.08359,29.44871],[-90.08213,29.44669],[-90.07411,29.44811],[-90.07059,29.44576],[-90.06793,29.44923],[-90.06149,29.44882],[-90.05475,29.45263],[-90.0445,29.44796],[-90.0469,29.42909],[-90.0481,29.43593],[-90.05647,29.44445],[-90.0657,29.44819],[-90.06561,29.44176],[-90.06686,29.44053],[-90.06905,29.44269],[-90.06986,29.43808],[-90.06641,29.43363],[-90.06825,29.43245],[-90.06656,29.42993],[-90.06188,29.42973],[-90.06051,29.4227],[-90.05699,29.41971],[-90.06184,29.40885],[-90.06814,29.40874],[-90.06106,29.4055],[-90.06855,29.40273],[-90.07053,29.39776],[-90.06767,29.39438],[-90.07068,29.39142],[-90.06025,29.38224],[-90.05338,29.38195],[-90.0654,29.37641],[-90.06686,29.37118],[-90.07003,29.36901],[-90.07218,29.37319],[-90.0702,29.37521],[-90.07252,29.37484],[-90.07492,29.3717],[-90.07192,29.37035],[-90.07329,29.36818],[-90.07716,29.3702],[-90.08291,29.37933],[-90.09364,29.37828],[-90.10505,29.38404],[-90.1084,29.38269],[-90.11372,29.38591],[-90.12608,29.38568],[-90.12196,29.38067],[-90.12359,29.38],[-90.11853,29.37746],[-90.11432,29.37095],[-90.09673,29.3613],[-90.10024,29.35726],[-90.09707,29.35296],[-90.09763,29.34499],[-90.10209,29.34611],[-90.10406,29.34241],[-90.1078,29.34563],[-90.11445,29.34484],[-90.1175,29.34103],[-90.11514,29.33575],[-90.11702,29.33586],[-90.12449,29.33908],[-90.12549,29.346],[-90.12901,29.34985],[-90.14532,29.35421],[-90.1618,29.36907],[-90.14904,29.35187],[-90.14954,29.34888],[-90.1435,29.3477],[-90.14899,29.34745],[-90.14552,29.34179],[-90.13705,29.34681],[-90.13069,29.34209],[-90.13247,29.34047],[-90.13719,29.34178],[-90.14091,29.33822],[-90.13895,29.32906],[-90.13368,29.32726],[-90.1272,29.32965],[-90.12595,29.32696],[-90.12685,29.32277],[-90.1311,29.32097],[-90.13071,29.31652],[-90.12642,29.31371],[-90.13458,29.31824],[-90.13578,29.31678],[-90.13526,29.313],[-90.13217,29.30926],[-90.12986,29.31001],[-90.12724,29.30425],[-90.13093,29.30586],[-90.12544,29.2977],[-90.12823,29.29642],[-90.12651,29.28886],[-90.13303,29.28662],[-90.12998,29.29852],[-90.13441,29.30039],[-90.13801,29.30675],[-90.14247,29.30743],[-90.14698,29.31158],[-90.14934,29.30919],[-90.14831,29.30473],[-90.14604,29.29729],[-90.142,29.29605],[-90.13805,29.28879],[-90.14041,29.28752],[-90.13921,29.28235],[-90.13406,29.27928],[-90.13114,29.28422],[-90.12471,29.27898],[-90.11793,29.27936],[-90.11835,29.28085],[-90.10994,29.27367],[-90.11286,29.27172],[-90.10728,29.26094],[-90.11175,29.26259],[-90.11424,29.26004],[-90.11406,29.25278],[-90.1072,29.2536],[-90.10831,29.25068],[-90.10419,29.24746],[-90.09851,29.24812],[-90.10268,29.24491],[-90.10566,29.24559],[-90.10308,29.24167],[-90.10076,29.24265],[-90.10104,29.23969],[-90.10582,29.23802],[-90.10574,29.23008],[-90.11097,29.23787],[-90.11921,29.24139],[-90.12453,29.23918],[-90.12187,29.23443],[-90.12385,29.23349],[-90.11642,29.23177],[-90.10827,29.22285],[-90.10325,29.22188],[-90.09831,29.21207],[-90.11218,29.21476],[-90.11424,29.21821],[-90.12041,29.21825],[-90.12166,29.22061],[-90.1305,29.22297],[-90.13071,29.21806],[-90.13458,29.21626],[-90.13604,29.21098],[-90.13874,29.21113],[-90.1381,29.20892],[-90.14333,29.21042],[-90.15058,29.19712],[-90.16011,29.18989],[-90.1626,29.18152],[-90.15466,29.17597],[-90.16157,29.16934],[-90.15698,29.16752],[-90.1285,29.17728],[-90.1013,29.182],[-90.0827,29.1903],[-90.06079,29.20492],[-90.05876,29.20847],[-90.05612,29.20728],[-90.05777,29.20875],[-90.04999,29.21216],[-90.05166,29.21326],[-90.0491,29.21365],[-90.05004,29.21585],[-90.04795,29.21548],[-90.04931,29.21126],[-90.07461,29.17499],[-90.06792,29.18348],[-90.06838,29.17937],[-90.0486,29.19287],[-90.05458,29.19999],[-90.04611,29.19302],[-90.09328,29.15898],[-90.09887,29.15795],[-90.0961,29.15662],[-90.10873,29.14656],[-90.15956,29.11469],[-90.15998,29.11712],[-90.16102,29.11563],[-90.17101,29.1214],[-90.17177,29.11932],[-90.1797,29.11754],[-90.18429,29.10961],[-90.1822,29.11043],[-90.17596,29.10574],[-90.16637,29.11151],[-90.17377,29.10988],[-90.16087,29.1141],[-90.16457,29.11089],[-90.18051,29.10219],[-90.2251,29.08519],[-90.22272,29.08721],[-90.22286,29.09126],[-90.22171,29.08975],[-90.21947,29.10056],[-90.20757,29.10995],[-90.20797,29.1154],[-90.21868,29.12523],[-90.20998,29.11291],[-90.2099,29.10952],[-90.22297,29.09909],[-90.22687,29.08588],[-90.23198,29.08773],[-90.24278,29.08608],[-90.241,29.09203],[-90.23853,29.08949],[-90.23736,29.09217],[-90.2341,29.08927],[-90.23402,29.0911],[-90.2299,29.09007],[-90.23295,29.09165],[-90.22945,29.09572],[-90.23791,29.0944],[-90.24581,29.10353],[-90.23356,29.11024],[-90.23133,29.12946],[-90.2365,29.13192],[-90.24069,29.13101],[-90.24572,29.1406],[-90.26484,29.14021],[-90.2443,29.14669],[-90.24475,29.15008],[-90.25088,29.15273],[-90.2514,29.15117],[-90.25592,29.15525],[-90.25512,29.15777],[-90.2541,29.15523],[-90.25138,29.15644],[-90.24802,29.16324],[-90.25053,29.16732],[-90.25447,29.16753],[-90.25315,29.1699],[-90.25837,29.17544],[-90.25297,29.18104],[-90.25546,29.18455],[-90.25858,29.184],[-90.25769,29.1878],[-90.26076,29.19089],[-90.25813,29.19985],[-90.2594,29.20347],[-90.25593,29.20285],[-90.25077,29.20931],[-90.25259,29.21462],[-90.25007,29.21655],[-90.25047,29.22035],[-90.24137,29.22231],[-90.23298,29.22792],[-90.24129,29.23714],[-90.25222,29.23338],[-90.25285,29.23912],[-90.25072,29.23914],[-90.24868,29.24499],[-90.25168,29.24614],[-90.25203,29.25396],[-90.25603,29.25478],[-90.25882,29.26107],[-90.26452,29.26262],[-90.2686,29.26114],[-90.27168,29.26544],[-90.2782,29.26829],[-90.28255,29.26639],[-90.28682,29.25899],[-90.28519,29.2492],[-90.29178,29.24602],[-90.29272,29.25227],[-90.3048,29.27067],[-90.30708,29.27219],[-90.31216,29.2703],[-90.31841,29.27785],[-90.31894,29.27499],[-90.32149,29.27561],[-90.32225,29.28098],[-90.31976,29.28299],[-90.32964,29.28965],[-90.32903,29.28565],[-90.3325,29.28269],[-90.3392,29.28976],[-90.32971,29.29639],[-90.33169,29.30687],[-90.33023,29.30821],[-90.33787,29.3191],[-90.34521,29.32442],[-90.34269,29.32503],[-90.34073,29.3224],[-90.33933,29.3267],[-90.35235,29.34224],[-90.35684,29.34009],[-90.35619,29.33375],[-90.35808,29.3336],[-90.35456,29.32529],[-90.35654,29.31816],[-90.35393,29.32151],[-90.35149,29.31952],[-90.35164,29.31315],[-90.3562,29.31477],[-90.35742,29.31041],[-90.36211,29.30956],[-90.36488,29.29916],[-90.36884,29.29824],[-90.37056,29.29879],[-90.36741,29.30403],[-90.3713,29.31089],[-90.37183,29.30642],[-90.37484,29.30471],[-90.37422,29.29665],[-90.37877,29.29107],[-90.37919,29.27509],[-90.37456,29.27284],[-90.37336,29.26491],[-90.37954,29.26101],[-90.37779,29.26589],[-90.38383,29.27277],[-90.38443,29.27719],[-90.38597,29.26902],[-90.38441,29.26527],[-90.38917,29.26938],[-90.39127,29.26899],[-90.39163,29.26502],[-90.39323,29.26784],[-90.39673,29.26566],[-90.38953,29.27743],[-90.3836,29.28155],[-90.38309,29.29561],[-90.37686,29.30472],[-90.38656,29.32524],[-90.38208,29.33442],[-90.38229,29.3434],[-90.37959,29.34905],[-90.38483,29.36688],[-90.39846,29.38094],[-90.41854,29.39006],[-90.42683,29.40023],[-90.44745,29.41714],[-90.45127,29.42477],[-90.45823,29.43125],[-90.46815,29.45354],[-90.48017,29.4608],[-90.4864,29.46183],[-90.49709,29.47513],[-90.50598,29.47735],[-90.52592,29.49875],[-90.53716,29.50532],[-90.53655,29.5143],[-90.55079,29.53127],[-90.55753,29.53547],[-90.56841,29.53519],[-90.5746,29.55901],[-90.60249,29.57311],[-90.6172,29.59001],[-90.6188,29.59731],[-90.6488,29.60261],[-90.6572,29.60691],[-90.67879,29.63701],[-90.7054,29.66371],[-90.728,29.67561],[-90.7447,29.67701],[-90.7642,29.69311],[-90.7869,29.73521],[-90.7868,29.74371],[-90.78429,29.74461],[-90.78809,29.74751],[-90.7969,29.74471],[-90.8046,29.75021],[-90.80569,29.77451],[-90.82069,29.77791],[-90.8268,29.77581],[-90.8288,29.76411],[-90.842,29.76011],[-90.84409,29.75291],[-90.8409,29.74651],[-90.8821,29.74601],[-90.88029,29.71801],[-90.883,29.71671],[-91.0068,29.71471],[-90.96059,29.77391],[-90.9264,29.82681],[-90.91,29.87621],[-90.8857,29.87751],[-90.8856,29.90561],[-90.78519,29.90751],[-90.7857,29.92161],[-90.7767,29.92131],[-90.7475,29.91191],[-90.7291,29.91071],[-90.7279,29.90621],[-90.7234,29.90691],[-90.7195,29.90381],[-90.7176,29.89771],[-90.71149,29.89681],[-90.7095,29.90171],[-90.7009,29.90311],[-90.6971,29.90091],[-90.68999,29.90441],[-90.6879,29.89891],[-90.6843,29.89831],[-90.68069,29.89301],[-90.66859,29.88961],[-90.6569,29.88951],[-90.6289,29.89511],[-90.6121,29.89101],[-90.6097,29.88371],[-90.6018,29.88601],[-90.5935,29.89261],[-90.5382,29.89171],[-90.53239,29.88871],[-90.5152,29.86541],[-90.4992,29.86571],[-90.48869,29.85891],[-90.4804,29.84781],[-90.47459,29.81201],[-90.4581,29.79591],[-90.4303,29.77791],[-90.4091,29.77231],[-90.4032,29.77291],[-90.3914,29.76701],[-90.3743,29.76251],[-90.3707,29.74621],[-90.3611,29.73801],[-90.3625,29.72981],[-90.3597,29.72521],[-90.3601,29.70801],[-90.34874,29.69529],[-90.34658,29.68931],[-90.34847,29.68663],[-90.34744,29.68141],[-90.33782,29.67231],[-90.33079,29.67209],[-90.32186,29.67962],[-90.32083,29.68767],[-90.3168,29.69163],[-90.31748,29.6835],[-90.3113,29.67791],[-90.30504,29.67627],[-90.30366,29.67328],[-90.31336,29.66799],[-90.31774,29.6612],[-90.31448,29.65576],[-90.29474,29.64755],[-90.28169,29.6471],[-90.27379,29.65001],[-90.26976,29.65591],[-90.25972,29.6609],[-90.23551,29.66336],[-90.21843,29.66791],[-90.20899,29.67433],[-90.20376,29.67284],[-90.1902,29.68059],[-90.18432,29.67917],[-90.17646,29.68257],[-90.16977,29.66269],[-90.17865,29.65315],[-90.18105,29.64375],[-90.17376,29.63711],[-90.18071,29.63095],[-90.18672,29.61734],[-90.18406,29.61625],[-90.17929,29.61943],[-90.17865,29.61722],[-90.18324,29.61383],[-90.18277,29.61178],[-90.17981,29.61357],[-90.17942,29.61103],[-90.18148,29.60678],[-90.19234,29.60517],[-90.19706,29.59894],[-90.19311,29.59472],[-90.19075,29.59674],[-90.19174,29.59383],[-90.18552,29.59775],[-90.18977,29.5914],[-90.18646,29.58801],[-90.18183,29.59383],[-90.18135,29.592],[-90.17054,29.59043],[-90.16874,29.59954],[-90.16848,29.59502],[-90.16479,29.59107],[-90.16633,29.58614],[-90.17294,29.58196],[-90.16272,29.57336]]],[[[-90.16272,29.57336],[-90.16272,29.57336],[-90.15795,29.57288],[-90.15795,29.57288],[-90.16272,29.57336]]],[[[-90.35378,29.32496],[-90.35083,29.32205],[-90.35213,29.31995],[-90.3551,29.32181],[-90.35378,29.32496]]],[[[-90.35387,29.31351],[-90.34773,29.30955],[-90.35132,29.30791],[-90.34513,29.3041],[-90.34471,29.30115],[-90.35654,29.31035],[-90.35552,29.31431],[-90.35387,29.31351]]],[[[-90.16251,29.11542],[-90.16329,29.1154],[-90.16311,29.1162],[-90.16425,29.1176],[-90.16436,29.11781],[-90.16425,29.1179],[-90.16389,29.11792],[-90.16269,29.11673],[-90.16245,29.11622],[-90.16251,29.11542]]],[[[-90.16405,29.11458],[-90.16471,29.11413],[-90.16501,29.11416],[-90.16504,29.11439],[-90.1647,29.11474],[-90.16428,29.11485],[-90.16405,29.11474],[-90.16405,29.11458]]],[[[-90.1666,29.11288],[-90.16692,29.11286],[-90.16702,29.1132],[-90.16684,29.11352],[-90.16619,29.11391],[-90.16621,29.11311],[-90.1666,29.11288]]],[[[-90.17693,29.10963],[-90.17732,29.10956],[-90.17738,29.10982],[-90.17719,29.11004],[-90.17677,29.11014],[-90.17673,29.10979],[-90.17693,29.10963]]],[[[-90.23397,29.09146],[-90.23425,29.09137],[-90.23467,29.09146],[-90.23459,29.09183],[-90.23418,29.09188],[-90.23397,29.09174],[-90.23397,29.09146]]]]}},{"type":"Feature","properties":{"layer":"county","state":"LA","cwa":"LIX","name":"Jefferson","fips":"22051"},"geometry":{"type":"MultiPolygon","coordinates":[[[[-90.15698,29.57278],[-90.15621,29.57674],[-90.14548,29.58144],[-90.14325,29.57532],[-90.13458,29.5739],[-90.11552,29.59517],[-90.11106,29.61416],[-90.11578,29.62069],[-90.11132,29.62741],[-90.11033,29.63729],[-90.11844,29.66165],[-90.12299,29.66441],[-90.11278,29.66553],[-90.11269,29.66754],[-90.12428,29.67216],[-90.12848,29.67179],[-90.13183,29.66605],[-90.13612,29.6659],[-90.14539,29.6782],[-90.14453,29.68238],[-90.15483,29.68775],[-90.17011,29.6882],[-90.18333,29.68342],[-90.19397,29.69241],[-90.19449,29.6977],[-90.20024,29.70493],[-90.19642,29.71045],[-90.18753,29.71593],[-90.18427,29.72473],[-90.18032,29.72741],[-90.15936,29.73222],[-90.1523,29.73143],[-90.1476,29.739],[-90.14367,29.73889],[-90.14234,29.74146],[-90.15037,29.74664],[-90.15389,29.7548],[-90.15123,29.7662],[-90.15252,29.78192],[-90.15591,29.79223],[-90.1696,29.80026],[-90.1655,29.81283],[-90.16844,29.81031],[-90.16934,29.81272],[-90.16067,29.8145],[-90.16402,29.81741],[-90.16736,29.8285],[-90.18071,29.83129],[-90.18822,29.84172],[-90.20431,29.85672],[-90.24144,29.86928],[-90.2405,29.87211],[-90.24401,29.88093],[-90.2587,29.89681],[-90.2641,29.89911],[-90.2689,29.90701],[-90.2735,29.92212],[-90.28,29.97191],[-90.28039,30.04865],[-90.27838,30.05011],[-90.26007,30.04889],[-90.24528,30.04151],[-90.23767,30.04132],[-90.20959,30.03009],[-90.18027,30.0225],[-90.14297,30.0197],[-90.12561,30.02049],[-90.12091,30.02344],[-90.125,29.97351],[-90.13788,29.95148],[-90.1347,29.91809],[-90.12872,29.91412],[-90.10828,29.91193],[-90.07391,29.92108],[-90.06201,29.93109],[-90.06152,29.94373],[-90.05933,29.94611],[-90.00812,29.89569],[-90.02889,29.85241],[-90.06829,29.8291],[-90.07159,29.80627],[-90.06034,29.78447],[-90.0751,29.77211],[-90.06561,29.75269],[-90.0671,29.73951],[-90.0638,29.73341],[-90.0406,29.70741],[-90.03049,29.68861],[-90.01649,29.67455],[-90.0026,29.62306],[-89.987,29.62091],[-89.98492,29.61713],[-89.98802,29.61383],[-89.9806,29.60669],[-89.98357,29.60095],[-89.9801,29.59711],[-89.98119,29.58874],[-89.977,29.58771],[-89.98604,29.57503],[-89.9826,29.56812],[-89.9887,29.5617],[-89.98868,29.5489],[-89.98569,29.53725],[-89.97791,29.53034],[-89.989,29.52085],[-89.9922,29.52809],[-90.00313,29.52995],[-90.00599,29.52302],[-90.00886,29.52249],[-90.00675,29.51979],[-90.00951,29.51091],[-90.0126,29.51076],[-90.00923,29.50913],[-90.00747,29.50398],[-90.00394,29.50446],[-90.00723,29.49784],[-90.00197,29.49907],[-89.99796,29.48767],[-89.995,29.48773],[-89.9944,29.48478],[-89.99194,29.48496],[-89.99257,29.48804],[-89.98537,29.48826],[-89.98232,29.4839],[-89.98453,29.48044],[-89.9823,29.47588],[-89.98578,29.47951],[-89.99061,29.47664],[-89.9921,29.48107],[-90.00211,29.48666],[-90.00465,29.4867],[-90.00213,29.48327],[-90.00635,29.48256],[-90.01004,29.48847],[-90.0072,29.49157],[-90.01141,29.49224],[-90.01239,29.49521],[-90.04158,29.49411],[-90.04493,29.5043],[-90.05222,29.50486],[-90.05776,29.50938],[-90.06827,29.50983],[-90.07686,29.52122],[-90.08879,29.52458],[-90.0917,29.53291],[-90.10106,29.53448],[-90.11788,29.54236],[-90.12492,29.5521],[-90.13449,29.55288],[-90.13998,29.5502],[-90.13968,29.5471],[-90.14629,29.53799],[-90.14985,29.53537],[-90.15573,29.53683],[-90.15625,29.54392],[-90.15865,29.54639],[-90.15616,29.5474],[-90.15715,29.55083],[-90.17449,29.56169],[-90.17174,29.56535],[-90.1559,29.56731],[-90.15698,29.57278]]],[[[-90.15698,29.57278],[-90.15795,29.57288],[-90.15795,29.57288],[-90.15698,29.57278]]],[[[-89.98785,29.51657],[-89.98981,29.51499],[-89.98557,29.51054],[-89.98503,29.50177],[-89.99301,29.50761],[-89.99798,29.51531],[-89.99211,29.51246],[-89.98923,29.51747],[-89.98785,29.51657]]],[[[-89.985,29.47283],[-89.98253,29.47088],[-89.98017,29.47336],[-89.97748,29.46646],[-89.97811,29.45947],[-89.97991,29.4588],[-89.98703,29.46545],[-89.98712,29.47307],[-89.98959,29.47424],[-89.98747,29.47702],[-89.985,29.47283]]],[[[-89.9499,29.26271],[-89.9606,29.25023],[-90.01696,29.21943],[-90.04115,29.1989],[-90.04436,29.20049],[-90.02321,29.2194],[-90.02182,29.22444],[-90.01592,29.22972],[-90.0061,29.23281],[-90.0072,29.23815],[-89.99397,29.24084],[-89.97602,29.25327],[-89.96812,29.25358],[-89.96741,29.25648],[-89.96488,29.25452],[-89.96669,29.25704],[-89.95781,29.26398],[-89.95784,29.26698],[-89.9499,29.26271]]]]}},{"type":"Feature","properties":{"layer":"county","state":"LA","cwa":"LIX","name":"Plaquemines","fips":"22075"},"geometry":{"type":"MultiPolygon","coordinates":[[[[-89.97949,29.90253],[-89.95892,29.90228],[-89.93451,29.89313],[-89.9197,29.86991],[-89.90979,29.86609],[-89.88985,29.82709],[-89.87879,29.8155],[-89.87949,29.80891],[-89.87531,29.80609],[-89.86823,29.79449],[-89.86071,29.79291],[-89.82886,29.80164],[-89.8164,29.80133],[-89.80756,29.79716],[-89.78622,29.7733],[-89.79147,29.76777],[-89.79195,29.76279],[-89.78181,29.75663],[-89.76773,29.75533],[-89.75803,29.75853],[-89.73384,29.75872],[-89.71935,29.75744],[-89.70576,29.75313],[-89.69189,29.73803],[-89.68762,29.72075],[-89.68298,29.71515],[-89.65856,29.70795],[-89.64748,29.70061],[-89.62572,29.67893],[-89.59911,29.67468],[-89.58121,29.66619],[-89.57095,29.66523],[-89.56229,29.6594],[-89.57601,29.65678],[-89.58786,29.65952],[-89.58708,29.6609],[-89.60444,29.66138],[-89.61257,29.65819],[-89.61784,29.66038],[-89.61965,29.65835],[-89.62356,29.66368],[-89.62131,29.66503],[-89.62849,29.66467],[-89.62624,29.66806],[-89.62844,29.67161],[-89.63634,29.67272],[-89.63358,29.67537],[-89.63355,29.6794],[-89.63712,29.6821],[-89.64024,29.68248],[-89.65286,29.67377],[-89.65312,29.68094],[-89.6613,29.68436],[-89.66613,29.6834],[-89.6704,29.68578],[-89.67911,29.68342],[-89.68951,29.68612],[-89.68636,29.68321],[-89.68483,29.68367],[-89.68743,29.68514],[-89.67377,29.68301],[-89.66697,29.67677],[-89.65706,29.67361],[-89.66629,29.67488],[-89.67124,29.67254],[-89.6697,29.67536],[-89.67746,29.67882],[-89.68176,29.67918],[-89.68488,29.67652],[-89.68961,29.68298],[-89.68591,29.67623],[-89.68111,29.67616],[-89.67833,29.67222],[-89.67452,29.67167],[-89.68937,29.66416],[-89.69212,29.66049],[-89.70028,29.66083],[-89.70435,29.65575],[-89.70754,29.65657],[-89.7055,29.66049],[-89.71313,29.66386],[-89.72055,29.66099],[-89.7086,29.65618],[-89.71035,29.65492],[-89.72115,29.65923],[-89.72611,29.65886],[-89.71063,29.65332],[-89.7056,29.65495],[-89.70689,29.65277],[-89.70444,29.6509],[-89.70127,29.65188],[-89.70481,29.65486],[-89.69873,29.66017],[-89.68906,29.6601],[-89.68945,29.65678],[-89.69233,29.65612],[-89.688,29.65708],[-89.68287,29.65389],[-89.6729,29.66242],[-89.66705,29.65634],[-89.66157,29.65687],[-89.66338,29.65369],[-89.66905,29.6527],[-89.66252,29.65236],[-89.65808,29.65925],[-89.65919,29.65339],[-89.64757,29.65288],[-89.64988,29.64933],[-89.64681,29.64675],[-89.64296,29.64731],[-89.64214,29.64512],[-89.65995,29.64668],[-89.66501,29.64304],[-89.65681,29.63804],[-89.65408,29.62853],[-89.65586,29.63452],[-89.64803,29.6311],[-89.64986,29.62709],[-89.64367,29.62704],[-89.64601,29.62482],[-89.64355,29.62397],[-89.64323,29.62775],[-89.6459,29.62945],[-89.63072,29.62846],[-89.62744,29.63205],[-89.63262,29.61872],[-89.6267,29.61467],[-89.64156,29.61918],[-89.64732,29.62379],[-89.65734,29.62491],[-89.65804,29.62893],[-89.66166,29.63041],[-89.66381,29.62733],[-89.65995,29.62572],[-89.66321,29.62379],[-89.66313,29.62073],[-89.66761,29.62813],[-89.66664,29.62568],[-89.67532,29.62877],[-89.68801,29.62703],[-89.68874,29.61589],[-89.69322,29.6136],[-89.70285,29.61601],[-89.70112,29.61307],[-89.71514,29.61115],[-89.71213,29.60764],[-89.72041,29.6089],[-89.73005,29.60697],[-89.73149,29.6089],[-89.72908,29.61087],[-89.73283,29.614],[-89.7401,29.61379],[-89.74075,29.61178],[-89.73415,29.61309],[-89.73853,29.60767],[-89.72431,29.60049],[-89.72137,29.60265],[-89.72004,29.59711],[-89.72583,29.59981],[-89.71618,29.59601],[-89.71796,29.5944],[-89.73374,29.59884],[-89.72931,29.59712],[-89.72606,29.58928],[-89.71969,29.58267],[-89.71474,29.57915],[-89.69859,29.57681],[-89.6926,29.57324],[-89.69613,29.57256],[-89.696,29.57022],[-89.70811,29.57697],[-89.70475,29.57283],[-89.70802,29.57255],[-89.69754,29.56367],[-89.70449,29.56367],[-89.70797,29.56926],[-89.70554,29.56348],[-89.70802,29.56229],[-89.69503,29.5592],[-89.69461,29.55419],[-89.69655,29.55496],[-89.69869,29.55146],[-89.6939,29.55311],[-89.69131,29.5467],[-89.68301,29.54928],[-89.67711,29.54092],[-89.68586,29.54338],[-89.69636,29.54099],[-89.70689,29.54292],[-89.6955,29.54035],[-89.68597,29.54292],[-89.68198,29.54012],[-89.68109,29.53449],[-89.67101,29.52961],[-89.67166,29.53263],[-89.65631,29.53272],[-89.6581,29.52837],[-89.6676,29.53091],[-89.66158,29.53146],[-89.66477,29.53288],[-89.66991,29.53192],[-89.66737,29.52979],[-89.66878,29.52725],[-89.67506,29.52825],[-89.67313,29.52441],[-89.67075,29.52384],[-89.66999,29.52645],[-89.66499,29.52223],[-89.66184,29.52455],[-89.66386,29.52807],[-89.65631,29.52463],[-89.65632,29.52196],[-89.66888,29.52096],[-89.66484,29.5181],[-89.66568,29.51535],[-89.68109,29.52395],[-89.67971,29.51935],[-89.6824,29.51874],[-89.66529,29.50896],[-89.65941,29.51038],[-89.66474,29.5131],[-89.65046,29.51573],[-89.65364,29.51142],[-89.64732,29.50384],[-89.64989,29.5031],[-89.64173,29.50068],[-89.64015,29.5035],[-89.63268,29.49773],[-89.6241,29.50006],[-89.62459,29.49624],[-89.62878,29.49603],[-89.63015,29.49269],[-89.6235,29.48688],[-89.62491,29.4847],[-89.6271,29.48687],[-89.6285,29.48378],[-89.62382,29.47974],[-89.62376,29.47541],[-89.60319,29.47841],[-89.60723,29.48324],[-89.61919,29.48534],[-89.61337,29.4868],[-89.61957,29.48701],[-89.6141,29.48957],[-89.61618,29.49131],[-89.61229,29.4918],[-89.61201,29.48687],[-89.60801,29.48902],[-89.60948,29.48695],[-89.60637,29.48635],[-89.6062,29.48876],[-89.60203,29.4881],[-89.60276,29.48995],[-89.59809,29.49226],[-89.58807,29.49307],[-89.58772,29.48986],[-89.59681,29.4919],[-89.59065,29.48952],[-89.59195,29.48824],[-89.59793,29.48956],[-89.59146,29.48683],[-89.59329,29.47995],[-89.58715,29.47887],[-89.58365,29.4744],[-89.5881,29.4746],[-89.57542,29.46317],[-89.57248,29.46519],[-89.57402,29.46908],[-89.57125,29.46998],[-89.5745,29.4718],[-89.57524,29.47513],[-89.57302,29.47555],[-89.56838,29.468],[-89.56597,29.46797],[-89.5661,29.46284],[-89.56447,29.46422],[-89.56285,29.45878],[-89.55211,29.46286],[-89.55356,29.45486],[-89.54814,29.44914],[-89.54044,29.44719],[-89.53402,29.45326],[-89.53001,29.45325],[-89.53608,29.45042],[-89.53753,29.44575],[-89.54358,29.44106],[-89.54334,29.43797],[-89.55258,29.44093],[-89.54754,29.44238],[-89.54805,29.44458],[-89.55188,29.44506],[-89.55276,29.44909],[-89.55826,29.45211],[-89.56078,29.44939],[-89.56019,29.44588],[-89.56455,29.44525],[-89.56472,29.43649],[-89.55666,29.43406],[-89.55782,29.43295],[-89.55324,29.43141],[-89.55188,29.42794],[-89.54512,29.43188],[-89.55025,29.42355],[-89.5457,29.42005],[-89.55107,29.42243],[-89.55353,29.41681],[-89.55399,29.42081],[-89.55989,29.42412],[-89.56034,29.41957],[-89.57063,29.41789],[-89.56772,29.41547],[-89.57417,29.41515],[-89.57259,29.41035],[-89.57664,29.4098],[-89.57355,29.40157],[-89.56989,29.40357],[-89.57042,29.40654],[-89.5653,29.40469],[-89.56678,29.39987],[-89.56572,29.3966],[-89.56207,29.39741],[-89.56288,29.39311],[-89.55963,29.39255],[-89.55912,29.39471],[-89.55788,29.39232],[-89.54644,29.39266],[-89.54008,29.38421],[-89.53822,29.38618],[-89.53207,29.38367],[-89.52651,29.38313],[-89.52453,29.38512],[-89.51195,29.38245],[-89.49514,29.38958],[-89.4923,29.38793],[-89.48955,29.39095],[-89.48715,29.38987],[-89.48821,29.39166],[-89.48387,29.39644],[-89.4785,29.39479],[-89.46836,29.40009],[-89.46368,29.3936],[-89.45456,29.39118],[-89.46009,29.38933],[-89.44701,29.38845],[-89.44847,29.3828],[-89.44685,29.38346],[-89.44564,29.37748],[-89.44113,29.38458],[-89.43764,29.38469],[-89.43598,29.3796],[-89.43217,29.38044],[-89.43357,29.37369],[-89.43165,29.37339],[-89.43346,29.3713],[-89.43193,29.36913],[-89.42231,29.37513],[-89.41722,29.37437],[-89.41696,29.36705],[-89.40846,29.36427],[-89.40981,29.3596],[-89.40083,29.36068],[-89.40239,29.35746],[-89.40096,29.35349],[-89.3983,29.35562],[-89.39211,29.35235],[-89.3941,29.34982],[-89.38691,29.34932],[-89.39309,29.34728],[-89.38958,29.34211],[-89.38584,29.34336],[-89.38551,29.33767],[-89.382,29.33598],[-89.38443,29.33157],[-89.38124,29.32886],[-89.37766,29.33032],[-89.37988,29.33554],[-89.37758,29.33559],[-89.37911,29.34002],[-89.37639,29.34381],[-89.37419,29.33637],[-89.3689,29.33755],[-89.36699,29.33297],[-89.3609,29.32963],[-89.35712,29.33179],[-89.35746,29.32576],[-89.35254,29.32505],[-89.35176,29.32959],[-89.34738,29.3298],[-89.34513,29.3329],[-89.34171,29.34703],[-89.34419,29.34957],[-89.33961,29.34822],[-89.33651,29.35237],[-89.33874,29.35433],[-89.32246,29.35199],[-89.32061,29.35483],[-89.31016,29.35647],[-89.30818,29.35994],[-89.311,29.36138],[-89.31391,29.37142],[-89.31126,29.37427],[-89.31995,29.3785],[-89.32166,29.38835],[-89.31659,29.38577],[-89.31162,29.38769],[-89.30969,29.37487],[-89.29984,29.37884],[-89.29311,29.37501],[-89.29177,29.37265],[-89.29479,29.36988],[-89.29244,29.35954],[-89.28044,29.35618],[-89.27725,29.35313],[-89.27755,29.34575],[-89.27298,29.34727],[-89.27472,29.35196],[-89.2669,29.34938],[-89.27074,29.34801],[-89.27093,29.34349],[-89.26402,29.33888],[-89.26481,29.33569],[-89.25947,29.33838],[-89.25729,29.33407],[-89.27018,29.32929],[-89.26269,29.32278],[-89.25606,29.32262],[-89.2621,29.31711],[-89.26619,29.31779],[-89.26635,29.31462],[-89.26133,29.31302],[-89.26325,29.30882],[-89.27127,29.31132],[-89.27641,29.30578],[-89.26896,29.29771],[-89.27614,29.29659],[-89.27574,29.29891],[-89.28176,29.30175],[-89.28589,29.30053],[-89.2841,29.29723],[-89.28657,29.29359],[-89.29325,29.29109],[-89.30041,29.29167],[-89.30502,29.28777],[-89.30783,29.28049],[-89.30938,29.28266],[-89.31976,29.28071],[-89.31899,29.27344],[-89.32235,29.26916],[-89.31684,29.26526],[-89.32277,29.26562],[-89.31014,29.2535],[-89.30217,29.25268],[-89.30057,29.24897],[-89.29582,29.25318],[-89.29907,29.25598],[-89.29244,29.25498],[-89.29418,29.25254],[-89.29117,29.24704],[-89.28826,29.24948],[-89.28785,29.24614],[-89.28348,29.24855],[-89.28339,29.24431],[-89.28681,29.24351],[-89.28313,29.23761],[-89.27999,29.24162],[-89.277,29.23778],[-89.27502,29.23957],[-89.27153,29.236],[-89.26587,29.23673],[-89.2671,29.22662],[-89.2643,29.22899],[-89.26148,29.2263],[-89.25999,29.22949],[-89.2616,29.23273],[-89.26,29.23991],[-89.26462,29.24168],[-89.26738,29.2477],[-89.26542,29.25309],[-89.25838,29.26182],[-89.25399,29.26189],[-89.2528,29.26802],[-89.25054,29.2677],[-89.25,29.27021],[-89.25351,29.27398],[-89.25701,29.27398],[-89.25675,29.26936],[-89.25892,29.27075],[-89.26077,29.2872],[-89.25816,29.2901],[-89.25626,29.29057],[-89.25702,29.28133],[-89.25513,29.27798],[-89.24734,29.27718],[-89.24862,29.282],[-89.25349,29.28441],[-89.24798,29.29567],[-89.25082,29.30391],[-89.24372,29.31063],[-89.24057,29.31037],[-89.24106,29.29985],[-89.2368,29.30342],[-89.23541,29.30034],[-89.23246,29.3013],[-89.22573,29.30614],[-89.22411,29.31803],[-89.22109,29.32204],[-89.21781,29.32301],[-89.2139,29.31851],[-89.21468,29.32397],[-89.21055,29.32902],[-89.20652,29.31953],[-89.20337,29.32248],[-89.20257,29.32631],[-89.20532,29.32868],[-89.20393,29.33569],[-89.19854,29.33949],[-89.18398,29.33606],[-89.18404,29.3303],[-89.17508,29.32405],[-89.17697,29.31871],[-89.17239,29.31539],[-89.17432,29.31281],[-89.16931,29.30964],[-89.17267,29.30575],[-89.16824,29.30202],[-89.17225,29.29918],[-89.1704,29.29558],[-89.1639,29.29217],[-89.16264,29.28586],[-89.15028,29.28539],[-89.1491,29.28128],[-89.14194,29.28236],[-89.14395,29.27214],[-89.1689,29.25702],[-89.17321,29.25109],[-89.16322,29.25012],[-89.16082,29.25217],[-89.16102,29.24761],[-89.14099,29.24743],[-89.14276,29.24515],[-89.15689,29.24177],[-89.15608,29.23288],[-89.15911,29.23113],[-89.1565,29.22983],[-89.1751,29.22903],[-89.17486,29.23489],[-89.17953,29.23531],[-89.18267,29.23436],[-89.18321,29.2298],[-89.18892,29.22757],[-89.18784,29.22552],[-89.18291,29.22762],[-89.18638,29.22407],[-89.18399,29.22194],[-89.18283,29.22454],[-89.17925,29.22384],[-89.17601,29.22626],[-89.17776,29.21926],[-89.18357,29.21973],[-89.18339,29.21681],[-89.17883,29.21474],[-89.17595,29.21774],[-89.17159,29.21414],[-89.16888,29.21739],[-89.16271,29.21787],[-89.16243,29.22035],[-89.15379,29.22139],[-89.17006,29.21313],[-89.16903,29.21093],[-89.15799,29.21172],[-89.15969,29.20793],[-89.16752,29.20262],[-89.16887,29.20742],[-89.17431,29.20756],[-89.17905,29.21279],[-89.18604,29.21575],[-89.18906,29.21345],[-89.18989,29.21011],[-89.18582,29.20858],[-89.18519,29.20512],[-89.19029,29.20856],[-89.1918,29.20558],[-89.19427,29.20577],[-89.19262,29.20294],[-89.1942,29.1953],[-89.18284,29.19712],[-89.18945,29.19388],[-89.19316,29.18479],[-89.18407,29.1848],[-89.17297,29.18964],[-89.1689,29.18849],[-89.17659,29.1867],[-89.17899,29.18329],[-89.17014,29.17889],[-89.16822,29.17493],[-89.16276,29.1737],[-89.15587,29.1845],[-89.1488,29.18464],[-89.1446,29.19123],[-89.13306,29.18917],[-89.13257,29.18482],[-89.11688,29.18417],[-89.11625,29.1898],[-89.11149,29.19223],[-89.10913,29.18364],[-89.10098,29.18367],[-89.10115,29.17847],[-89.10879,29.17515],[-89.10829,29.16607],[-89.12369,29.15856],[-89.12382,29.15565],[-89.11976,29.15459],[-89.12253,29.15329],[-89.12125,29.14948],[-89.12365,29.15322],[-89.12809,29.15485],[-89.13036,29.15325],[-89.1279,29.14615],[-89.11517,29.14353],[-89.11156,29.14031],[-89.11564,29.1386],[-89.10934,29.13764],[-89.10624,29.13385],[-89.10117,29.13447],[-89.09885,29.13732],[-89.09237,29.13222],[-89.09368,29.13039],[-89.08781,29.12793],[-89.08022,29.1279],[-89.07272,29.1228],[-89.07073,29.12441],[-89.06715,29.1206],[-89.06003,29.1224],[-89.06715,29.11808],[-89.06723,29.11584],[-89.06433,29.11551],[-89.067,29.11439],[-89.06673,29.11177],[-89.06027,29.11609],[-89.05863,29.11391],[-89.05516,29.11942],[-89.05813,29.11129],[-89.07089,29.10232],[-89.06943,29.10475],[-89.07279,29.11016],[-89.07505,29.10981],[-89.07754,29.11486],[-89.08561,29.11256],[-89.09123,29.12267],[-89.09993,29.11832],[-89.10559,29.12097],[-89.10798,29.11552],[-89.12049,29.12092],[-89.13186,29.12942],[-89.13918,29.13185],[-89.14545,29.13035],[-89.14599,29.12736],[-89.1391,29.11511],[-89.14872,29.11472],[-89.14635,29.11014],[-89.1519,29.10888],[-89.15737,29.1135],[-89.16137,29.11122],[-89.1649,29.1182],[-89.16707,29.11387],[-89.17292,29.11233],[-89.16758,29.11076],[-89.16694,29.10667],[-89.16023,29.10144],[-89.15301,29.10126],[-89.15115,29.10338],[-89.14356,29.09793],[-89.15371,29.09943],[-89.15581,29.09786],[-89.15519,29.09421],[-89.15752,29.09558],[-89.15985,29.09328],[-89.15988,29.0905],[-89.15354,29.08834],[-89.15701,29.082],[-89.15473,29.07981],[-89.16659,29.08223],[-89.1711,29.08776],[-89.17643,29.08345],[-89.17349,29.07369],[-89.16135,29.06446],[-89.16161,29.05828],[-89.16605,29.05717],[-89.1674,29.05825],[-89.16452,29.06459],[-89.17158,29.0668],[-89.1711,29.06221],[-89.17621,29.06428],[-89.18624,29.08549],[-89.19026,29.08849],[-89.19462,29.08655],[-89.19156,29.08137],[-89.19692,29.07885],[-89.19072,29.07757],[-89.19728,29.0718],[-89.18342,29.0619],[-89.18373,29.05468],[-89.17627,29.04951],[-89.18651,29.05488],[-89.1901,29.06315],[-89.19636,29.06815],[-89.20482,29.06969],[-89.20422,29.06328],[-89.19687,29.05467],[-89.19749,29.05235],[-89.19187,29.04844],[-89.18909,29.04163],[-89.17999,29.03658],[-89.16832,29.03414],[-89.16832,29.0312],[-89.15892,29.0325],[-89.15784,29.03096],[-89.164,29.02881],[-89.1573,29.0148],[-89.15192,29.01272],[-89.1532,29.00287],[-89.14886,28.99814],[-89.16008,28.99507],[-89.19037,29.01359],[-89.22082,29.02557],[-89.22053,29.03073],[-89.2123,29.02911],[-89.20825,29.03361],[-89.208,29.03794],[-89.21731,29.04217],[-89.22318,29.0507],[-89.22239,29.05566],[-89.21493,29.05904],[-89.21537,29.06391],[-89.22786,29.0641],[-89.24615,29.08626],[-89.25111,29.09682],[-89.25498,29.09517],[-89.25391,29.08439],[-89.2566,29.07907],[-89.26533,29.07878],[-89.26375,29.07237],[-89.2579,29.0706],[-89.26001,29.06142],[-89.27589,29.05624],[-89.28901,29.05565],[-89.29313,29.05251],[-89.29526,29.04656],[-89.28423,29.04909],[-89.2934,29.04394],[-89.29767,29.03309],[-89.30893,29.02517],[-89.32074,29.01378],[-89.32203,29.00983],[-89.35224,28.98313],[-89.36519,28.96394],[-89.38071,28.95491],[-89.40581,28.93091],[-89.41977,28.92898],[-89.40143,28.95876],[-89.39165,28.98306],[-89.37972,28.99257],[-89.37272,28.99491],[-89.37,29.00252],[-89.36216,29.00871],[-89.35778,29.0177],[-89.36325,29.02889],[-89.35189,29.03248],[-89.34757,29.03789],[-89.35199,29.04187],[-89.33407,29.04931],[-89.33527,29.05281],[-89.33054,29.05184],[-89.32702,29.04807],[-89.32355,29.04866],[-89.32267,29.05199],[-89.3249,29.05491],[-89.31957,29.056],[-89.31627,29.06344],[-89.30957,29.06748],[-89.30888,29.07199],[-89.31418,29.07385],[-89.31266,29.08277],[-89.31129,29.08593],[-89.30579,29.08689],[-89.305,29.09186],[-89.30174,29.09098],[-89.29866,29.09465],[-89.30064,29.09716],[-89.29767,29.09898],[-89.29917,29.10605],[-89.3028,29.10715],[-89.30308,29.11279],[-89.30094,29.11876],[-89.29393,29.1167],[-89.29206,29.12047],[-89.29601,29.12976],[-89.27994,29.12656],[-89.27723,29.12981],[-89.27879,29.135],[-89.27507,29.13691],[-89.28133,29.14508],[-89.28888,29.14576],[-89.29302,29.15381],[-89.30932,29.15143],[-89.3056,29.15484],[-89.29598,29.15629],[-89.29382,29.16186],[-89.28907,29.16058],[-89.28801,29.17401],[-89.28983,29.1785],[-89.30457,29.17736],[-89.31063,29.17937],[-89.31579,29.18702],[-89.31789,29.19729],[-89.32856,29.18868],[-89.33676,29.17082],[-89.34064,29.15431],[-89.33579,29.15302],[-89.33583,29.14961],[-89.35246,29.13479],[-89.35552,29.15857],[-89.35062,29.19533],[-89.35766,29.18868],[-89.36757,29.16973],[-89.38596,29.15419],[-89.39779,29.15558],[-89.39806,29.16067],[-89.3681,29.1855],[-89.36749,29.20489],[-89.35787,29.20642],[-89.35574,29.21466],[-89.36032,29.21879],[-89.35497,29.22367],[-89.36398,29.23054],[-89.36841,29.22321],[-89.36826,29.21619],[-89.37238,29.2168],[-89.37529,29.22251],[-89.3834,29.22493],[-89.38664,29.21904],[-89.38308,29.21475],[-89.39872,29.19373],[-89.41271,29.17942],[-89.41391,29.18642],[-89.42154,29.18672],[-89.42582,29.19222],[-89.4246,29.19985],[-89.43147,29.2023],[-89.44121,29.19084],[-89.45588,29.19113],[-89.47231,29.20755],[-89.47378,29.21925],[-89.48249,29.22372],[-89.48757,29.23359],[-89.4834,29.24161],[-89.47697,29.24409],[-89.47387,29.24111],[-89.47491,29.2377],[-89.4705,29.23379],[-89.47284,29.23156],[-89.47156,29.23048],[-89.46979,29.2341],[-89.46548,29.2348],[-89.46594,29.23739],[-89.46075,29.24451],[-89.46824,29.25176],[-89.47203,29.24985],[-89.47184,29.24606],[-89.48116,29.24596],[-89.48204,29.25053],[-89.47849,29.25925],[-89.46746,29.26262],[-89.46458,29.26038],[-89.45939,29.26229],[-89.4563,29.26127],[-89.45596,29.25746],[-89.43909,29.25573],[-89.42248,29.25835],[-89.42308,29.26109],[-89.40695,29.26423],[-89.39103,29.26318],[-89.38948,29.26528],[-89.37515,29.26771],[-89.37412,29.27093],[-89.36442,29.27812],[-89.36875,29.28404],[-89.38124,29.27659],[-89.38558,29.28048],[-89.39043,29.29878],[-89.39862,29.31285],[-89.39364,29.31742],[-89.39987,29.32468],[-89.40454,29.32528],[-89.41038,29.32138],[-89.41489,29.32932],[-89.41819,29.33036],[-89.42089,29.3246],[-89.42939,29.33227],[-89.44381,29.33897],[-89.44973,29.33261],[-89.47128,29.32217],[-89.48548,29.3191],[-89.50518,29.33036],[-89.52093,29.33152],[-89.52672,29.3408],[-89.52376,29.34402],[-89.52866,29.34806],[-89.53269,29.34492],[-89.54329,29.35161],[-89.55239,29.35371],[-89.55496,29.35779],[-89.58243,29.36519],[-89.59384,29.35532],[-89.60037,29.37364],[-89.60329,29.37447],[-89.60867,29.38769],[-89.62155,29.39363],[-89.62406,29.39967],[-89.62869,29.40154],[-89.62861,29.39907],[-89.6317,29.39758],[-89.63676,29.39847],[-89.64723,29.40999],[-89.65135,29.40984],[-89.65298,29.3978],[-89.64646,29.39025],[-89.66834,29.38995],[-89.67118,29.39556],[-89.67839,29.39294],[-89.69203,29.39399],[-89.7207,29.38972],[-89.72697,29.39234],[-89.72594,29.39458],[-89.72332,29.3938],[-89.72319,29.39863],[-89.73233,29.40404],[-89.73494,29.4115],[-89.73851,29.41309],[-89.73645,29.41806],[-89.73782,29.42165],[-89.74203,29.42311],[-89.74598,29.41403],[-89.75482,29.40621],[-89.75383,29.40068],[-89.75673,29.40209],[-89.75934,29.39705],[-89.76856,29.39722],[-89.77021,29.39821],[-89.76892,29.4024],[-89.77374,29.40479],[-89.77582,29.40335],[-89.77437,29.4156],[-89.7743,29.40533],[-89.76374,29.40097],[-89.75594,29.40341],[-89.75268,29.40724],[-89.75534,29.40855],[-89.75482,29.41518],[-89.74335,29.42243],[-89.71159,29.45017],[-89.70833,29.45069],[-89.70724,29.45537],[-89.70395,29.45188],[-89.69857,29.45333],[-89.69715,29.44339],[-89.69083,29.43864],[-89.69171,29.43406],[-89.6865,29.43455],[-89.68649,29.43057],[-89.69149,29.42519],[-89.68881,29.42056],[-89.68733,29.41911],[-89.68399,29.42811],[-89.68039,29.42693],[-89.68537,29.41829],[-89.68336,29.41518],[-89.67937,29.41443],[-89.67952,29.40955],[-89.67703,29.41192],[-89.67556,29.41061],[-89.67585,29.41248],[-89.67443,29.41],[-89.67163,29.41301],[-89.67033,29.41027],[-89.66868,29.41156],[-89.65974,29.407],[-89.66182,29.41037],[-89.66093,29.41731],[-89.66797,29.41733],[-89.66219,29.42126],[-89.65937,29.43061],[-89.66319,29.4281],[-89.66362,29.42977],[-89.65905,29.43444],[-89.65742,29.43272],[-89.65824,29.43677],[-89.66474,29.44055],[-89.67061,29.43624],[-89.67162,29.44174],[-89.6754,29.43743],[-89.68258,29.43946],[-89.68711,29.45266],[-89.69277,29.46036],[-89.68753,29.46154],[-89.6914,29.46432],[-89.69022,29.46626],[-89.70046,29.46624],[-89.70272,29.47206],[-89.7132,29.47151],[-89.71234,29.46678],[-89.70653,29.46499],[-89.70465,29.46188],[-89.71748,29.45167],[-89.71952,29.44637],[-89.73049,29.43675],[-89.75558,29.41835],[-89.77006,29.41637],[-89.76836,29.41437],[-89.77024,29.41013],[-89.77503,29.4184],[-89.78379,29.4172],[-89.79168,29.4113],[-89.81071,29.4071],[-89.81477,29.40884],[-89.81097,29.41124],[-89.81329,29.41636],[-89.81178,29.41806],[-89.81473,29.42103],[-89.81035,29.42808],[-89.81185,29.4335],[-89.82443,29.42487],[-89.83301,29.42468],[-89.83537,29.42244],[-89.83962,29.42386],[-89.83509,29.42872],[-89.83205,29.42586],[-89.82967,29.42919],[-89.82799,29.42705],[-89.8243,29.42778],[-89.83492,29.43096],[-89.82732,29.4333],[-89.82607,29.43652],[-89.82852,29.43941],[-89.83112,29.43943],[-89.83163,29.43584],[-89.83426,29.43494],[-89.83947,29.43636],[-89.83232,29.44142],[-89.83486,29.44359],[-89.83391,29.45144],[-89.82944,29.45239],[-89.8232,29.4443],[-89.8158,29.44776],[-89.81386,29.45412],[-89.80316,29.45641],[-89.79033,29.45484],[-89.78392,29.45086],[-89.7745,29.45531],[-89.76973,29.45376],[-89.76849,29.4515],[-89.77123,29.45019],[-89.76928,29.44823],[-89.76319,29.4488],[-89.75851,29.45372],[-89.75632,29.46605],[-89.75763,29.47378],[-89.76387,29.48124],[-89.77074,29.48213],[-89.77731,29.47987],[-89.78471,29.45757],[-89.78771,29.45654],[-89.8034,29.45824],[-89.80872,29.45628],[-89.83541,29.47485],[-89.84902,29.47655],[-89.86041,29.47356],[-89.86387,29.47535],[-89.86107,29.47891],[-89.86573,29.4817],[-89.87055,29.47988],[-89.87096,29.47338],[-89.87565,29.47276],[-89.8783,29.46864],[-89.88042,29.47],[-89.88029,29.46674],[-89.88442,29.46787],[-89.88777,29.46492],[-89.89148,29.46807],[-89.88766,29.46771],[-89.88732,29.46942],[-89.89376,29.46994],[-89.8958,29.47494],[-89.88855,29.47371],[-89.88891,29.47586],[-89.88146,29.48353],[-89.88181,29.48802],[-89.88919,29.49205],[-89.89966,29.4922],[-89.90749,29.48251],[-89.90757,29.49258],[-89.91147,29.49776],[-89.90757,29.49675],[-89.91228,29.49977],[-89.90975,29.49297],[-89.9113,29.48427],[-89.9165,29.48641],[-89.92084,29.49381],[-89.9168,29.50774],[-89.92429,29.51136],[-89.93399,29.50778],[-89.93232,29.50216],[-89.92388,29.49756],[-89.9263,29.49095],[-89.92909,29.48963],[-89.93045,29.49423],[-89.9288,29.4981],[-89.9342,29.499],[-89.93666,29.49426],[-89.93281,29.49444],[-89.92993,29.4881],[-89.92736,29.48933],[-89.93189,29.48607],[-89.93021,29.48325],[-89.93213,29.48126],[-89.93844,29.48139],[-89.93912,29.47885],[-89.93637,29.47781],[-89.93578,29.4808],[-89.93213,29.48054],[-89.93107,29.47832],[-89.93371,29.47459],[-89.9256,29.46947],[-89.93163,29.4684],[-89.93395,29.46568],[-89.93859,29.47042],[-89.93372,29.46792],[-89.93118,29.47202],[-89.93511,29.46989],[-89.93966,29.47456],[-89.94415,29.47348],[-89.94322,29.46941],[-89.9372,29.46808],[-89.93951,29.46297],[-89.9358,29.46113],[-89.93946,29.45818],[-89.94502,29.45981],[-89.95759,29.45798],[-89.96558,29.46412],[-89.97743,29.46012],[-89.97722,29.46343],[-89.97397,29.46229],[-89.96874,29.46535],[-89.97117,29.47098],[-89.96408,29.46751],[-89.96387,29.46988],[-89.95935,29.47075],[-89.96066,29.47253],[-89.95477,29.47355],[-89.95694,29.47447],[-89.95522,29.47902],[-89.96233,29.47128],[-89.96503,29.47182],[-89.96118,29.48411],[-89.96118,29.48024],[-89.9561,29.48276],[-89.95871,29.48596],[-89.96196,29.48544],[-89.96714,29.49225],[-89.9644,29.49471],[-89.97014,29.49554],[-89.96806,29.49606],[-89.96822,29.4998],[-89.96941,29.50406],[-89.97169,29.50438],[-89.969,29.50441],[-89.96545,29.50944],[-89.96941,29.51697],[-89.96779,29.51639],[-89.96661,29.52089],[-89.96278,29.51498],[-89.9621,29.5177],[-89.95859,29.51521],[-89.95705,29.51741],[-89.96076,29.51908],[-89.94652,29.52503],[-89.94961,29.52513],[-89.95095,29.52952],[-89.94856,29.53106],[-89.95166,29.53124],[-89.95238,29.5352],[-89.95967,29.53287],[-89.97012,29.53495],[-89.97309,29.53318],[-89.98007,29.53852],[-89.98569,29.53725],[-89.98868,29.5489],[-89.9887,29.5617],[-89.9826,29.56812],[-89.98604,29.57503],[-89.977,29.58771],[-89.98119,29.58874],[-89.9801,29.59711],[-89.98357,29.60095],[-89.9806,29.60669],[-89.98802,29.61383],[-89.98492,29.61713],[-89.987,29.62091],[-90.0026,29.62306],[-90.01649,29.67455],[-90.03049,29.68861],[-90.0406,29.70741],[-90.0638,29.73341],[-90.0671,29.73951],[-90.06561,29.75269],[-90.0751,29.77211],[-90.06034,29.78447],[-90.07159,29.80627],[-90.06829,29.8291],[-90.02889,29.85241],[-90.00812,29.89569],[-90.00249,29.89291],[-90.0015,29.89731],[-89.98909,29.88954],[-89.9863,29.90451],[-89.97949,29.90253]]],[[[-89.666,29.6702],[-89.66687,29.66562],[-89.6697,29.66974],[-89.67295,29.66908],[-89.66833,29.66654],[-89.67109,29.66553],[-89.67578,29.66851],[-89.66595,29.67369],[-89.666,29.6702]]],[[[-89.68069,29.66203],[-89.67794,29.66196],[-89.67728,29.65877],[-89.6825,29.65877],[-89.6826,29.66136],[-89.68454,29.65742],[-89.68423,29.65951],[-89.68783,29.65766],[-89.68641,29.66414],[-89.68069,29.66203]]],[[[-89.58282,29.65794],[-89.57695,29.65637],[-89.58335,29.65462],[-89.58728,29.65863],[-89.58282,29.65794]]],[[[-89.64545,29.65581],[-89.64466,29.65401],[-89.6586,29.654],[-89.6549,29.65709],[-89.65288,29.65579],[-89.65212,29.65846],[-89.64545,29.65581]]],[[[-89.70803,29.65821],[-89.70809,29.65676],[-89.70922,29.65676],[-89.70979,29.65687],[-89.70982,29.6569],[-89.70982,29.6569],[-89.71009,29.65717],[-89.70982,29.65784],[-89.70935,29.65806],[-89.70859,29.65788],[-89.7082,29.65827],[-89.70806,29.65823],[-89.70806,29.65821],[-89.70803,29.65821]]],[[[-89.64289,29.65278],[-89.64128,29.65155],[-89.6429,29.64931],[-89.64434,29.65196],[-89.64306,29.64832],[-89.64753,29.65076],[-89.64632,29.65351],[-89.64289,29.65278]]],[[[-89.64368,29.61992],[-89.64376,29.61974],[-89.64407,29.61985],[-89.64538,29.62088],[-89.64643,29.62189],[-89.64643,29.62189],[-89.64646,29.62192],[-89.64639,29.6222],[-89.64563,29.62188],[-89.6456,29.62184],[-89.64559,29.62184],[-89.64368,29.61992]]],[[[-89.73266,29.61235],[-89.73263,29.61231],[-89.73262,29.61231],[-89.73228,29.6118],[-89.73249,29.61128],[-89.7327,29.61117],[-89.73274,29.61121],[-89.73274,29.6112],[-89.73287,29.61136],[-89.733,29.6121],[-89.7329,29.61232],[-89.73266,29.61235]]],[[[-89.86283,29.47851],[-89.86301,29.47833],[-89.86335,29.47833],[-89.8634,29.47839],[-89.86342,29.47839],[-89.86389,29.47897],[-89.86386,29.47965],[-89.8636,29.47991],[-89.86345,29.47995],[-89.86295,29.47956],[-89.86294,29.47955],[-89.86288,29.4795],[-89.86283,29.47851]]],[[[-89.86686,29.47894],[-89.86822,29.47835],[-89.86955,29.47885],[-89.87012,29.47927],[-89.87012,29.47928],[-89.87019,29.47932],[-89.87016,29.47962],[-89.86993,29.47983],[-89.86954,29.47978],[-89.86836,29.4793],[-89.86689,29.47919],[-89.8669,29.47913],[-89.86683,29.47913],[-89.86686,29.47894]]],[[[-89.87041,29.47771],[-89.86714,29.47762],[-89.86678,29.47401],[-89.86199,29.47251],[-89.86378,29.47111],[-89.86458,29.45567],[-89.86998,29.45208],[-89.86692,29.4596],[-89.86835,29.46202],[-89.8746,29.46179],[-89.87425,29.45469],[-89.88019,29.45802],[-89.88141,29.46411],[-89.87806,29.46424],[-89.87413,29.4726],[-89.87075,29.47182],[-89.87041,29.47771]]],[[[-89.88988,29.47464],[-89.88993,29.47463],[-89.88986,29.47473],[-89.88988,29.47464]]],[[[-89.88983,29.4746],[-89.88989,29.47459],[-89.88981,29.47468],[-89.88983,29.4746]]],[[[-89.93021,29.46186],[-89.92029,29.46203],[-89.91946,29.45996],[-89.93515,29.46117],[-89.93844,29.46503],[-89.93666,29.46626],[-89.93021,29.46186]]],[[[-89.81306,29.41739],[-89.81329,29.41724],[-89.81329,29.41736],[-89.81336,29.41731],[-89.81336,29.4177],[-89.81314,29.41765],[-89.81314,29.4176],[-89.81306,29.41758],[-89.81306,29.41739]]],[[[-89.77659,29.41412],[-89.77644,29.40356],[-89.7779,29.40578],[-89.7782,29.40409],[-89.78082,29.40528],[-89.77902,29.41177],[-89.78057,29.41119],[-89.77659,29.41412]]],[[[-89.81154,29.40695],[-89.81348,29.40659],[-89.81451,29.40711],[-89.81554,29.40774],[-89.81554,29.40777],[-89.81562,29.40782],[-89.81534,29.40855],[-89.81534,29.40855],[-89.81162,29.40702],[-89.81169,29.40701],[-89.81154,29.40695]]]]}},{"type":"Feature","properties":{"layer":"county","state":"LA","cwa":"LIX","name":"Assumption","fips":"22007"},"geometry":{"type":"Polygon","coordinates":[[[-91.06139,30.07351],[-91.0561,30.07031],[-91.0069,30.07881],[-90.9853,30.06551],[-90.96349,30.06621],[-90.9631,30.03561],[-90.9595,30.03421],[-90.95979,29.97801],[-90.92599,29.97831],[-90.9258,29.93501],[-90.8865,29.93561],[-90.8857,29.87751],[-90.91,29.87621],[-90.9248,29.83011],[-90.94749,29.79231],[-90.9827,29.74341],[-91.0832,29.62711],[-91.0852,29.63251],[-91.0907,29.63741],[-91.1017,29.64061],[-91.1066,29.64471],[-91.101,29.65671],[-91.1,29.68621],[-91.0957,29.69491],[-91.1001,29.69981],[-91.1057,29.73471],[-91.0957,29.73711],[-91.0897,29.75561],[-91.0999,29.77331],[-91.0964,29.77861],[-91.09949,29.78441],[-91.0989,29.79001],[-91.09299,29.80071],[-91.09949,29.81461],[-91.1058,29.81671],[-91.1116,29.82661],[-91.1198,29.82761],[-91.13219,29.83711],[-91.1502,29.83681],[-91.1581,29.84091],[-91.18369,29.84651],[-91.19859,29.85971],[-91.2065,29.88351],[-91.20789,29.89951],[-91.2141,29.90761],[-91.224,29.91161],[-91.2316,29.91791],[-91.2297,29.93281],[-91.24249,29.94371],[-91.2476,29.95181],[-91.2454,29.95551],[-91.2505,29.95671],[-91.2599,29.98741],[-91.2587,30.00061],[-91.2361,30.00101],[-91.2239,30.02561],[-91.1055,30.06281],[-91.0891,30.06251],[-91.08929,30.07581],[-91.0793,30.07691],[-91.0747,30.08141],[-91.06139,30.07351]]]}},{"type":"Feature","properties":{"layer":"county","state":"LA","cwa":"LCH","name":"St. Martin","fips":"22099"},"geometry":{"type":"MultiPolygon","coordinates":[[[[-91.2513,29.95931],[-91.2505,29.95671],[-91.2454,29.95551],[-91.2476,29.95181],[-91.24249,29.94371],[-91.2297,29.93281],[-91.2316,29.91791],[-91.224,29.91161],[-91.2141,29.90761],[-91.20789,29.89951],[-91.2065,29.88351],[-91.1998,29.86111],[-91.1878,29.84921],[-91.1502,29.83681],[-91.13219,29.83711],[-91.1198,29.82761],[-91.1116,29.82661],[-91.1058,29.81671],[-91.09949,29.81461],[-91.09299,29.80071],[-91.0989,29.79001],[-91.09949,29.78441],[-91.0964,29.77861],[-91.0999,29.77331],[-91.0897,29.75561],[-91.0957,29.73711],[-91.1057,29.73471],[-91.1001,29.69981],[-91.1123,29.70291],[-91.13409,29.72411],[-91.1597,29.72381],[-91.1791,29.72811],[-91.1953,29.74041],[-91.21529,29.75121],[-91.2248,29.74971],[-91.2437,29.75221],[-91.2986,29.76501],[-91.3518,29.76631],[-91.3863,29.78431],[-91.3736,29.83441],[-91.4014,29.87441],[-91.41319,29.90461],[-91.472,29.94891],[-91.47169,29.95601],[-91.2549,29.97191],[-91.2513,29.95931]]],[[[-91.7011,30.49731],[-91.70119,30.49231],[-91.6922,30.48091],[-91.6853,30.47601],[-91.6746,30.47431],[-91.6477,30.44911],[-91.6457,30.44411],[-91.63979,30.44201],[-91.6372,30.43491],[-91.6391,30.43021],[-91.6347,30.41971],[-91.6284,30.41341],[-91.63,30.40711],[-91.6251,30.39241],[-91.6282,30.37901],[-91.6437,30.37211],[-91.6477,30.36541],[-91.6255,30.35281],[-91.62469,30.34181],[-91.6273,30.33111],[-91.62109,30.30991],[-91.604,30.28941],[-91.59039,30.27741],[-91.5879,30.27231],[-91.59109,30.26371],[-91.588,30.25711],[-91.5757,30.24781],[-91.5634,30.24221],[-91.5422,30.23981],[-91.5094,30.24051],[-91.4917,30.23661],[-91.4753,30.22931],[-91.4883,30.20981],[-91.48969,30.20061],[-91.472,30.18621],[-91.46809,30.15951],[-91.46819,30.15031],[-91.4722,30.14221],[-91.46149,30.13121],[-91.46429,30.12381],[-91.47169,30.11511],[-91.47079,30.11021],[-91.4612,30.10251],[-91.3894,30.10231],[-91.3894,30.09951],[-91.3781,30.09411],[-91.37569,30.08561],[-91.3713,30.08031],[-91.3689,30.07011],[-91.37189,30.06221],[-91.3688,30.05871],[-91.4883,30.05791],[-91.4937,30.05011],[-91.49599,30.04111],[-91.5033,30.04051],[-91.5075,30.03421],[-91.5106,30.03331],[-91.6,30.03371],[-91.6074,30.04591],[-91.6058,30.05561],[-91.612,30.06741],[-91.62939,30.07151],[-91.63409,30.07521],[-91.6424,30.08341],[-91.6599,30.10891],[-91.67149,30.11221],[-91.6774,30.10551],[-91.6821,30.10661],[-91.686,30.11211],[-91.694,30.11491],[-91.7015,30.12121],[-91.71159,30.11721],[-91.7289,30.12241],[-91.7467,30.11751],[-91.7576,30.11021],[-91.765,30.10871],[-91.7688,30.09631],[-91.76389,30.09671],[-91.76109,30.09171],[-91.7773,30.08681],[-91.80109,30.07021],[-91.7991,30.06651],[-91.8192,30.04401],[-91.8763,30.06761],[-91.897,30.05821],[-91.9072,30.07251],[-91.951,30.07321],[-91.9343,30.11911],[-91.9062,30.15411],[-91.91209,30.16301],[-91.9089,30.16401],[-91.9079,30.16731],[-91.92139,30.18751],[-91.934,30.18301],[-91.9543,30.18591],[-91.9544,30.18211],[-91.9629,30.17671],[-91.97289,30.17721],[-91.9799,30.18331],[-91.9805,30.19771],[-91.9778,30.20991],[-91.96519,30.21311],[-91.9591,30.21201],[-91.9526,30.22441],[-91.9436,30.22601],[-91.94279,30.23651],[-91.9521,30.23891],[-91.95889,30.23721],[-91.96899,30.24851],[-91.96809,30.25911],[-91.9763,30.26071],[-91.9493,30.27801],[-91.9553,30.30861],[-91.96159,30.31311],[-91.96609,30.32421],[-91.9646,30.32891],[-91.9555,30.33391],[-91.9537,30.33901],[-91.9576,30.34531],[-91.9511,30.34971],[-91.9538,30.35951],[-91.9787,30.36461],[-91.98869,30.36921],[-91.9817,30.38311],[-91.98209,30.39401],[-91.9781,30.40741],[-91.9667,30.41011],[-91.9376,30.39501],[-91.8699,30.41711],[-91.8639,30.41331],[-91.8528,30.41151],[-91.849,30.40671],[-91.83549,30.40631],[-91.81239,30.39421],[-91.67989,30.39511],[-91.6801,30.39711],[-91.69469,30.40281],[-91.69849,30.41461],[-91.71329,30.43191],[-91.7187,30.44891],[-91.7226,30.45231],[-91.7365,30.45151],[-91.7401,30.45381],[-91.7438,30.47061],[-91.7542,30.48531],[-91.7562,30.49771],[-91.7011,30.49731]]]]}},{"type":"Feature","properties":{"layer":"county","state":"LA","cwa":"LIX","name":"Terrebonne","fips":"22109"},"geometry":{"type":"MultiPolygon","coordinates":[[[[-90.39675,29.26616],[-90.39529,29.27982],[-90.39764,29.28489],[-90.39453,29.29455],[-90.39063,29.29702],[-90.39345,29.29891],[-90.39619,29.30728],[-90.39247,29.31243],[-90.39786,29.31522],[-90.39829,29.31199],[-90.42168,29.32819],[-90.42752,29.3383],[-90.42226,29.34345],[-90.42413,29.34469],[-90.42596,29.33883],[-90.42988,29.34245],[-90.42739,29.34974],[-90.43228,29.34806],[-90.44258,29.34929],[-90.45085,29.35431],[-90.44907,29.35736],[-90.45402,29.35839],[-90.45164,29.35755],[-90.44803,29.34772],[-90.45116,29.34533],[-90.45713,29.34769],[-90.45328,29.34623],[-90.46058,29.33779],[-90.45794,29.33523],[-90.45859,29.33141],[-90.45108,29.3267],[-90.45687,29.31476],[-90.4621,29.31139],[-90.46401,29.31255],[-90.46914,29.29949],[-90.47867,29.2938],[-90.4815,29.29665],[-90.48382,29.29725],[-90.48494,29.29485],[-90.49601,29.29845],[-90.49292,29.30271],[-90.49721,29.30571],[-90.4967,29.30795],[-90.48726,29.30451],[-90.48108,29.30743],[-90.47902,29.31446],[-90.47575,29.31169],[-90.47404,29.31514],[-90.47867,29.31828],[-90.48036,29.32672],[-90.47736,29.32929],[-90.47927,29.33265],[-90.47747,29.33759],[-90.47931,29.3428],[-90.4786,29.36336],[-90.47876,29.35373],[-90.48038,29.35765],[-90.48142,29.35557],[-90.48477,29.35749],[-90.48211,29.36422],[-90.48957,29.37342],[-90.49824,29.36601],[-90.50125,29.36751],[-90.50614,29.36512],[-90.50682,29.36048],[-90.51292,29.35696],[-90.51808,29.35679],[-90.5182,29.35918],[-90.52511,29.34843],[-90.52768,29.3506],[-90.52562,29.35419],[-90.52871,29.35853],[-90.53343,29.3601],[-90.53755,29.35823],[-90.53588,29.35503],[-90.53793,29.35446],[-90.53576,29.35474],[-90.53189,29.34866],[-90.53472,29.34424],[-90.53139,29.33957],[-90.53226,29.33639],[-90.5233,29.33661],[-90.52562,29.33175],[-90.52948,29.3304],[-90.53249,29.32037],[-90.53704,29.32382],[-90.5385,29.3298],[-90.54622,29.33205],[-90.54613,29.32778],[-90.55154,29.32292],[-90.55086,29.31753],[-90.55807,29.3108],[-90.5621,29.30915],[-90.57592,29.31723],[-90.58527,29.31933],[-90.59068,29.31184],[-90.60098,29.309],[-90.60002,29.29912],[-90.6051,29.30204],[-90.60594,29.31227],[-90.61137,29.31203],[-90.6136,29.30788],[-90.61149,29.30245],[-90.61458,29.30346],[-90.62014,29.30092],[-90.6172,29.29803],[-90.61416,29.30127],[-90.61252,29.3002],[-90.61364,29.29596],[-90.61967,29.29599],[-90.61495,29.29272],[-90.61888,29.29302],[-90.62068,29.28969],[-90.61514,29.27831],[-90.61617,29.27659],[-90.62441,29.28153],[-90.63008,29.28145],[-90.62836,29.27157],[-90.63377,29.27981],[-90.63686,29.27906],[-90.63969,29.26461],[-90.63909,29.25974],[-90.62458,29.23915],[-90.60707,29.22536],[-90.60836,29.22402],[-90.61328,29.22791],[-90.61214,29.21578],[-90.62141,29.23375],[-90.6303,29.2441],[-90.63583,29.24671],[-90.64166,29.24297],[-90.63643,29.23473],[-90.6396,29.22394],[-90.6396,29.23323],[-90.64784,29.24364],[-90.64424,29.24506],[-90.64218,29.25203],[-90.64639,29.25944],[-90.64862,29.25899],[-90.65154,29.25285],[-90.65814,29.24941],[-90.66106,29.24087],[-90.65926,29.23975],[-90.66063,29.23473],[-90.65874,29.23031],[-90.66192,29.22319],[-90.65368,29.21563],[-90.65909,29.20769],[-90.6602,29.19937],[-90.66209,29.20356],[-90.6754,29.20813],[-90.67831,29.21158],[-90.67874,29.22409],[-90.68801,29.22214],[-90.69291,29.21323],[-90.68956,29.21038],[-90.69179,29.20514],[-90.68561,29.20282],[-90.6923,29.1915],[-90.69685,29.18993],[-90.69745,29.19622],[-90.702,29.1981],[-90.70724,29.19877],[-90.70887,29.196],[-90.71574,29.19547],[-90.70715,29.18723],[-90.70887,29.18251],[-90.7069,29.18019],[-90.71393,29.17831],[-90.71222,29.17329],[-90.71402,29.1691],[-90.7208,29.1664],[-90.72638,29.15268],[-90.72535,29.15021],[-90.71325,29.14976],[-90.71282,29.14563],[-90.71805,29.14279],[-90.71488,29.14076],[-90.72007,29.13694],[-90.72917,29.1381],[-90.73552,29.14174],[-90.73977,29.13881],[-90.73707,29.1342],[-90.74497,29.12523],[-90.7447,29.11902],[-90.75106,29.11954],[-90.7482,29.12375],[-90.75491,29.12334],[-90.75115,29.12551],[-90.75395,29.12747],[-90.75872,29.12514],[-90.75942,29.12844],[-90.75685,29.13005],[-90.754,29.13964],[-90.75903,29.13621],[-90.75324,29.15014],[-90.73675,29.15941],[-90.72814,29.18615],[-90.73125,29.18919],[-90.73732,29.18353],[-90.74569,29.18074],[-90.74727,29.17675],[-90.7475,29.18369],[-90.74963,29.18632],[-90.75214,29.18409],[-90.75191,29.172],[-90.75857,29.17147],[-90.75734,29.16417],[-90.76405,29.16145],[-90.76116,29.15953],[-90.76176,29.15684],[-90.75734,29.1494],[-90.77241,29.13729],[-90.77552,29.13908],[-90.77763,29.13639],[-90.77992,29.13739],[-90.77874,29.14159],[-90.7803,29.14195],[-90.78669,29.13335],[-90.78525,29.13514],[-90.78794,29.13753],[-90.78456,29.14418],[-90.78979,29.14959],[-90.78494,29.15538],[-90.78223,29.1662],[-90.78008,29.16266],[-90.77458,29.16154],[-90.76963,29.16555],[-90.77467,29.16891],[-90.76954,29.17153],[-90.76984,29.18125],[-90.77809,29.19135],[-90.77957,29.18934],[-90.77582,29.18352],[-90.78,29.18711],[-90.77898,29.18538],[-90.78233,29.18287],[-90.77988,29.17904],[-90.78203,29.17758],[-90.78932,29.18066],[-90.78812,29.17857],[-90.79088,29.17855],[-90.79642,29.184],[-90.80074,29.1829],[-90.80687,29.18784],[-90.81076,29.18771],[-90.80716,29.18198],[-90.8085,29.16774],[-90.80623,29.16855],[-90.80626,29.16503],[-90.81347,29.15985],[-90.81761,29.16101],[-90.81901,29.16699],[-90.81994,29.16039],[-90.82221,29.16051],[-90.82274,29.1669],[-90.82599,29.16318],[-90.82843,29.16546],[-90.83383,29.16495],[-90.83721,29.16604],[-90.83892,29.17236],[-90.85121,29.17439],[-90.85423,29.17144],[-90.85153,29.16649],[-90.85339,29.16348],[-90.8473,29.15893],[-90.85057,29.1579],[-90.84842,29.1556],[-90.85052,29.15255],[-90.85699,29.14848],[-90.85378,29.15316],[-90.85622,29.15547],[-90.85945,29.15561],[-90.86245,29.15175],[-90.86258,29.14374],[-90.85966,29.14299],[-90.86383,29.14094],[-90.86106,29.13672],[-90.86548,29.13775],[-90.86483,29.13395],[-90.86834,29.13533],[-90.86617,29.14004],[-90.86893,29.14249],[-90.87977,29.13422],[-90.87766,29.13686],[-90.87801,29.14497],[-90.88286,29.14294],[-90.88512,29.1403],[-90.88405,29.1377],[-90.89024,29.13579],[-90.89231,29.13231],[-90.89637,29.13591],[-90.89927,29.13346],[-90.90025,29.13603],[-90.89744,29.14016],[-90.88914,29.1392],[-90.89057,29.14093],[-90.89887,29.14673],[-90.90198,29.14667],[-90.90604,29.14129],[-90.90616,29.14446],[-90.90975,29.14517],[-90.91028,29.14714],[-90.9079,29.14792],[-90.91017,29.15121],[-90.91443,29.14754],[-90.92109,29.15109],[-90.92201,29.15409],[-90.93007,29.15877],[-90.92986,29.16258],[-90.93788,29.166],[-90.93722,29.16935],[-90.93424,29.1701],[-90.93509,29.17979],[-90.93022,29.18051],[-90.92875,29.17853],[-90.92305,29.18657],[-90.91821,29.18695],[-90.91392,29.19421],[-90.91596,29.19666],[-90.90901,29.20054],[-90.90632,29.20648],[-90.90228,29.2047],[-90.90567,29.20208],[-90.89096,29.19529],[-90.87994,29.20164],[-90.87578,29.20053],[-90.87698,29.19445],[-90.88193,29.19385],[-90.89064,29.18754],[-90.88608,29.18224],[-90.88366,29.18277],[-90.88261,29.17951],[-90.87516,29.18471],[-90.87117,29.19652],[-90.86757,29.19608],[-90.86593,29.19051],[-90.86358,29.18961],[-90.85894,29.1931],[-90.85676,29.19878],[-90.85104,29.19986],[-90.85343,29.20258],[-90.84946,29.20318],[-90.84799,29.20497],[-90.84977,29.2058],[-90.83976,29.21147],[-90.83599,29.22178],[-90.8341,29.21401],[-90.83247,29.21831],[-90.82087,29.22088],[-90.82171,29.21794],[-90.81325,29.22083],[-90.80863,29.2275],[-90.80714,29.24358],[-90.81036,29.24334],[-90.81198,29.23775],[-90.82305,29.23964],[-90.82535,29.23743],[-90.82748,29.23981],[-90.83312,29.23845],[-90.83052,29.24391],[-90.8402,29.25515],[-90.84641,29.24315],[-90.85211,29.24273],[-90.8548,29.25337],[-90.85985,29.25692],[-90.85303,29.26155],[-90.85417,29.26551],[-90.86509,29.26316],[-90.87024,29.25129],[-90.87052,29.26172],[-90.8731,29.26219],[-90.87702,29.258],[-90.87504,29.25701],[-90.87816,29.24808],[-90.88026,29.24834],[-90.88022,29.25307],[-90.87697,29.26279],[-90.89022,29.25632],[-90.90009,29.25621],[-90.89204,29.2639],[-90.89837,29.26387],[-90.90579,29.26062],[-90.90682,29.25619],[-90.92194,29.25203],[-90.90706,29.25783],[-90.90608,29.26328],[-90.91401,29.26183],[-90.91342,29.26558],[-90.9155,29.26725],[-90.93349,29.26262],[-90.93565,29.26799],[-90.92973,29.27178],[-90.93153,29.27811],[-90.92816,29.27321],[-90.92027,29.27735],[-90.90877,29.2764],[-90.90656,29.27412],[-90.90721,29.27734],[-90.90114,29.27541],[-90.89652,29.28011],[-90.89983,29.28819],[-90.89609,29.28742],[-90.89009,29.29078],[-90.88932,29.28918],[-90.88298,29.29764],[-90.89464,29.29369],[-90.89978,29.29653],[-90.90664,29.29434],[-90.90963,29.29617],[-90.91911,29.29063],[-90.92314,29.29465],[-90.92939,29.29292],[-90.93221,29.28415],[-90.9353,29.29176],[-90.93219,29.29245],[-90.9336,29.29332],[-90.92573,29.30652],[-90.92024,29.30631],[-90.92045,29.31103],[-90.92487,29.31552],[-90.93488,29.31944],[-90.93834,29.32934],[-90.93415,29.33012],[-90.93677,29.32753],[-90.93272,29.32702],[-90.9323,29.32457],[-90.93444,29.32414],[-90.93224,29.3218],[-90.93143,29.32893],[-90.95217,29.33617],[-90.95633,29.33497],[-90.95803,29.33718],[-90.98439,29.32488],[-90.9868,29.32995],[-90.99135,29.32855],[-90.98994,29.3318],[-90.99525,29.32999],[-90.99718,29.32084],[-90.99326,29.31981],[-90.99908,29.31578],[-91.00012,29.32052],[-90.9997,29.30781],[-90.99821,29.30973],[-90.98966,29.30689],[-90.98843,29.30172],[-90.98619,29.30131],[-90.99099,29.29972],[-90.99142,29.30385],[-90.99128,29.30135],[-90.99416,29.30093],[-90.99975,29.30739],[-91.00012,29.30086],[-90.98731,29.2972],[-90.99259,29.29624],[-90.99138,29.29315],[-90.98932,29.29479],[-90.98683,29.29344],[-90.9895,29.29241],[-90.98728,29.29248],[-90.98707,29.28884],[-90.9931,29.28865],[-90.99522,29.28599],[-90.99339,29.28297],[-90.98803,29.28297],[-90.98485,29.28751],[-90.98207,29.28272],[-90.98003,29.28419],[-90.98019,29.28737],[-90.98194,29.28517],[-90.98231,29.28763],[-90.97943,29.29017],[-90.97954,29.29858],[-90.98354,29.29998],[-90.98417,29.29759],[-90.98072,29.29583],[-90.98498,29.29289],[-90.98713,29.29913],[-90.98461,29.30105],[-90.98775,29.30186],[-90.98621,29.30513],[-90.9888,29.30664],[-90.98001,29.30399],[-90.98255,29.30259],[-90.98135,29.30153],[-90.97894,29.30419],[-90.97698,29.30335],[-90.97815,29.29258],[-90.97582,29.2923],[-90.97502,29.29505],[-90.97318,29.29198],[-90.97447,29.2893],[-90.9723,29.28861],[-90.97292,29.29457],[-90.96958,29.28985],[-90.97164,29.28362],[-90.97467,29.28197],[-90.9743,29.27885],[-90.96429,29.27476],[-90.96058,29.27606],[-90.96014,29.27155],[-90.95044,29.26667],[-90.93784,29.26898],[-90.93575,29.26106],[-90.93899,29.25751],[-90.93556,29.24981],[-90.94066,29.24706],[-90.94413,29.2485],[-90.94208,29.25022],[-90.9545,29.25022],[-90.95464,29.24788],[-90.96407,29.24639],[-90.96506,29.24243],[-90.962,29.24071],[-90.95228,29.24428],[-90.95317,29.24064],[-90.96407,29.23679],[-90.96203,29.23314],[-90.95638,29.23221],[-90.95923,29.22902],[-90.96667,29.23237],[-90.97569,29.2311],[-90.97925,29.23532],[-90.98132,29.23401],[-90.97776,29.23417],[-90.97818,29.23169],[-90.98468,29.23055],[-90.98536,29.23419],[-90.97624,29.24132],[-90.97301,29.24755],[-90.97047,29.24684],[-90.96806,29.24979],[-90.97224,29.24946],[-90.97343,29.25337],[-90.97709,29.25059],[-90.98245,29.25156],[-90.98244,29.24803],[-90.98656,29.24516],[-90.98531,29.24964],[-90.98807,29.25662],[-90.98117,29.2618],[-90.97798,29.26089],[-90.98083,29.25972],[-90.97286,29.26167],[-90.96755,29.2583],[-90.96254,29.2597],[-90.96293,29.26291],[-90.96659,29.26401],[-90.97696,29.26187],[-90.97937,29.2657],[-90.97731,29.26815],[-90.98146,29.26984],[-90.98269,29.26847],[-90.97997,29.26496],[-90.98567,29.26531],[-90.99448,29.26021],[-91.00011,29.24582],[-91.00654,29.24328],[-90.99757,29.23822],[-91.00011,29.2373],[-91.00011,29.23345],[-90.99905,29.23629],[-90.99576,29.23673],[-90.98941,29.23385],[-90.99137,29.23087],[-90.98601,29.22899],[-90.99301,29.22892],[-90.99385,29.22353],[-90.98548,29.21675],[-90.97715,29.2138],[-90.97098,29.21626],[-90.97035,29.21974],[-90.96194,29.22627],[-90.93713,29.21172],[-90.93475,29.21273],[-90.93639,29.21573],[-90.92834,29.21472],[-90.92281,29.21738],[-90.92101,29.221],[-90.91212,29.21958],[-90.91455,29.21509],[-90.9115,29.21112],[-90.91414,29.20796],[-90.91276,29.2021],[-90.9219,29.20054],[-90.92877,29.18677],[-90.94485,29.18104],[-90.94376,29.17534],[-90.94938,29.17749],[-90.95141,29.18381],[-90.95791,29.18717],[-90.97034,29.18851],[-90.96752,29.19633],[-90.958,29.19633],[-90.9516,29.20125],[-90.95169,29.20674],[-90.95628,29.20798],[-90.96083,29.20057],[-90.97064,29.20035],[-90.98015,29.19477],[-90.97671,29.19214],[-90.97712,29.18995],[-90.98204,29.18681],[-90.97859,29.18049],[-90.97006,29.17992],[-90.97285,29.17844],[-90.98369,29.1738],[-90.99192,29.17688],[-90.99521,29.17398],[-91.00034,29.17361],[-91.0106,29.17641],[-91.01196,29.18293],[-91.0169,29.18246],[-91.01943,29.17946],[-91.01883,29.19356],[-91.00706,29.19057],[-91.0076,29.19685],[-91.00533,29.19565],[-90.99338,29.19989],[-90.99153,29.19661],[-90.99248,29.203],[-90.9938,29.20611],[-90.99511,29.20443],[-90.9981,29.2073],[-90.99619,29.20957],[-91.00061,29.21029],[-91.00198,29.21692],[-91.00563,29.21829],[-91.01351,29.21142],[-91.0171,29.21124],[-91.01733,29.207],[-91.02556,29.20434],[-91.03233,29.21011],[-91.03155,29.20214],[-91.03693,29.20802],[-91.03944,29.21419],[-91.03749,29.21548],[-91.03564,29.21025],[-91.03344,29.21421],[-91.03456,29.22876],[-91.03673,29.23227],[-91.03016,29.23857],[-91.02951,29.24469],[-91.02196,29.24077],[-91.01707,29.24455],[-91.00996,29.24537],[-91.00743,29.25021],[-91.00787,29.25295],[-91.01389,29.25336],[-91.01647,29.2478],[-91.02319,29.25506],[-91.03226,29.25266],[-91.03382,29.24888],[-91.04062,29.24682],[-91.03863,29.24723],[-91.03743,29.24004],[-91.03145,29.24061],[-91.03142,29.23905],[-91.03851,29.23277],[-91.04274,29.23429],[-91.04253,29.23678],[-91.04511,29.2358],[-91.05133,29.24068],[-91.04843,29.24691],[-91.04099,29.25073],[-91.03986,29.2539],[-91.03092,29.25461],[-91.02616,29.2585],[-91.02721,29.26781],[-91.03591,29.269],[-91.03772,29.26224],[-91.04106,29.26366],[-91.04671,29.25584],[-91.05244,29.25344],[-91.05465,29.2487],[-91.06364,29.2465],[-91.0656,29.24199],[-91.0673,29.24336],[-91.06529,29.24112],[-91.06895,29.23926],[-91.06701,29.23759],[-91.06918,29.22915],[-91.06612,29.22918],[-91.06351,29.23566],[-91.06375,29.23121],[-91.05927,29.22725],[-91.06204,29.22305],[-91.06394,29.22603],[-91.06673,29.22308],[-91.06505,29.22015],[-91.06854,29.21969],[-91.0645,29.21873],[-91.07184,29.21107],[-91.06912,29.20555],[-91.05862,29.21119],[-91.05345,29.20938],[-91.04877,29.21165],[-91.04218,29.22764],[-91.04002,29.22851],[-91.04302,29.23254],[-91.04138,29.23351],[-91.03566,29.22925],[-91.03623,29.21887],[-91.04169,29.21366],[-91.04044,29.20942],[-91.04455,29.20741],[-91.0506,29.19482],[-91.06106,29.18603],[-91.06118,29.18358],[-91.0802,29.19297],[-91.08922,29.19113],[-91.12971,29.22178],[-91.13611,29.23288],[-91.13215,29.24864],[-91.12458,29.24978],[-91.11767,29.25759],[-91.1217,29.26071],[-91.12,29.26591],[-91.12199,29.27091],[-91.12849,29.27347],[-91.134,29.28081],[-91.13419,29.28541],[-91.13063,29.28745],[-91.12893,29.29412],[-91.12133,29.3004],[-91.11981,29.30629],[-91.1221,29.31701],[-91.12928,29.32164],[-91.12739,29.3295],[-91.13,29.33729],[-91.13842,29.34275],[-91.15051,29.34385],[-91.1554,29.35142],[-91.15299,29.35556],[-91.16157,29.36042],[-91.178,29.36215],[-91.18043,29.3659],[-91.20016,29.37321],[-91.20017,29.38709],[-91.20488,29.39282],[-91.21682,29.39575],[-91.22297,29.39329],[-91.21206,29.42091],[-91.21751,29.43253],[-91.22123,29.4364],[-91.23374,29.43559],[-91.24969,29.44429],[-91.2594,29.44464],[-91.26078,29.46384],[-91.2652,29.46806],[-91.26567,29.47264],[-91.27374,29.47941],[-91.27152,29.4956],[-91.26507,29.51078],[-91.27216,29.5281],[-91.27132,29.53516],[-91.26434,29.54337],[-91.24591,29.54651],[-91.23499,29.55109],[-91.22333,29.56207],[-91.2254,29.5755],[-91.21899,29.58392],[-91.20081,29.59869],[-91.18372,29.60809],[-91.17529,29.60889],[-91.17291,29.59747],[-91.16229,29.5929],[-91.1568,29.59589],[-91.15143,29.6037],[-91.1394,29.60291],[-91.13879,29.6095],[-91.12079,29.60828],[-91.11719,29.61749],[-91.10278,29.61871],[-91.0954,29.62372],[-91.08972,29.62207],[-91.08539,29.6239],[-91.0068,29.71471],[-90.883,29.71671],[-90.88029,29.71801],[-90.8821,29.74601],[-90.8409,29.74651],[-90.84409,29.75291],[-90.842,29.76011],[-90.8288,29.76411],[-90.8268,29.77581],[-90.82069,29.77791],[-90.8079,29.77591],[-90.8047,29.77141],[-90.8046,29.75021],[-90.7969,29.74471],[-90.78809,29.74751],[-90.78429,29.74461],[-90.7868,29.74371],[-90.7869,29.73521],[-90.7642,29.69311],[-90.7447,29.67701],[-90.728,29.67561],[-90.7054,29.66371],[-90.67879,29.63701],[-90.6572,29.60691],[-90.6488,29.60261],[-90.6188,29.59731],[-90.6172,29.59001],[-90.60249,29.57311],[-90.5746,29.55901],[-90.56841,29.53519],[-90.55753,29.53547],[-90.55079,29.53127],[-90.53655,29.5143],[-90.53716,29.50532],[-90.52592,29.49875],[-90.50598,29.47735],[-90.49709,29.47513],[-90.4864,29.46183],[-90.48017,29.4608],[-90.46815,29.45354],[-90.45823,29.43125],[-90.45127,29.42477],[-90.44745,29.41714],[-90.42683,29.40023],[-90.41854,29.39006],[-90.39846,29.38094],[-90.38483,29.36688],[-90.37959,29.34905],[-90.38229,29.3434],[-90.38208,29.33442],[-90.38656,29.32524],[-90.37686,29.30472],[-90.38309,29.29561],[-90.3836,29.28155],[-90.38953,29.27743],[-90.39675,29.26616]]],[[[-91.23217,29.3738],[-91.23653,29.36805],[-91.23605,29.35349],[-91.21975,29.33141],[-91.2243,29.32765],[-91.21912,29.3287],[-91.21436,29.3208],[-91.22827,29.31672],[-91.21906,29.31873],[-91.21721,29.31484],[-91.21558,29.31754],[-91.21828,29.31892],[-91.21388,29.31963],[-91.19382,29.31021],[-91.17588,29.32326],[-91.17421,29.3304],[-91.1626,29.32942],[-91.16038,29.31824],[-91.16752,29.30607],[-91.16912,29.29461],[-91.16708,29.28663],[-91.17068,29.2801],[-91.16839,29.27325],[-91.17051,29.27222],[-91.17032,29.2675],[-91.16261,29.2606],[-91.15365,29.25737],[-91.15537,29.25498],[-91.16452,29.25395],[-91.17158,29.23784],[-91.16849,29.23477],[-91.16311,29.23522],[-91.16802,29.23644],[-91.16564,29.24116],[-91.15652,29.24404],[-91.14706,29.24322],[-91.14625,29.25283],[-91.13953,29.25376],[-91.14126,29.25097],[-91.13606,29.25106],[-91.13444,29.2466],[-91.13462,29.23989],[-91.13815,29.23283],[-91.131,29.21942],[-91.13655,29.2182],[-91.16787,29.22476],[-91.18796,29.22028],[-91.19778,29.22088],[-91.21908,29.22603],[-91.27885,29.24775],[-91.30274,29.26593],[-91.3218,29.28752],[-91.33495,29.29875],[-91.35217,29.32377],[-91.35304,29.33147],[-91.34776,29.32705],[-91.34985,29.32505],[-91.3484,29.31843],[-91.33813,29.30886],[-91.30938,29.30567],[-91.3076,29.30884],[-91.29518,29.30971],[-91.28971,29.31452],[-91.29097,29.3208],[-91.28095,29.32528],[-91.27671,29.3298],[-91.27624,29.34279],[-91.26733,29.36062],[-91.25744,29.36358],[-91.24917,29.36984],[-91.23217,29.3738]]],[[[-91.34506,29.33262],[-91.34061,29.32964],[-91.34608,29.32764],[-91.34987,29.33007],[-91.3464,29.33],[-91.34945,29.33186],[-91.34506,29.33262]]],[[[-91.34522,29.32504],[-91.34559,29.32476],[-91.34647,29.32495],[-91.34655,29.32543],[-91.34611,29.32584],[-91.34541,29.32575],[-91.34514,29.32543],[-91.34522,29.32504]]],[[[-91.30963,29.30827],[-91.30999,29.30824],[-91.31065,29.30849],[-91.31088,29.30886],[-91.31078,29.30939],[-91.31052,29.30955],[-91.30945,29.30952],[-91.30923,29.30923],[-91.30923,29.30861],[-91.30963,29.30827]]],[[[-91.33162,29.30882],[-91.33253,29.30829],[-91.33287,29.30836],[-91.33282,29.30859],[-91.33188,29.30943],[-91.33154,29.30939],[-91.33162,29.30882]]],[[[-90.9848,29.29126],[-90.98568,29.29055],[-90.98605,29.29082],[-90.98552,29.2912],[-90.98513,29.29174],[-90.9848,29.29126]]],[[[-90.39675,29.26616],[-90.39673,29.26566],[-90.39676,29.26564],[-90.39675,29.26616]]],[[[-91.30742,29.26497],[-91.30774,29.26493],[-91.30795,29.26509],[-91.30768,29.26561],[-91.30732,29.26563],[-91.30719,29.26545],[-91.30742,29.26497]]],[[[-91.30847,29.26401],[-91.30894,29.2639],[-91.30915,29.26408],[-91.30907,29.26435],[-91.30855,29.26449],[-91.30842,29.26438],[-91.30847,29.26401]]],[[[-91.30573,29.26408],[-91.30601,29.26362],[-91.30645,29.26375],[-91.30645,29.26392],[-91.30596,29.26422],[-91.30573,29.26408]]],[[[-91.30915,29.26332],[-91.30944,29.26304],[-91.30983,29.26314],[-91.30982,29.26336],[-91.30933,29.26359],[-91.30915,29.26332]]],[[[-91.30714,29.26236],[-91.30755,29.26227],[-91.30771,29.26256],[-91.3075,29.26282],[-91.30711,29.26286],[-91.30695,29.26275],[-91.30714,29.26236]]],[[[-91.30826,29.2614],[-91.3086,29.26126],[-91.30886,29.26137],[-91.30886,29.26169],[-91.30823,29.2619],[-91.3081,29.26181],[-91.30826,29.2614]]],[[[-91.29469,29.25699],[-91.29498,29.25658],[-91.29537,29.25674],[-91.29514,29.25718],[-91.29475,29.25713],[-91.29469,29.25699]]],[[[-91.29581,29.25575],[-91.29629,29.25575],[-91.29629,29.25606],[-91.29607,29.25626],[-91.29563,29.25624],[-91.29581,29.25575]]],[[[-91.29341,29.25546],[-91.29388,29.25546],[-91.29398,29.25559],[-91.29388,29.25582],[-91.2933,29.25596],[-91.29325,29.25571],[-91.29341,29.25546]]],[[[-91.29694,29.2545],[-91.29728,29.25438],[-91.29751,29.25447],[-91.29751,29.25468],[-91.29738,29.25488],[-91.29694,29.25498],[-91.29684,29.25486],[-91.29694,29.2545]]],[[[-91.29446,29.25436],[-91.29485,29.25431],[-91.29506,29.25445],[-91.29506,29.2547],[-91.29438,29.25491],[-91.29422,29.25461],[-91.29446,29.25436]]],[[[-91.29819,29.25367],[-91.29851,29.25326],[-91.29895,29.2534],[-91.2988,29.25376],[-91.29819,29.25367]]],[[[-91.2961,29.25271],[-91.29639,29.25245],[-91.29681,29.25259],[-91.29681,29.25289],[-91.29655,29.25308],[-91.2961,29.25294],[-91.2961,29.25271]]],[[[-91.05755,29.24345],[-91.05909,29.24696],[-91.05674,29.24762],[-91.05755,29.24345]]],[[[-90.8754,29.23258],[-90.86985,29.23011],[-90.87207,29.22658],[-90.87684,29.23217],[-90.88099,29.23039],[-90.87813,29.23677],[-90.8754,29.23258]]]]}},{"type":"Feature","properties":{"layer":"county","state":"LA","cwa":"LCH","name":"Cameron","fips":"22023"},"geometry":{"type":"MultiPolygon","coordinates":[[[[-93.01575,29.75049],[-93.01596,29.75067],[-93.01552,29.75343],[-93.0154,29.75342],[-93.01575,29.75049]]],[[[-93.01635,29.75084],[-93.01652,29.75072],[-93.01667,29.75096],[-93.01655,29.75265],[-93.01628,29.75362],[-93.01597,29.75381],[-93.01586,29.75372],[-93.01635,29.75084]]],[[[-93.01517,29.75373],[-93.01546,29.75376],[-93.01535,29.75463],[-93.01518,29.75472],[-93.01506,29.75456],[-93.01517,29.75373]]],[[[-93.0179,29.75296],[-93.01815,29.75285],[-93.0183,29.7531],[-93.01673,29.75521],[-93.01634,29.75534],[-93.0177,29.75308],[-93.0179,29.75296]]],[[[-93.01804,29.75393],[-93.01898,29.7538],[-93.01807,29.75447],[-93.01745,29.75536],[-93.01717,29.75551],[-93.01804,29.75393]]],[[[-93.04288,29.76262],[-93.02216,29.75911],[-93.04654,29.76223],[-93.04288,29.76262]]],[[[-93.04318,29.75389],[-93.027,29.74367],[-93.01038,29.74245],[-93.01164,29.7236],[-93.01243,29.72585],[-93.02312,29.72946],[-93.0519,29.73606],[-93.08818,29.74912],[-93.12355,29.75873],[-93.11477,29.75955],[-93.0787,29.75393],[-93.07352,29.7574],[-93.07145,29.76262],[-93.05915,29.76764],[-93.04318,29.75389]]],[[[-93.3271,30.05221],[-93.32378,30.05216],[-93.32711,30.05218],[-93.32869,30.05221],[-93.3271,30.05221]]],[[[-93.12849,30.05261],[-93.127,30.03851],[-93.11819,30.03811],[-92.61649,30.03821],[-92.61368,29.80124],[-92.61773,29.57918],[-92.67796,29.59557],[-92.69444,29.60143],[-92.69551,29.60465],[-92.70348,29.60473],[-92.74016,29.61582],[-92.86385,29.66659],[-92.93318,29.69851],[-92.9743,29.71398],[-93.00755,29.72452],[-93.00883,29.72296],[-93.00977,29.73073],[-93.00253,29.73116],[-93.00983,29.73153],[-93.00972,29.74249],[-93.0025,29.75022],[-93.02528,29.76225],[-93.04822,29.76576],[-93.05847,29.76978],[-93.07284,29.76331],[-93.07773,29.75623],[-93.09793,29.75946],[-93.12746,29.75816],[-93.19422,29.77377],[-93.24574,29.77859],[-93.29707,29.77484],[-93.34263,29.76384],[-93.34212,29.77484],[-93.32251,29.79064],[-93.32664,29.79683],[-93.34515,29.80177],[-93.34617,29.80439],[-93.34669,29.81809],[-93.33489,29.82445],[-93.32788,29.84011],[-93.29745,29.83662],[-93.27408,29.83902],[-93.24432,29.85213],[-93.23625,29.86646],[-93.24012,29.88101],[-93.23298,29.89582],[-93.24344,29.9162],[-93.23915,29.92704],[-93.24885,29.94235],[-93.2507,29.94106],[-93.2532,29.94339],[-93.26814,29.9647],[-93.27664,29.97091],[-93.27221,29.97275],[-93.26813,29.9898],[-93.27102,30.00053],[-93.26788,30.00587],[-93.26991,30.01144],[-93.26832,30.01827],[-93.27064,30.02579],[-93.28481,30.03914],[-93.28288,30.04058],[-93.28604,30.05102],[-93.12849,30.05261]]],[[[-93.7055,30.05331],[-93.32998,30.05221],[-93.34216,29.92879],[-93.34523,29.92737],[-93.34281,29.92931],[-93.35155,29.93571],[-93.34571,29.92927],[-93.34597,29.92187],[-93.34115,29.91964],[-93.3496,29.84699],[-93.35141,29.84688],[-93.35313,29.85986],[-93.3515,29.87036],[-93.34743,29.87471],[-93.37515,29.87522],[-93.37515,29.87966],[-93.38894,29.88292],[-93.40467,29.88196],[-93.42379,29.8766],[-93.43747,29.87059],[-93.44286,29.86349],[-93.44234,29.86041],[-93.43245,29.85193],[-93.40169,29.84501],[-93.39504,29.83522],[-93.38744,29.83189],[-93.38442,29.82515],[-93.38857,29.82449],[-93.37948,29.82141],[-93.38225,29.81988],[-93.36912,29.82114],[-93.36736,29.82492],[-93.36436,29.82568],[-93.35133,29.82369],[-93.34885,29.81938],[-93.34499,29.75962],[-93.43897,29.76895],[-93.47525,29.76924],[-93.67458,29.74839],[-93.74557,29.73586],[-93.76605,29.7295],[-93.80027,29.71483],[-93.83523,29.6936],[-93.85413,29.71908],[-93.85146,29.72102],[-93.84994,29.71671],[-93.8381,29.72313],[-93.83512,29.7227],[-93.83783,29.72353],[-93.85068,29.71737],[-93.85194,29.72748],[-93.85623,29.73062],[-93.8576,29.7272],[-93.86167,29.72584],[-93.8705,29.74057],[-93.86146,29.7398],[-93.87656,29.74275],[-93.88091,29.74809],[-93.87478,29.75006],[-93.88116,29.74841],[-93.8813,29.75174],[-93.88645,29.7536],[-93.88618,29.75107],[-93.88802,29.75215],[-93.88947,29.75481],[-93.88367,29.76252],[-93.88324,29.7678],[-93.88546,29.76889],[-93.88519,29.76176],[-93.88628,29.76831],[-93.89325,29.76784],[-93.88981,29.77107],[-93.9053,29.79519],[-93.88554,29.80412],[-93.8786,29.81121],[-93.87099,29.80955],[-93.86576,29.81219],[-93.86528,29.80483],[-93.86418,29.81107],[-93.86205,29.811],[-93.86047,29.81483],[-93.84812,29.8175],[-93.84799,29.81225],[-93.85288,29.81241],[-93.85288,29.81078],[-93.84423,29.81243],[-93.84675,29.81353],[-93.84731,29.81807],[-93.83753,29.82449],[-93.83246,29.8236],[-93.81616,29.82749],[-93.81606,29.82298],[-93.81295,29.81931],[-93.81469,29.82786],[-93.80777,29.82788],[-93.79941,29.83529],[-93.79387,29.84477],[-93.79063,29.84698],[-93.78839,29.84491],[-93.786,29.85564],[-93.7804,29.86224],[-93.78213,29.86334],[-93.77552,29.8813],[-93.76928,29.88709],[-93.77119,29.89991],[-93.76343,29.91334],[-93.76543,29.91674],[-93.76302,29.92337],[-93.76391,29.93461],[-93.75658,29.9516],[-93.75757,29.96885],[-93.76169,29.97292],[-93.7726,29.9773],[-93.77343,29.98345],[-93.76592,29.98764],[-93.76544,29.99418],[-93.76919,29.99589],[-93.76621,29.99141],[-93.77162,29.98469],[-93.77657,29.98631],[-93.77451,29.98461],[-93.78175,29.98367],[-93.78964,29.98741],[-93.7808,29.99431],[-93.769,29.99651],[-93.76669,30.00401],[-93.7585,30.01251],[-93.74049,30.02281],[-93.73769,30.03661],[-93.72099,30.05241],[-93.7055,30.05331]]]]}},{"type":"Feature","properties":{"layer":"county","state":"LA","cwa":"LIX","name":"Washington","fips":"22117"},"geometry":{"type":"Polygon","coordinates":[[[-89.72888,31.00293],[-89.73499,30.9989],[-89.7345,30.99609],[-89.72803,30.99292],[-89.73029,30.98053],[-89.73621,30.97729],[-89.73529,30.97412],[-89.72882,30.9715],[-89.72778,30.96753],[-89.73572,30.96631],[-89.74292,30.95947],[-89.74371,30.95569],[-89.7514,30.95093],[-89.75623,30.94269],[-89.75519,30.93909],[-89.74969,30.9353],[-89.7514,30.92407],[-89.74451,30.92029],[-89.7514,30.9129],[-89.76038,30.91492],[-89.76349,30.91272],[-89.76349,30.9079],[-89.7569,30.90033],[-89.7597,30.89673],[-89.77301,30.89807],[-89.77338,30.88733],[-89.77008,30.88068],[-89.77271,30.87927],[-89.77551,30.8811],[-89.77911,30.87567],[-89.76831,30.86493],[-89.7724,30.85931],[-89.77222,30.85449],[-89.7746,30.85327],[-89.78058,30.85651],[-89.784,30.8551],[-89.78082,30.8479],[-89.78339,30.8457],[-89.78851,30.85071],[-89.79181,30.85089],[-89.78748,30.84369],[-89.78961,30.8313],[-89.78339,30.83252],[-89.78668,30.82208],[-89.78229,30.82031],[-89.78491,30.81689],[-89.7926,30.82013],[-89.79529,30.81787],[-89.79651,30.82111],[-89.79938,30.81989],[-89.79822,30.81293],[-89.81012,30.79932],[-89.80841,30.79248],[-89.80518,30.79089],[-89.80841,30.7887],[-89.8125,30.78949],[-89.81299,30.79352],[-89.81671,30.79608],[-89.81927,30.79492],[-89.82111,30.7923],[-89.8197,30.78351],[-89.82251,30.7807],[-89.82831,30.78308],[-89.83002,30.7793],[-89.82758,30.77252],[-89.8324,30.76648],[-89.82672,30.75891],[-89.82819,30.75592],[-89.83228,30.75513],[-89.82971,30.75153],[-89.8233,30.7533],[-89.82562,30.7417],[-89.83618,30.73468],[-89.8291,30.73169],[-89.83643,30.72852],[-89.83411,30.72668],[-89.8269,30.72748],[-89.83099,30.72028],[-89.83051,30.71649],[-89.83502,30.71613],[-89.84167,30.71991],[-89.84119,30.7099],[-89.84637,30.70648],[-89.84528,30.70367],[-89.83881,30.70367],[-89.83643,30.70068],[-89.8363,30.69232],[-89.84418,30.69128],[-89.8454,30.68811],[-89.83771,30.6875],[-89.841,30.68127],[-89.8382,30.67767],[-89.84631,30.67151],[-89.84448,30.66913],[-89.83911,30.6731],[-89.83881,30.66931],[-89.84351,30.6637],[-89.86212,30.66589],[-89.99518,30.66553],[-90.25598,30.71271],[-90.25449,30.73641],[-90.26038,30.7395],[-90.26172,30.74811],[-90.26562,30.75153],[-90.2636,30.76491],[-90.2652,30.76871],[-90.27582,30.77728],[-90.2793,30.78589],[-90.27917,30.79352],[-90.2926,30.80652],[-90.2943,30.81342],[-90.291,30.82081],[-90.29608,30.83087],[-90.297,30.84301],[-90.3005,30.85011],[-90.30902,30.85492],[-90.31799,30.87292],[-90.31628,30.87988],[-90.31799,30.89093],[-90.3299,30.89093],[-90.3299,30.90131],[-90.3339,30.90191],[-90.33389,30.90511],[-90.34528,30.90552],[-90.34679,30.91245],[-90.34699,31.00031],[-89.83569,31.00208],[-89.7577,31.00191],[-89.75011,30.99952],[-89.7409,31.00351],[-89.7317,31.00471],[-89.72888,31.00293]]]}},{"type":"Feature","properties":{"layer":"county","state":"LA","cwa":"LIX","name":"St. Bernard","fips":"22087"},"geometry":{"type":"MultiPolygon","coordinates":[[[[-89.48111,30.07877],[-89.47753,30.0733],[-89.47218,30.07296],[-89.46317,30.06808],[-89.45702,30.0611],[-89.44535,30.06289],[-89.43734,30.05565],[-89.42786,30.05283],[-89.44235,30.0471],[-89.4411,30.03987],[-89.4347,30.0351],[-89.42486,30.03618],[-89.42299,30.03837],[-89.42459,30.0441],[-89.42107,30.04957],[-89.41257,30.04813],[-89.41454,30.04259],[-89.40864,30.03808],[-89.38536,30.03433],[-89.3896,30.0306],[-89.39964,30.03068],[-89.40798,30.02561],[-89.40206,30.02041],[-89.40448,30.01654],[-89.40238,30.01079],[-89.39643,30.00685],[-89.39773,30.00007],[-89.4093,30.00862],[-89.40896,30.01998],[-89.41117,30.02268],[-89.41917,30.02311],[-89.42211,30.01614],[-89.42359,30.01826],[-89.42159,30.01975],[-89.42504,30.02621],[-89.43204,30.02915],[-89.44736,30.02227],[-89.44776,30.01077],[-89.45271,30.01142],[-89.45815,30.00427],[-89.45794,30.00038],[-89.456,29.99559],[-89.45092,29.99445],[-89.44317,29.99775],[-89.44129,29.99539],[-89.44197,29.98884],[-89.4376,29.98726],[-89.43446,29.98929],[-89.43402,29.98478],[-89.44403,29.98599],[-89.4547,29.97891],[-89.45581,29.97301],[-89.44802,29.96939],[-89.45228,29.96217],[-89.45168,29.95324],[-89.44739,29.95434],[-89.43381,29.96898],[-89.43536,29.97447],[-89.43272,29.9769],[-89.42389,29.97303],[-89.41979,29.97541],[-89.418,29.9717],[-89.42323,29.9704],[-89.424,29.96507],[-89.416,29.96203],[-89.4109,29.96762],[-89.41122,29.97149],[-89.40951,29.96584],[-89.40508,29.96377],[-89.40235,29.96384],[-89.40194,29.96759],[-89.39156,29.96585],[-89.38447,29.9612],[-89.37772,29.96422],[-89.38017,29.96157],[-89.37999,29.95687],[-89.39629,29.96109],[-89.39804,29.958],[-89.38791,29.94674],[-89.37952,29.94262],[-89.37759,29.92565],[-89.37951,29.92072],[-89.37436,29.90493],[-89.37081,29.90195],[-89.3717,29.89611],[-89.36833,29.89377],[-89.37247,29.89],[-89.37535,29.89426],[-89.3746,29.88806],[-89.37421,29.89034],[-89.37044,29.88782],[-89.36612,29.88851],[-89.36457,29.89048],[-89.36657,29.89174],[-89.36352,29.89279],[-89.3565,29.8917],[-89.35611,29.89752],[-89.35146,29.90308],[-89.35112,29.90739],[-89.34681,29.90641],[-89.3421,29.9101],[-89.35146,29.89621],[-89.34217,29.89317],[-89.3427,29.89051],[-89.35145,29.887],[-89.35423,29.8826],[-89.35148,29.87956],[-89.34569,29.87905],[-89.33851,29.88762],[-89.34067,29.8824],[-89.33773,29.87926],[-89.33823,29.87447],[-89.32956,29.87362],[-89.32811,29.86968],[-89.3202,29.87314],[-89.32903,29.86718],[-89.32916,29.86212],[-89.31414,29.86801],[-89.30985,29.8686],[-89.30755,29.86616],[-89.30669,29.86771],[-89.30894,29.86872],[-89.30349,29.87323],[-89.30663,29.87035],[-89.30505,29.86876],[-89.29935,29.86753],[-89.29964,29.87323],[-89.29559,29.87369],[-89.28608,29.86744],[-89.28722,29.86556],[-89.28515,29.86817],[-89.28237,29.867],[-89.27848,29.8717],[-89.27068,29.87091],[-89.27147,29.8629],[-89.26887,29.85614],[-89.27184,29.85799],[-89.27464,29.85428],[-89.29282,29.85974],[-89.29391,29.86242],[-89.28479,29.86269],[-89.28873,29.86597],[-89.29381,29.86315],[-89.29388,29.86595],[-89.29102,29.86613],[-89.29224,29.86826],[-89.30801,29.86476],[-89.31187,29.86656],[-89.31917,29.86503],[-89.31962,29.8615],[-89.31718,29.86015],[-89.31828,29.86313],[-89.31201,29.8656],[-89.31276,29.86238],[-89.30757,29.86386],[-89.30495,29.86139],[-89.30532,29.85821],[-89.31294,29.85591],[-89.31461,29.85285],[-89.31836,29.85481],[-89.32104,29.8601],[-89.3333,29.86033],[-89.34025,29.86742],[-89.34017,29.86448],[-89.33694,29.86265],[-89.34309,29.85884],[-89.34682,29.86278],[-89.3552,29.86254],[-89.3578,29.85261],[-89.35333,29.85112],[-89.35649,29.84837],[-89.38584,29.839],[-89.39178,29.83998],[-89.38577,29.83696],[-89.38214,29.82917],[-89.3867,29.82729],[-89.39209,29.83187],[-89.40327,29.8264],[-89.41141,29.82881],[-89.40865,29.82586],[-89.4133,29.82528],[-89.41346,29.82205],[-89.41782,29.81779],[-89.41601,29.81616],[-89.42261,29.81895],[-89.42019,29.81484],[-89.40623,29.81307],[-89.40776,29.81119],[-89.40103,29.81223],[-89.40256,29.81433],[-89.39738,29.81245],[-89.39019,29.81359],[-89.38922,29.81096],[-89.3754,29.80605],[-89.37759,29.80335],[-89.36823,29.80492],[-89.36454,29.79908],[-89.36315,29.80232],[-89.36114,29.79994],[-89.35629,29.80161],[-89.35261,29.79941],[-89.34241,29.79949],[-89.34428,29.79605],[-89.33887,29.79383],[-89.33829,29.78879],[-89.32796,29.78442],[-89.32305,29.78861],[-89.31969,29.78606],[-89.31299,29.78728],[-89.30635,29.79926],[-89.29177,29.8018],[-89.27756,29.80934],[-89.27721,29.80173],[-89.28331,29.80393],[-89.2872,29.80203],[-89.29687,29.79222],[-89.29708,29.7865],[-89.2983,29.78945],[-89.29999,29.78783],[-89.29642,29.78293],[-89.29494,29.78801],[-89.29445,29.78586],[-89.29079,29.78801],[-89.28268,29.78613],[-89.28287,29.78441],[-89.28888,29.78517],[-89.29106,29.78013],[-89.28894,29.77614],[-89.2914,29.77532],[-89.29078,29.77064],[-89.28154,29.76352],[-89.27528,29.7642],[-89.27526,29.76122],[-89.27283,29.7636],[-89.26949,29.75901],[-89.28306,29.76212],[-89.30611,29.75722],[-89.30957,29.76375],[-89.31609,29.76146],[-89.31785,29.76744],[-89.32867,29.77798],[-89.35246,29.78262],[-89.36349,29.78163],[-89.36655,29.77741],[-89.37185,29.78339],[-89.37743,29.785],[-89.37442,29.78616],[-89.3772,29.78912],[-89.37429,29.79134],[-89.38048,29.79201],[-89.38152,29.7894],[-89.38773,29.79204],[-89.39661,29.78908],[-89.40018,29.78473],[-89.39952,29.77868],[-89.40331,29.77765],[-89.40434,29.7744],[-89.39903,29.77044],[-89.40138,29.76767],[-89.4029,29.77016],[-89.40843,29.76964],[-89.40988,29.7605],[-89.41487,29.75681],[-89.41484,29.75239],[-89.41916,29.75189],[-89.41983,29.76247],[-89.41486,29.7753],[-89.42413,29.78206],[-89.41987,29.78801],[-89.41379,29.78604],[-89.41208,29.78803],[-89.42336,29.7884],[-89.424,29.79152],[-89.42545,29.77867],[-89.43511,29.78248],[-89.43612,29.7803],[-89.43716,29.78531],[-89.44627,29.79356],[-89.46245,29.7972],[-89.47369,29.80709],[-89.47469,29.80393],[-89.47007,29.80033],[-89.47233,29.79645],[-89.46602,29.79046],[-89.45202,29.78313],[-89.44924,29.77149],[-89.43797,29.76758],[-89.43947,29.76075],[-89.43682,29.75425],[-89.42603,29.73499],[-89.42215,29.73343],[-89.42329,29.73153],[-89.42803,29.7347],[-89.42397,29.72924],[-89.43197,29.73552],[-89.43207,29.73893],[-89.43764,29.74067],[-89.43706,29.74319],[-89.44375,29.74214],[-89.44346,29.74819],[-89.44949,29.75307],[-89.44364,29.75351],[-89.44249,29.75553],[-89.44459,29.75807],[-89.44361,29.75521],[-89.44759,29.75427],[-89.45307,29.75892],[-89.45212,29.76109],[-89.47707,29.76821],[-89.4761,29.76407],[-89.47352,29.76343],[-89.47791,29.75912],[-89.47675,29.75351],[-89.46078,29.75191],[-89.46649,29.74777],[-89.47194,29.73888],[-89.42709,29.7066],[-89.4278,29.70413],[-89.42381,29.69848],[-89.42976,29.70235],[-89.43256,29.70081],[-89.43281,29.69465],[-89.42903,29.69043],[-89.43307,29.68728],[-89.43029,29.68313],[-89.42423,29.68024],[-89.42758,29.67719],[-89.43616,29.68434],[-89.43892,29.6834],[-89.43779,29.68164],[-89.44366,29.6837],[-89.44167,29.68478],[-89.4429,29.6862],[-89.44771,29.68327],[-89.44314,29.6823],[-89.44705,29.68146],[-89.44734,29.68824],[-89.44941,29.68633],[-89.4662,29.6869],[-89.46555,29.69048],[-89.45692,29.68918],[-89.45781,29.69224],[-89.4618,29.69085],[-89.46408,29.69481],[-89.46906,29.6954],[-89.46747,29.70005],[-89.4698,29.70037],[-89.46707,29.70255],[-89.45618,29.69041],[-89.45277,29.68879],[-89.45107,29.69176],[-89.45589,29.69142],[-89.45513,29.6939],[-89.46046,29.69861],[-89.45726,29.69848],[-89.46763,29.70514],[-89.47062,29.70967],[-89.46416,29.70851],[-89.46973,29.71062],[-89.47143,29.70846],[-89.475,29.70944],[-89.46862,29.70518],[-89.47193,29.70363],[-89.47886,29.70825],[-89.48267,29.71503],[-89.48128,29.71778],[-89.47377,29.71549],[-89.47107,29.71803],[-89.47931,29.7217],[-89.48159,29.71869],[-89.48566,29.72098],[-89.48558,29.72351],[-89.48367,29.72325],[-89.48569,29.72454],[-89.49747,29.72446],[-89.49975,29.72677],[-89.49542,29.71612],[-89.49962,29.7197],[-89.49755,29.71947],[-89.49776,29.72128],[-89.50343,29.72424],[-89.50056,29.72534],[-89.50925,29.7268],[-89.51044,29.73132],[-89.50849,29.73262],[-89.50008,29.7293],[-89.50886,29.73576],[-89.50686,29.7386],[-89.50906,29.74073],[-89.5129,29.73934],[-89.50999,29.73604],[-89.52196,29.74039],[-89.52405,29.74406],[-89.53313,29.74617],[-89.54576,29.74335],[-89.54687,29.74635],[-89.54692,29.74326],[-89.56083,29.73707],[-89.56403,29.74161],[-89.56017,29.74354],[-89.56561,29.74225],[-89.57655,29.75471],[-89.58232,29.75732],[-89.58712,29.75138],[-89.58448,29.7485],[-89.59882,29.74969],[-89.60372,29.74573],[-89.60287,29.73702],[-89.60751,29.73166],[-89.60479,29.73004],[-89.60268,29.73358],[-89.60348,29.72878],[-89.59253,29.72848],[-89.587,29.7346],[-89.58862,29.73893],[-89.58592,29.73938],[-89.58581,29.72819],[-89.58061,29.72166],[-89.57996,29.71412],[-89.5813,29.7133],[-89.58121,29.71584],[-89.58796,29.72147],[-89.59938,29.72186],[-89.60557,29.71963],[-89.60456,29.71343],[-89.60743,29.71627],[-89.61151,29.71145],[-89.61354,29.71273],[-89.61277,29.71699],[-89.62016,29.71685],[-89.61866,29.72048],[-89.61153,29.7205],[-89.61082,29.72428],[-89.603,29.72484],[-89.61247,29.72639],[-89.60799,29.72749],[-89.61127,29.7326],[-89.60896,29.73952],[-89.61561,29.74831],[-89.62984,29.75502],[-89.6319,29.76174],[-89.63477,29.76029],[-89.63375,29.75734],[-89.63659,29.75768],[-89.63614,29.75461],[-89.64524,29.75136],[-89.64897,29.75228],[-89.65328,29.74923],[-89.65077,29.74122],[-89.65263,29.73721],[-89.64568,29.73407],[-89.65025,29.72695],[-89.64545,29.7192],[-89.65221,29.7206],[-89.64679,29.71222],[-89.63011,29.70731],[-89.62865,29.70864],[-89.63188,29.71343],[-89.62837,29.71349],[-89.62597,29.70962],[-89.6219,29.71294],[-89.6263,29.70756],[-89.61857,29.70065],[-89.61294,29.70532],[-89.61123,29.70422],[-89.61106,29.70701],[-89.60913,29.70323],[-89.59896,29.70568],[-89.58951,29.7031],[-89.59475,29.70163],[-89.59459,29.69813],[-89.59753,29.69705],[-89.59656,29.69428],[-89.60296,29.69794],[-89.59985,29.68471],[-89.60786,29.6844],[-89.61335,29.68999],[-89.61765,29.68914],[-89.61529,29.68816],[-89.61681,29.68493],[-89.61973,29.6852],[-89.63171,29.69148],[-89.62996,29.68693],[-89.61978,29.6836],[-89.61895,29.68027],[-89.60707,29.67875],[-89.59701,29.68404],[-89.58548,29.68001],[-89.58609,29.6769],[-89.57381,29.67477],[-89.57263,29.67113],[-89.56608,29.668],[-89.55817,29.66865],[-89.5598,29.67626],[-89.55484,29.67647],[-89.56431,29.6775],[-89.55427,29.68002],[-89.54887,29.67468],[-89.54978,29.6772],[-89.54705,29.68132],[-89.55429,29.68123],[-89.55199,29.68441],[-89.53816,29.6834],[-89.52914,29.68943],[-89.52722,29.69288],[-89.52858,29.69456],[-89.53629,29.69566],[-89.5248,29.69914],[-89.53952,29.704],[-89.52729,29.70942],[-89.53267,29.71316],[-89.52372,29.71313],[-89.52068,29.71627],[-89.52158,29.71064],[-89.51788,29.69962],[-89.50841,29.69964],[-89.50898,29.69645],[-89.50571,29.69641],[-89.50694,29.69389],[-89.50051,29.68978],[-89.50764,29.69238],[-89.51838,29.69236],[-89.52323,29.69526],[-89.52407,29.69192],[-89.52137,29.6889],[-89.5241,29.68358],[-89.52879,29.68315],[-89.52927,29.68045],[-89.52007,29.6752],[-89.5165,29.67609],[-89.51233,29.67263],[-89.51267,29.67016],[-89.52431,29.67623],[-89.52956,29.67428],[-89.52972,29.67756],[-89.53462,29.66959],[-89.52814,29.66691],[-89.52888,29.66377],[-89.51965,29.65868],[-89.52644,29.65791],[-89.50772,29.64945],[-89.49695,29.63553],[-89.488,29.63199],[-89.4858,29.62293],[-89.512,29.64374],[-89.51614,29.64869],[-89.51263,29.64952],[-89.51451,29.65156],[-89.51674,29.65195],[-89.51648,29.64998],[-89.525,29.65293],[-89.5453,29.6537],[-89.55611,29.661],[-89.56647,29.66116],[-89.57095,29.66523],[-89.58121,29.66619],[-89.59911,29.67468],[-89.62572,29.67893],[-89.64748,29.70061],[-89.65856,29.70795],[-89.68382,29.71577],[-89.68762,29.72075],[-89.69189,29.73803],[-89.70576,29.75313],[-89.71935,29.75744],[-89.73384,29.75872],[-89.75803,29.75853],[-89.76773,29.75533],[-89.78181,29.75663],[-89.79195,29.76279],[-89.79147,29.76777],[-89.78622,29.7733],[-89.80756,29.79716],[-89.8164,29.80133],[-89.82886,29.80164],[-89.86071,29.79291],[-89.86823,29.79449],[-89.87531,29.80609],[-89.87949,29.80891],[-89.87879,29.8155],[-89.88985,29.82709],[-89.90289,29.85028],[-89.90979,29.86609],[-89.90741,29.86731],[-89.91541,29.87592],[-89.92731,29.8999],[-89.98437,29.91931],[-89.9801,29.93048],[-90.00989,29.94891],[-89.99091,29.98633],[-89.9801,29.98749],[-89.97308,29.9939],[-89.95978,29.98547],[-89.9566,29.98608],[-89.95282,29.9809],[-89.94061,29.98071],[-89.9389,29.98431],[-89.9162,29.99432],[-89.90619,30.00232],[-89.8902,30.00049],[-89.88501,29.99591],[-89.88422,29.98993],[-89.8797,29.98572],[-89.87018,29.99371],[-89.86542,29.98889],[-89.8598,29.99048],[-89.85962,29.99329],[-89.8642,29.99768],[-89.85669,30.00232],[-89.8534,29.99325],[-89.85211,29.97823],[-89.83862,29.94362],[-89.81921,29.93484],[-89.80359,29.93307],[-89.77478,29.93783],[-89.74933,29.94582],[-89.7312,29.95785],[-89.72321,29.95662],[-89.7146,29.94985],[-89.71369,29.94647],[-89.73669,29.93652],[-89.74625,29.93775],[-89.74872,29.93231],[-89.74494,29.93731],[-89.74577,29.93058],[-89.75177,29.9281],[-89.75224,29.92489],[-89.75656,29.92223],[-89.75591,29.91932],[-89.749,29.91737],[-89.75587,29.92184],[-89.7513,29.92486],[-89.75159,29.9274],[-89.74627,29.92822],[-89.7439,29.91342],[-89.75005,29.91464],[-89.74362,29.91126],[-89.74222,29.90074],[-89.74004,29.9014],[-89.74323,29.90398],[-89.74213,29.90844],[-89.73785,29.90355],[-89.72557,29.89707],[-89.71332,29.88186],[-89.70483,29.87565],[-89.71307,29.8804],[-89.72202,29.89041],[-89.71468,29.88106],[-89.70394,29.87242],[-89.70433,29.87542],[-89.69023,29.86887],[-89.67537,29.86845],[-89.67815,29.85836],[-89.67418,29.86944],[-89.6628,29.86399],[-89.65211,29.86383],[-89.64825,29.85986],[-89.65056,29.86188],[-89.64917,29.86399],[-89.6298,29.86642],[-89.60994,29.87447],[-89.60837,29.8729],[-89.60916,29.87491],[-89.59767,29.88135],[-89.59365,29.8868],[-89.58939,29.90016],[-89.59145,29.89578],[-89.59339,29.91823],[-89.58241,29.93147],[-89.58167,29.94251],[-89.57856,29.9471],[-89.58177,29.94485],[-89.58325,29.94671],[-89.57178,29.96517],[-89.57261,29.98118],[-89.58018,29.9902],[-89.58114,29.99462],[-89.57286,29.99987],[-89.56879,29.99797],[-89.55581,30.00097],[-89.5531,30.00581],[-89.54565,30.00821],[-89.53518,30.01666],[-89.52689,30.0184],[-89.50801,30.02822],[-89.49778,30.03662],[-89.49244,30.04716],[-89.49429,30.04766],[-89.49579,30.05629],[-89.49893,30.05705],[-89.49406,30.06147],[-89.49911,30.06067],[-89.49312,30.06631],[-89.49443,30.07206],[-89.48777,30.07582],[-89.48506,30.08058],[-89.48111,30.07877]]],[[[-89.38809,30.05351],[-89.37064,30.05355],[-89.37505,30.05176],[-89.36797,30.04986],[-89.37577,30.04915],[-89.3802,30.04375],[-89.37965,30.04022],[-89.37278,30.03772],[-89.37375,30.0332],[-89.38958,30.035],[-89.39087,30.04052],[-89.38852,30.04364],[-89.39239,30.04852],[-89.39463,30.0452],[-89.40032,30.04362],[-89.4065,30.04467],[-89.40761,30.04825],[-89.40358,30.04985],[-89.40305,30.0526],[-89.39739,30.04953],[-89.38982,30.05443],[-89.38809,30.05351]]],[[[-89.43474,29.99415],[-89.43365,29.99179],[-89.4405,29.99488],[-89.44279,30.00026],[-89.43474,29.99415]]],[[[-89.35075,29.91321],[-89.34118,29.91234],[-89.34734,29.90698],[-89.35212,29.90879],[-89.35156,29.91174],[-89.35385,29.91055],[-89.35448,29.91316],[-89.35075,29.91321]]],[[[-89.33839,29.90831],[-89.33191,29.90891],[-89.33673,29.90141],[-89.33939,29.90464],[-89.34538,29.90187],[-89.34196,29.89527],[-89.34977,29.89706],[-89.34294,29.90762],[-89.33839,29.90831]]],[[[-89.34254,29.90226],[-89.3405,29.89862],[-89.33739,29.90057],[-89.33851,29.89637],[-89.34349,29.89811],[-89.34441,29.9018],[-89.34254,29.90226]]],[[[-89.32185,29.89667],[-89.31964,29.89374],[-89.32388,29.88957],[-89.33644,29.88581],[-89.32821,29.89773],[-89.32351,29.89622],[-89.32163,29.89908],[-89.32185,29.89667]]],[[[-89.23765,29.88867],[-89.23894,29.8809],[-89.23657,29.87937],[-89.24276,29.87444],[-89.24221,29.87727],[-89.24949,29.87784],[-89.25658,29.87302],[-89.25588,29.8685],[-89.2517,29.86777],[-89.2615,29.86596],[-89.26894,29.8692],[-89.26777,29.87169],[-89.26221,29.87153],[-89.26371,29.87545],[-89.256,29.8746],[-89.25287,29.87801],[-89.25778,29.88042],[-89.26104,29.88587],[-89.26482,29.8867],[-89.26264,29.88899],[-89.25776,29.88622],[-89.23941,29.88716],[-89.23726,29.89426],[-89.23463,29.89595],[-89.23765,29.88867]]],[[[-89.27734,29.88299],[-89.2796,29.88114],[-89.27742,29.87832],[-89.28287,29.87816],[-89.28177,29.87536],[-89.27712,29.87744],[-89.27112,29.87442],[-89.26199,29.87914],[-89.26608,29.87465],[-89.26373,29.87123],[-89.27747,29.87325],[-89.28564,29.86961],[-89.29031,29.87058],[-89.29291,29.87447],[-89.29108,29.87597],[-89.29209,29.87995],[-89.289,29.88089],[-89.29004,29.87832],[-89.28667,29.87855],[-89.28854,29.8799],[-89.27555,29.8848],[-89.27734,29.88299]]],[[[-89.30831,29.88146],[-89.28683,29.88135],[-89.29514,29.88095],[-89.30088,29.87465],[-89.3177,29.87456],[-89.3092,29.87835],[-89.31391,29.8811],[-89.31194,29.8832],[-89.30831,29.88146]]],[[[-89.32125,29.87479],[-89.32714,29.87229],[-89.32611,29.87497],[-89.32125,29.87479]]],[[[-89.29549,29.86013],[-89.29654,29.85974],[-89.29688,29.85937],[-89.29724,29.85928],[-89.29783,29.85942],[-89.29861,29.86001],[-89.30023,29.85992],[-89.30046,29.8601],[-89.29809,29.8613],[-89.29734,29.86137],[-89.29639,29.86086],[-89.29557,29.8607],[-89.29536,29.86029],[-89.29549,29.86013]]],[[[-89.33536,29.85765],[-89.33084,29.85699],[-89.32986,29.8525],[-89.32899,29.85593],[-89.3205,29.85509],[-89.31909,29.85193],[-89.32751,29.84938],[-89.33228,29.85392],[-89.33646,29.85385],[-89.3424,29.84757],[-89.34532,29.85339],[-89.33636,29.85719],[-89.3377,29.85815],[-89.33532,29.86111],[-89.33536,29.85765]]],[[[-89.26934,29.8541],[-89.26803,29.85268],[-89.27063,29.85364],[-89.26905,29.85211],[-89.27271,29.8494],[-89.28018,29.84886],[-89.27988,29.85234],[-89.2866,29.85067],[-89.28942,29.85367],[-89.28018,29.85559],[-89.27512,29.85066],[-89.27179,29.85392],[-89.27197,29.85717],[-89.26934,29.8541]]],[[[-89.33134,29.8478],[-89.32082,29.84734],[-89.32332,29.84657],[-89.32285,29.84146],[-89.32697,29.83786],[-89.32311,29.8265],[-89.32751,29.82304],[-89.32781,29.82615],[-89.33359,29.82998],[-89.33646,29.83589],[-89.34305,29.83916],[-89.34265,29.84157],[-89.33551,29.83951],[-89.33073,29.84123],[-89.33015,29.84544],[-89.33628,29.84835],[-89.33134,29.8478]]],[[[-89.31854,29.83447],[-89.31612,29.83069],[-89.30908,29.82897],[-89.311,29.82476],[-89.30685,29.81958],[-89.30676,29.81493],[-89.31149,29.81628],[-89.308,29.818],[-89.31065,29.82095],[-89.31205,29.81853],[-89.31102,29.82249],[-89.31307,29.82453],[-89.32327,29.82045],[-89.31966,29.82391],[-89.32135,29.82496],[-89.32017,29.82927],[-89.3225,29.83069],[-89.32009,29.83355],[-89.32561,29.83772],[-89.32365,29.83994],[-89.31886,29.83866],[-89.31854,29.83447]]],[[[-89.36029,29.82895],[-89.359,29.82312],[-89.34586,29.82028],[-89.34268,29.8119],[-89.34791,29.81712],[-89.35822,29.81016],[-89.36102,29.81309],[-89.36654,29.81384],[-89.37383,29.81281],[-89.37026,29.81185],[-89.37167,29.81017],[-89.37442,29.81204],[-89.37431,29.81031],[-89.37993,29.81061],[-89.37999,29.81453],[-89.39053,29.81728],[-89.39199,29.82099],[-89.39662,29.81994],[-89.39502,29.81754],[-89.39973,29.82003],[-89.41098,29.81509],[-89.41404,29.81731],[-89.40934,29.82084],[-89.38796,29.82388],[-89.37913,29.81652],[-89.36738,29.81659],[-89.36922,29.81934],[-89.37543,29.81897],[-89.38104,29.82413],[-89.36029,29.82895]]],[[[-89.64856,29.73961],[-89.64859,29.73769],[-89.65124,29.73753],[-89.64856,29.73961]]],[[[-89.64772,29.7365],[-89.64789,29.73647],[-89.64806,29.73647],[-89.64832,29.73684],[-89.64838,29.73718],[-89.64801,29.73737],[-89.64775,29.73705],[-89.64772,29.7365]]],[[[-89.52841,29.73444],[-89.52574,29.73254],[-89.53065,29.73116],[-89.52319,29.73148],[-89.5239,29.72681],[-89.53335,29.73027],[-89.53661,29.7269],[-89.54301,29.72532],[-89.54282,29.72965],[-89.54589,29.73078],[-89.54705,29.72865],[-89.5444,29.72645],[-89.54855,29.71907],[-89.54235,29.71829],[-89.55117,29.71525],[-89.55177,29.7226],[-89.54922,29.72747],[-89.56203,29.73155],[-89.55503,29.73217],[-89.55146,29.72991],[-89.55083,29.73164],[-89.55385,29.73247],[-89.54862,29.73197],[-89.54345,29.73513],[-89.54075,29.72858],[-89.53539,29.73013],[-89.53209,29.73529],[-89.52841,29.73444]]],[[[-89.51159,29.73244],[-89.50941,29.72949],[-89.5117,29.728],[-89.51917,29.73045],[-89.51408,29.7304],[-89.51613,29.73311],[-89.51159,29.73244]]],[[[-89.42837,29.72707],[-89.42808,29.72315],[-89.43215,29.72301],[-89.42758,29.72129],[-89.42824,29.71463],[-89.42283,29.70973],[-89.42619,29.70709],[-89.42992,29.7095],[-89.4274,29.71092],[-89.43023,29.7133],[-89.43579,29.71417],[-89.43057,29.71435],[-89.43049,29.71703],[-89.43616,29.71868],[-89.43732,29.71479],[-89.44099,29.71774],[-89.43742,29.72012],[-89.44028,29.72643],[-89.43149,29.72716],[-89.4327,29.7305],[-89.42853,29.72936],[-89.42837,29.72707]]],[[[-89.61043,29.72797],[-89.61064,29.72781],[-89.61163,29.72793],[-89.61187,29.7287],[-89.61174,29.7293],[-89.6104,29.72831],[-89.61043,29.72797]]],[[[-89.56269,29.72615],[-89.55823,29.72409],[-89.55831,29.72047],[-89.5607,29.72248],[-89.56048,29.7193],[-89.56471,29.72108],[-89.56442,29.71374],[-89.572,29.71364],[-89.5661,29.71877],[-89.56754,29.72374],[-89.56476,29.7228],[-89.56621,29.72439],[-89.56334,29.72544],[-89.56516,29.72629],[-89.56269,29.72615]]],[[[-89.62129,29.724],[-89.62397,29.72393],[-89.62189,29.72235],[-89.62281,29.71773],[-89.62739,29.71991],[-89.62834,29.71741],[-89.6297,29.71844],[-89.62689,29.72231],[-89.62543,29.7203],[-89.62543,29.72432],[-89.62129,29.724]]],[[[-89.52852,29.72388],[-89.52225,29.72218],[-89.52301,29.71453],[-89.5275,29.71943],[-89.52524,29.72202],[-89.52781,29.72069],[-89.53395,29.72328],[-89.52852,29.72388]]],[[[-89.53928,29.71946],[-89.54054,29.71671],[-89.54143,29.72028],[-89.53779,29.72177],[-89.53928,29.71946]]],[[[-89.48314,29.7189],[-89.48348,29.71837],[-89.48388,29.71835],[-89.48458,29.71872],[-89.48498,29.71858],[-89.48531,29.71888],[-89.48555,29.7195],[-89.4855,29.72],[-89.48524,29.72018],[-89.48403,29.72027],[-89.4833,29.71972],[-89.48314,29.7189]]],[[[-89.58762,29.71755],[-89.5927,29.71423],[-89.58977,29.71914],[-89.58762,29.71755]]],[[[-89.64014,29.71748],[-89.63477,29.71773],[-89.62976,29.71395],[-89.6366,29.71457],[-89.63999,29.71187],[-89.63868,29.71435],[-89.64416,29.716],[-89.64014,29.71748]]],[[[-89.5762,29.71147],[-89.57893,29.7138],[-89.5751,29.71387],[-89.5762,29.71147]]],[[[-89.56224,29.71046],[-89.56119,29.7133],[-89.55899,29.71271],[-89.56224,29.71046]]],[[[-89.60163,29.7128],[-89.60126,29.71253],[-89.60074,29.71256],[-89.60045,29.71286],[-89.60011,29.7129],[-89.59998,29.71274],[-89.60003,29.71137],[-89.59953,29.70951],[-89.59953,29.70901],[-89.59992,29.70887],[-89.60065,29.70919],[-89.60087,29.70972],[-89.6006,29.71061],[-89.60063,29.71111],[-89.60173,29.71164],[-89.60249,29.71244],[-89.60252,29.71276],[-89.60213,29.71299],[-89.60163,29.7128]]],[[[-89.60605,29.70903],[-89.60449,29.70868],[-89.6095,29.71088],[-89.60605,29.70903]]],[[[-89.60145,29.71093],[-89.60157,29.70733],[-89.60446,29.70711],[-89.60145,29.71093]]],[[[-89.56172,29.70524],[-89.55655,29.70278],[-89.55634,29.7002],[-89.57024,29.70546],[-89.564,29.70934],[-89.56442,29.70688],[-89.56172,29.70524]]],[[[-89.60561,29.7044],[-89.60897,29.70383],[-89.60755,29.70633],[-89.61141,29.70905],[-89.60724,29.708],[-89.60561,29.7044]]],[[[-89.5814,29.7065],[-89.57418,29.70569],[-89.58386,29.70249],[-89.58664,29.70363],[-89.58646,29.7064],[-89.58161,29.70906],[-89.5814,29.7065]]],[[[-89.54553,29.7039],[-89.54052,29.70228],[-89.54737,29.70207],[-89.54734,29.69866],[-89.55222,29.69994],[-89.55143,29.70439],[-89.54553,29.7039]]],[[[-89.56421,29.70287],[-89.56429,29.7026],[-89.56492,29.70276],[-89.5655,29.70319],[-89.56563,29.70377],[-89.56531,29.70382],[-89.56484,29.70361],[-89.56421,29.70287]]],[[[-89.53249,29.69721],[-89.53286,29.69667],[-89.5333,29.69687],[-89.5343,29.69692],[-89.53456,29.69706],[-89.53467,29.69749],[-89.53399,29.69818],[-89.53244,29.6987],[-89.53207,29.69839],[-89.53173,29.69761],[-89.53184,29.69731],[-89.53249,29.69721]]],[[[-89.59003,29.696],[-89.59081,29.69598],[-89.59196,29.69712],[-89.59092,29.69737],[-89.59066,29.69733],[-89.59021,29.69685],[-89.58958,29.69671],[-89.58958,29.6965],[-89.59003,29.696]]],[[[-89.54564,29.69179],[-89.54624,29.69355],[-89.54257,29.69518],[-89.54564,29.69179]]],[[[-89.60149,29.69481],[-89.60086,29.69462],[-89.59949,29.69474],[-89.59845,29.69453],[-89.59808,29.69433],[-89.598,29.69387],[-89.59958,29.69366],[-89.60083,29.69364],[-89.60162,29.6938],[-89.60199,29.69403],[-89.60207,29.69446],[-89.60178,29.69485],[-89.60149,29.69481]]],[[[-89.45353,29.66771],[-89.45562,29.66416],[-89.45932,29.66389],[-89.46165,29.66764],[-89.46114,29.66386],[-89.46352,29.66455],[-89.46148,29.67916],[-89.46363,29.68624],[-89.45274,29.68333],[-89.45353,29.66771]]],[[[-89.45023,29.68437],[-89.44959,29.68024],[-89.44283,29.6755],[-89.45061,29.67291],[-89.44033,29.67472],[-89.44196,29.67119],[-89.44841,29.6714],[-89.44752,29.66407],[-89.45153,29.66324],[-89.4498,29.66565],[-89.45397,29.67293],[-89.44886,29.67706],[-89.4535,29.68476],[-89.45023,29.68437]]],[[[-89.47074,29.68083],[-89.47147,29.67735],[-89.47179,29.68074],[-89.4741,29.6812],[-89.47077,29.68475],[-89.47074,29.68083]]],[[[-89.55411,29.68382],[-89.55542,29.68164],[-89.5593,29.6834],[-89.55411,29.68382]]],[[[-89.51324,29.68152],[-89.51355,29.68122],[-89.51481,29.68145],[-89.51489,29.68189],[-89.51437,29.68237],[-89.51305,29.68294],[-89.51295,29.68248],[-89.51327,29.68184],[-89.51324,29.68152]]],[[[-89.57961,29.68059],[-89.58024,29.67869],[-89.58289,29.68077],[-89.57801,29.68153],[-89.57961,29.68059]]],[[[-89.43834,29.67846],[-89.43878,29.67836],[-89.44049,29.67914],[-89.44143,29.68045],[-89.44102,29.68065],[-89.43954,29.67997],[-89.43826,29.67894],[-89.43816,29.67866],[-89.43834,29.67846]]],[[[-89.51736,29.6771],[-89.51993,29.68008],[-89.51707,29.67923],[-89.51736,29.6771]]],[[[-89.47011,29.67502],[-89.46578,29.67454],[-89.46497,29.67176],[-89.46722,29.67449],[-89.4699,29.67362],[-89.46683,29.66938],[-89.47301,29.6722],[-89.47157,29.67637],[-89.47011,29.67502]]],[[[-89.43619,29.66359],[-89.4306,29.6572],[-89.43524,29.65546],[-89.44319,29.65976],[-89.44099,29.66116],[-89.4396,29.65818],[-89.43564,29.65848],[-89.44196,29.66313],[-89.43889,29.66368],[-89.4397,29.66753],[-89.43619,29.66359]]],[[[-89.46475,29.66588],[-89.46509,29.66579],[-89.46548,29.66606],[-89.4657,29.66663],[-89.46614,29.66718],[-89.46612,29.6675],[-89.46585,29.66766],[-89.46389,29.66709],[-89.46399,29.66654],[-89.46475,29.66588]]],[[[-89.46887,29.66601],[-89.46929,29.66595],[-89.47052,29.66649],[-89.47081,29.66686],[-89.47084,29.66723],[-89.47039,29.66739],[-89.4695,29.66704],[-89.46882,29.66638],[-89.46887,29.66601]]],[[[-89.44453,29.66467],[-89.445,29.66457],[-89.44518,29.66478],[-89.44516,29.66515],[-89.4435,29.66643],[-89.44293,29.66677],[-89.44264,29.66675],[-89.44264,29.6665],[-89.44374,29.66519],[-89.44453,29.66467]]],[[[-89.46668,29.66429],[-89.46386,29.65935],[-89.46564,29.65692],[-89.4649,29.65992],[-89.47021,29.66216],[-89.46668,29.66429]]],[[[-89.45363,29.66242],[-89.4556,29.66056],[-89.4578,29.6618],[-89.45363,29.66242]]],[[[-89.44271,29.66134],[-89.44377,29.65896],[-89.4471,29.66052],[-89.45064,29.65907],[-89.44742,29.65647],[-89.44453,29.65715],[-89.44468,29.65394],[-89.44269,29.65431],[-89.44363,29.6583],[-89.43695,29.65585],[-89.43948,29.65079],[-89.4461,29.65138],[-89.45279,29.65832],[-89.45295,29.66217],[-89.44122,29.66196],[-89.44271,29.66134]]],[[[-89.51167,29.659],[-89.50596,29.65526],[-89.51726,29.65747],[-89.51167,29.659]]],[[[-89.46178,29.65385],[-89.45164,29.65424],[-89.45077,29.65206],[-89.46684,29.64991],[-89.46679,29.65335],[-89.46233,29.65676],[-89.46178,29.65385]]],[[[-89.46918,29.64994],[-89.47246,29.65284],[-89.46915,29.65579],[-89.46918,29.64994]]],[[[-89.46587,29.64008],[-89.46918,29.64095],[-89.46831,29.64721],[-89.46587,29.64008]]]]}},{"type":"Feature","properties":{"layer":"county","state":"LA","cwa":"LIX","name":"Tangipahoa","fips":"22105"},"geometry":{"type":"Polygon","coordinates":[[[-90.54779,31.00067],[-90.34699,31.00031],[-90.34528,30.90552],[-90.33389,30.90511],[-90.3339,30.90191],[-90.3299,30.90131],[-90.3299,30.89093],[-90.31799,30.89093],[-90.31628,30.87988],[-90.31799,30.87292],[-90.30902,30.85492],[-90.3005,30.85011],[-90.297,30.84301],[-90.29608,30.83087],[-90.291,30.82081],[-90.2943,30.81342],[-90.2926,30.80652],[-90.27917,30.79352],[-90.2793,30.78589],[-90.27582,30.77728],[-90.2652,30.76871],[-90.2636,30.76491],[-90.26562,30.75153],[-90.26172,30.74811],[-90.26038,30.7395],[-90.25449,30.73641],[-90.25729,30.70971],[-90.2511,30.6957],[-90.2512,30.66991],[-90.25311,30.66771],[-90.24988,30.66193],[-90.24988,30.65289],[-90.24451,30.6463],[-90.24561,30.6347],[-90.25061,30.62311],[-90.24738,30.60229],[-90.24339,30.59361],[-90.24811,30.58752],[-90.24509,30.57601],[-90.24359,30.36389],[-90.26648,30.34412],[-90.26898,30.34052],[-90.26788,30.33854],[-90.27703,30.33111],[-90.29902,30.29773],[-90.31,30.29529],[-90.32081,30.29875],[-90.3322,30.29541],[-90.35052,30.29636],[-90.3745,30.28341],[-90.38239,30.28641],[-90.40203,30.28531],[-90.40249,30.28793],[-90.41627,30.29077],[-90.42639,30.29563],[-90.42883,30.29968],[-90.41669,30.31128],[-90.41862,30.3138],[-90.43571,30.32601],[-90.44503,30.32561],[-90.46771,30.33411],[-90.47509,30.34139],[-90.4737,30.34446],[-90.47791,30.35632],[-90.48138,30.35809],[-90.4891,30.35581],[-90.4886,30.36222],[-90.49298,30.36609],[-90.50208,30.36249],[-90.504,30.36901],[-90.49989,30.37591],[-90.501,30.38251],[-90.50588,30.38844],[-90.51,30.38891],[-90.5147,30.39312],[-90.51153,30.39529],[-90.5154,30.4073],[-90.52051,30.41132],[-90.5206,30.41461],[-90.5355,30.42181],[-90.5463,30.43111],[-90.54707,30.43869],[-90.54993,30.44189],[-90.54742,30.44909],[-90.55299,30.46001],[-90.5513,30.46931],[-90.5579,30.47941],[-90.5574,30.48401],[-90.5655,30.48681],[-90.5671,30.49511],[-90.56732,30.55371],[-90.5672,30.99971],[-90.54779,31.00067]]]}},{"type":"Feature","properties":{"layer":"county","state":"MS","cwa":"JAN","name":"Jasper","fips":"28061"},"geometry":{"type":"Polygon","coordinates":[[[-88.9137,32.22461],[-88.9105,31.82661],[-89.3164,31.80241],[-89.3171,31.87431],[-89.32079,31.87471],[-89.3211,31.88151],[-89.32269,32.22351],[-88.9137,32.22461]]]}},{"type":"Feature","properties":{"layer":"county","state":"MS","cwa":"JAN","name":"Forrest","fips":"28035"},"geometry":{"type":"Polygon","coordinates":[[[-89.3483,31.43441],[-89.1458,31.43381],[-89.14619,31.00041],[-89.1383,31.00031],[-89.1372,30.90991],[-89.34082,30.9093],[-89.34089,31.00067],[-89.34869,31.00111],[-89.34978,31.01049],[-89.34779,31.34561],[-89.45,31.34641],[-89.45139,31.38011],[-89.4516,31.43401],[-89.3483,31.43441]]]}}]}
