{"type":"FeatureCollection","features":[{"type":"Feature","properties":{"layer":"cwa","wfo":"LIX","station":"KLIX"},"geometry":{"type":"MultiPolygon","coordinates":[[[[-90.23397,29.09146],[-90.23467,29.09146],[-90.23459,29.09183],[-90.23418,29.09188],[-90.23397,29.09174],[-90.23397,29.09146]]],[[[-90.17693,29.10963],[-90.17732,29.10956],[-90.17738,29.10982],[-90.17719,29.11004],[-90.17677,29.11014],[-90.17673,29.10979],[-90.17693,29.10963]]],[[[-90.1666,29.11288],[-90.16692,29.11286],[-90.16702,29.1132],[-90.16684,29.11352],[-90.16619,29.11391],[-90.16621,29.11311],[-90.1666,29.11288]]],[[[-90.16405,29.11458],[-90.16471,29.11413],[-90.16501,29.11416],[-90.16504,29.11439],[-90.1647,29.11474],[-90.16428,29.11485],[-90.16405,29.11474],[-90.16405,29.11458]]],[[[-90.16251,29.11542],[-90.16329,29.1154],[-90.16311,29.1162],[-90.16425,29.1176],[-90.16436,29.11781],[-90.16425,29.1179],[-90.16389,29.11792],[-90.16269,29.11673],[-90.16245,29.11622],[-90.16251,29.11542]]],[[[-90.8754,29.23258],[-90.87355,29.23041],[-90.86985,29.23011],[-90.87207,29.22658],[-90.87684,29.23217],[-90.88099,29.23039],[-90.87813,29.23677],[-90.8754,29.23258]]],[[[-91.05755,29.24345],[-91.05909,29.24696],[-91.05674,29.24762],[-91.05755,29.24345]]],[[[-91.2961,29.25271],[-91.29639,29.25245],[-91.29681,29.25259],[-91.29681,29.25289],[-91.29655,29.25308],[-91.2961,29.25294],[-91.2961,29.25271]]],[[[-91.29819,29.25367],[-91.29851,29.25326],[-91.29895,29.2534],[-91.2988,29.25376],[-91.29819,29.25367]]],[[[-91.29446,29.25436],[-91.29485,29.25431],[-91.29506,29.25445],[-91.29506,29.2547],[-91.29438,29.25491],[-91.29422,29.25461],[-91.29446,29.25436]]],[[[-91.29694,29.2545],[-91.29728,29.25438],[-91.29751,29.25447],[-91.29751,29.25468],[-91.29738,29.25488],[-91.29694,29.25498],[-91.29684,29.25486],[-91.29694,29.2545]]],[[[-91.29341,29.25546],[-91.29388,29.25546],[-91.29398,29.25559],[-91.29388,29.25582],[-91.2933,29.25596],[-91.29325,29.25571],[-91.29341,29.25546]]],[[[-91.29581,29.25575],[-91.29629,29.25575],[-91.29629,29.25606],[-91.29607,29.25626],[-91.29563,29.25624],[-91.29581,29.25575]]],[[[-91.29469,29.25699],[-91.29498,29.25658],[-91.29537,29.25674],[-91.29514,29.25718],[-91.29475,29.25713],[-91.29469,29.25699]]],[[[-91.30826,29.2614],[-91.3086,29.26126],[-91.30886,29.26137],[-91.30886,29.26169],[-91.30823,29.2619],[-91.3081,29.26181],[-91.30826,29.2614]]],[[[-91.30714,29.26236],[-91.30755,29.26227],[-91.30771,29.26256],[-91.3075,29.26282],[-91.30711,29.26286],[-91.30695,29.26275],[-91.30714,29.26236]]],[[[-91.30915,29.26332],[-91.30944,29.26304],[-91.30983,29.26314],[-91.30982,29.26336],[-91.30933,29.26359],[-91.30915,29.26332]]],[[[-91.30573,29.26408],[-91.30601,29.26362],[-91.30645,29.26375],[-91.30645,29.26392],[-91.30596,29.26422],[-91.30573,29.26408]]],[[[-91.30847,29.26401],[-91.30894,29.2639],[-91.30915,29.26408],[-91.30907,29.26435],[-91.30855,29.26449],[-91.30842,29.26438],[-91.30847,29.26401]]],[[[-91.30742,29.26497],[-91.30774,29.26493],[-91.30795,29.26509],[-91.30768,29.26561],[-91.30732,29.26563],[-91.30719,29.26545],[-91.30742,29.26497]]],[[[-89.9499,29.26271],[-89.9606,29.25023],[-89.963,29.25023],[-90.01696,29.21943],[-90.02903,29.21078],[-90.04115,29.1989],[-90.04436,29.20049],[-90.04323,29.20339],[-90.03797,29.20537],[-90.03568,29.209],[-90.02502,29.21771],[-90.02535,29.21889],[-90.02321,29.2194],[-90.02113,29.22287],[-90.02182,29.22444],[-90.01801,29.22595],[-90.01592,29.22972],[-90.00811,29.2335],[-90.00726,29.23213],[-90.0061,29.23281],[-90.00532,29.23477],[-90.00762,29.23554],[-90.00632,29.23696],[-90.0072,29.23815],[-90.00443,29.23777],[-90.00091,29.24065],[-89.99899,29.23958],[-89.99397,29.24084],[-89.97602,29.25327],[-89.97491,29.25216],[-89.97511,29.25344],[-89.96983,29.25498],[-89.96812,29.25358],[-89.96896,29.25516],[-89.96741,29.25648],[-89.96488,29.25452],[-89.96669,29.25704],[-89.96167,29.26254],[-89.95781,29.26398],[-89.95784,29.26698],[-89.9499,29.26271]]],[[[-90.9848,29.29126],[-90.98568,29.29055],[-90.98605,29.29082],[-90.98552,29.2912],[-90.98513,29.29174],[-90.9848,29.29126]]],[[[-91.33162,29.30882],[-91.33253,29.30829],[-91.33287,29.30836],[-91.33282,29.30859],[-91.33188,29.30943],[-91.33154,29.30939],[-91.33162,29.30882]]],[[[-91.30963,29.30827],[-91.31078,29.30939],[-91.30945,29.30952],[-91.30963,29.30827]]],[[[-90.35387,29.31351],[-90.34773,29.30955],[-90.35132,29.30791],[-90.34513,29.3041],[-90.34471,29.30115],[-90.34978,29.30565],[-90.35334,29.30614],[-90.35309,29.30925],[-90.35424,29.30851],[-90.35654,29.31035],[-90.35552,29.31431],[-90.35387,29.31351]]],[[[-90.35378,29.32496],[-90.35083,29.32205],[-90.35213,29.31995],[-90.3551,29.32181],[-90.35378,29.32496]]],[[[-91.34522,29.32504],[-91.34559,29.32476],[-91.34647,29.32495],[-91.34655,29.32543],[-91.34611,29.32584],[-91.34541,29.32575],[-91.34514,29.32543],[-91.34522,29.32504]]],[[[-91.34506,29.33262],[-91.34333,29.33016],[-91.34061,29.32964],[-91.34608,29.32764],[-91.34987,29.33007],[-91.3464,29.33],[-91.34945,29.33186],[-91.34506,29.33262]]],[[[-91.23217,29.3738],[-91.23653,29.36805],[-91.2376,29.35941],[-91.23605,29.35349],[-91.23166,29.34527],[-91.21975,29.33141],[-91.2243,29.32765],[-91.21912,29.3287],[-91.2151,29.32442],[-91.21436,29.3208],[-91.22848,29.3177],[-91.22827,29.31672],[-91.21906,29.31873],[-91.21721,29.31484],[-91.21558,29.31754],[-91.21828,29.31892],[-91.21388,29.31963],[-91.19382,29.31021],[-91.18169,29.3206],[-91.17588,29.32326],[-91.17421,29.3304],[-91.1626,29.32942],[-91.16254,29.32262],[-91.16038,29.31824],[-91.16631,29.31056],[-91.16752,29.30607],[-91.16914,29.29484],[-91.16708,29.28663],[-91.17068,29.2801],[-91.16839,29.27325],[-91.17051,29.27222],[-91.17032,29.2675],[-91.16577,29.26534],[-91.16261,29.2606],[-91.15365,29.25737],[-91.15537,29.25498],[-91.16235,29.25542],[-91.16452,29.25395],[-91.16617,29.25141],[-91.16556,29.24895],[-91.1715,29.2404],[-91.17158,29.23784],[-91.16849,29.23477],[-91.16311,29.23522],[-91.16431,29.23683],[-91.16802,29.23644],[-91.16564,29.24116],[-91.15652,29.24404],[-91.14706,29.24322],[-91.14625,29.25283],[-91.13953,29.25376],[-91.14126,29.25097],[-91.13606,29.25106],[-91.13444,29.2466],[-91.13462,29.23989],[-91.13815,29.23283],[-91.13481,29.2288],[-91.131,29.21942],[-91.13655,29.2182],[-91.16787,29.22476],[-91.18796,29.22028],[-91.19778,29.22088],[-91.21908,29.22603],[-91.23999,29.23498],[-91.27885,29.24775],[-91.30274,29.26593],[-91.3218,29.28752],[-91.33495,29.29875],[-91.35217,29.32377],[-91.35304,29.33147],[-91.34776,29.32705],[-91.34985,29.32505],[-91.3484,29.31843],[-91.34241,29.31447],[-91.34126,29.31103],[-91.33791,29.30878],[-91.33234,29.30796],[-91.33046,29.30938],[-91.32479,29.3067],[-91.31945,29.30773],[-91.31636,29.30593],[-91.30938,29.30567],[-91.3076,29.30884],[-91.29518,29.30971],[-91.28971,29.31452],[-91.29097,29.3208],[-91.28095,29.32528],[-91.27671,29.3298],[-91.27624,29.34279],[-91.26733,29.36062],[-91.25744,29.36358],[-91.25142,29.36876],[-91.24979,29.36783],[-91.24917,29.36984],[-91.23954,29.37159],[-91.23441,29.37473],[-91.23217,29.3738]]],[[[-89.81162,29.40702],[-89.81356,29.40666],[-89.81562,29.40782],[-89.81534,29.40855],[-89.81162,29.40702]]],[[[-89.77659,29.41412],[-89.77653,29.40364],[-89.77791,29.40586],[-89.77901,29.40577],[-89.77828,29.40416],[-89.78082,29.40528],[-89.77901,29.41179],[-89.78057,29.41119],[-89.77659,29.41412]]],[[[-89.81314,29.41746],[-89.81336,29.41731],[-89.81336,29.4177],[-89.81314,29.41765],[-89.81314,29.41746]]],[[[-89.93021,29.46186],[-89.92029,29.46203],[-89.91952,29.46001],[-89.93521,29.46123],[-89.93872,29.46351],[-89.93844,29.46503],[-89.93666,29.46626],[-89.93021,29.46186]]],[[[-89.88988,29.47464],[-89.88993,29.47463],[-89.88986,29.47473],[-89.88988,29.47464]]],[[[-89.97746,29.46328],[-89.97743,29.46012],[-89.97991,29.4588],[-89.98549,29.46254],[-89.98824,29.47106],[-89.98712,29.47307],[-89.98959,29.47424],[-89.98747,29.47702],[-89.98253,29.47088],[-89.98211,29.47302],[-89.98017,29.47336],[-89.97746,29.46328]]],[[[-89.87041,29.47771],[-89.86714,29.47762],[-89.86683,29.47405],[-89.86204,29.47256],[-89.86383,29.47116],[-89.86544,29.4598],[-89.86463,29.45571],[-89.87003,29.45213],[-89.86692,29.4596],[-89.86838,29.46206],[-89.87465,29.46184],[-89.87585,29.45967],[-89.8743,29.45474],[-89.87791,29.45593],[-89.87832,29.45815],[-89.88019,29.45802],[-89.88141,29.46411],[-89.87806,29.46424],[-89.87738,29.46587],[-89.87874,29.46471],[-89.87871,29.46583],[-89.87413,29.4726],[-89.87075,29.47182],[-89.86957,29.47377],[-89.87041,29.47771]]],[[[-89.86692,29.479],[-89.86828,29.47841],[-89.86961,29.47891],[-89.87019,29.47932],[-89.87016,29.47962],[-89.86993,29.47983],[-89.86954,29.47978],[-89.86836,29.4793],[-89.86689,29.47919],[-89.86692,29.479]]],[[[-89.86308,29.47839],[-89.86342,29.47839],[-89.86389,29.47897],[-89.86386,29.47965],[-89.8636,29.47991],[-89.86345,29.47995],[-89.86295,29.47956],[-89.86289,29.47858],[-89.86308,29.47839]]],[[[-89.98727,29.51738],[-89.98981,29.51499],[-89.98557,29.51054],[-89.98503,29.50177],[-89.98648,29.50434],[-89.99301,29.50761],[-89.99618,29.51141],[-89.99489,29.51173],[-89.99528,29.51331],[-89.99697,29.51321],[-89.99798,29.51531],[-89.99211,29.51246],[-89.99039,29.51629],[-89.98727,29.51738]]],[[[-89.73253,29.61132],[-89.73274,29.6112],[-89.73287,29.61136],[-89.733,29.6121],[-89.7329,29.61232],[-89.73266,29.61235],[-89.73232,29.61184],[-89.73253,29.61132]]],[[[-89.64371,29.61995],[-89.64379,29.61977],[-89.64411,29.61988],[-89.64542,29.62091],[-89.64646,29.62192],[-89.64639,29.6222],[-89.64563,29.62188],[-89.64371,29.61995]]],[[[-89.46587,29.64008],[-89.46918,29.64095],[-89.46831,29.64721],[-89.46587,29.64008]]],[[[-89.64289,29.65278],[-89.64129,29.65156],[-89.64291,29.64932],[-89.64436,29.65197],[-89.64307,29.64833],[-89.64753,29.65076],[-89.64632,29.65351],[-89.64289,29.65278]]],[[[-89.46918,29.64994],[-89.47246,29.65284],[-89.46915,29.65579],[-89.46918,29.64994]]],[[[-89.46178,29.65385],[-89.45164,29.65424],[-89.45077,29.65206],[-89.45423,29.65067],[-89.46427,29.65149],[-89.46684,29.64991],[-89.46679,29.65335],[-89.46233,29.65676],[-89.46178,29.65385]]],[[[-89.70806,29.65823],[-89.70812,29.65678],[-89.71009,29.65717],[-89.70806,29.65823]]],[[[-89.64546,29.65583],[-89.64467,29.65402],[-89.6586,29.654],[-89.65574,29.65499],[-89.6549,29.65709],[-89.65288,29.65579],[-89.65212,29.65846],[-89.64546,29.65583]]],[[[-89.58282,29.65794],[-89.57698,29.65639],[-89.58337,29.65464],[-89.58728,29.65863],[-89.58282,29.65794]]],[[[-89.51167,29.659],[-89.50596,29.65526],[-89.51726,29.65747],[-89.51671,29.659],[-89.51167,29.659]]],[[[-89.44271,29.66134],[-89.44377,29.65896],[-89.4471,29.66052],[-89.45064,29.65907],[-89.44742,29.65647],[-89.44453,29.65715],[-89.44468,29.65394],[-89.44269,29.65431],[-89.44363,29.6583],[-89.43695,29.65585],[-89.43948,29.65079],[-89.4461,29.65138],[-89.45279,29.65832],[-89.45295,29.66217],[-89.44122,29.66196],[-89.44271,29.66134]]],[[[-89.45363,29.66242],[-89.4556,29.66056],[-89.4578,29.6618],[-89.45363,29.66242]]],[[[-89.46668,29.66429],[-89.46386,29.65935],[-89.46564,29.65692],[-89.4649,29.65992],[-89.46711,29.66017],[-89.46732,29.66244],[-89.47021,29.66216],[-89.46966,29.6639],[-89.46668,29.66429]]],[[[-89.68069,29.66203],[-89.67907,29.66096],[-89.67794,29.66196],[-89.67729,29.65878],[-89.6825,29.65878],[-89.68117,29.66016],[-89.68261,29.66137],[-89.68455,29.65743],[-89.68562,29.65857],[-89.68423,29.65952],[-89.68783,29.65766],[-89.68827,29.66146],[-89.68641,29.66414],[-89.68069,29.66203]]],[[[-89.44453,29.66467],[-89.445,29.66457],[-89.44518,29.66478],[-89.44516,29.66515],[-89.4435,29.66643],[-89.44293,29.66677],[-89.44264,29.66675],[-89.44264,29.6665],[-89.44374,29.66519],[-89.44453,29.66467]]],[[[-89.46887,29.66601],[-89.46929,29.66595],[-89.47052,29.66649],[-89.47081,29.66686],[-89.47084,29.66723],[-89.47039,29.66739],[-89.4695,29.66704],[-89.46882,29.66638],[-89.46887,29.66601]]],[[[-89.46475,29.66588],[-89.46612,29.6675],[-89.46389,29.66709],[-89.46475,29.66588]]],[[[-89.43619,29.66359],[-89.4306,29.6572],[-89.43524,29.65546],[-89.44319,29.65976],[-89.44099,29.66116],[-89.4396,29.65818],[-89.43564,29.65848],[-89.43621,29.66045],[-89.44004,29.66089],[-89.43947,29.66214],[-89.44196,29.66313],[-89.44033,29.66462],[-89.43889,29.66368],[-89.4397,29.66753],[-89.4385,29.66776],[-89.43619,29.66359]]],[[[-89.666,29.6702],[-89.66687,29.66562],[-89.6697,29.66974],[-89.67295,29.66908],[-89.67219,29.66743],[-89.66833,29.66654],[-89.67109,29.66553],[-89.67379,29.66585],[-89.67353,29.66734],[-89.67578,29.66851],[-89.66595,29.67369],[-89.666,29.6702]]],[[[-89.47011,29.67502],[-89.46578,29.67454],[-89.46497,29.67176],[-89.46722,29.67449],[-89.4699,29.67362],[-89.46683,29.66938],[-89.47301,29.6722],[-89.47157,29.67637],[-89.47011,29.67502]]],[[[-89.51736,29.6771],[-89.51993,29.68008],[-89.51707,29.67923],[-89.51736,29.6771]]],[[[-89.43834,29.67846],[-89.43878,29.67836],[-89.44049,29.67914],[-89.44143,29.68045],[-89.44102,29.68065],[-89.43954,29.67997],[-89.43826,29.67894],[-89.43816,29.67866],[-89.43834,29.67846]]],[[[-89.57961,29.68059],[-89.58024,29.67869],[-89.58289,29.68077],[-89.57801,29.68153],[-89.57961,29.68059]]],[[[-89.51324,29.68152],[-89.51489,29.68189],[-89.51305,29.68294],[-89.51324,29.68152]]],[[[-89.55411,29.68382],[-89.55542,29.68164],[-89.5593,29.6834],[-89.55411,29.68382]]],[[[-89.47074,29.68083],[-89.47147,29.67735],[-89.47263,29.67866],[-89.47179,29.68074],[-89.47339,29.67987],[-89.4741,29.6812],[-89.47077,29.68475],[-89.47074,29.68083]]],[[[-89.45023,29.68437],[-89.44959,29.68024],[-89.44521,29.67887],[-89.44283,29.6755],[-89.45061,29.67291],[-89.44033,29.67472],[-89.44196,29.67119],[-89.44414,29.67264],[-89.44841,29.6714],[-89.44752,29.66407],[-89.45153,29.66324],[-89.4498,29.66565],[-89.45397,29.67293],[-89.44886,29.67706],[-89.4535,29.68476],[-89.45023,29.68437]]],[[[-89.45353,29.66771],[-89.45562,29.66416],[-89.45932,29.66389],[-89.45877,29.66521],[-89.46165,29.66764],[-89.46114,29.66386],[-89.46352,29.66455],[-89.4641,29.66943],[-89.46148,29.67916],[-89.46363,29.68624],[-89.45274,29.68333],[-89.45366,29.67841],[-89.45172,29.67596],[-89.45408,29.67516],[-89.45479,29.6725],[-89.45353,29.66771]]],[[[-89.60149,29.69481],[-89.598,29.69387],[-89.60162,29.6938],[-89.60149,29.69481]]],[[[-89.54564,29.69179],[-89.54624,29.69355],[-89.54257,29.69518],[-89.54564,29.69179]]],[[[-89.59003,29.696],[-89.59081,29.69598],[-89.59196,29.69712],[-89.59092,29.69737],[-89.59066,29.69733],[-89.59021,29.69685],[-89.58958,29.69671],[-89.58958,29.6965],[-89.59003,29.696]]],[[[-89.53249,29.69721],[-89.53467,29.69749],[-89.53244,29.6987],[-89.53249,29.69721]]],[[[-89.56421,29.70287],[-89.56429,29.7026],[-89.56492,29.70276],[-89.5655,29.70319],[-89.56563,29.70377],[-89.56531,29.70382],[-89.56484,29.70361],[-89.56421,29.70287]]],[[[-89.54553,29.7039],[-89.54249,29.70402],[-89.54052,29.70228],[-89.54737,29.70207],[-89.54734,29.69866],[-89.55222,29.69994],[-89.55048,29.70331],[-89.55143,29.70439],[-89.54553,29.7039]]],[[[-89.5814,29.7065],[-89.57418,29.70569],[-89.58386,29.70249],[-89.58664,29.70363],[-89.58646,29.7064],[-89.58363,29.70629],[-89.58161,29.70906],[-89.5814,29.7065]]],[[[-89.60561,29.7044],[-89.60897,29.70383],[-89.60755,29.70633],[-89.61141,29.70905],[-89.60724,29.708],[-89.60561,29.7044]]],[[[-89.56172,29.70524],[-89.55915,29.70283],[-89.55655,29.70278],[-89.55744,29.70114],[-89.55634,29.7002],[-89.56366,29.70421],[-89.57024,29.70546],[-89.564,29.70934],[-89.56442,29.70688],[-89.56172,29.70524]]],[[[-89.60145,29.71093],[-89.60157,29.70733],[-89.60446,29.70711],[-89.60357,29.71063],[-89.60145,29.71093]]],[[[-89.60605,29.70903],[-89.60449,29.70868],[-89.60915,29.70942],[-89.6095,29.71088],[-89.60732,29.71121],[-89.60605,29.70903]]],[[[-89.60163,29.7128],[-89.59998,29.71274],[-89.59953,29.70901],[-89.60163,29.7128]]],[[[-89.56224,29.71046],[-89.56119,29.7133],[-89.55899,29.71271],[-89.56224,29.71046]]],[[[-89.5762,29.71147],[-89.57806,29.71172],[-89.57893,29.7138],[-89.5751,29.71387],[-89.5762,29.71147]]],[[[-89.64014,29.71748],[-89.63477,29.71773],[-89.62976,29.71395],[-89.6366,29.71457],[-89.63999,29.71187],[-89.64091,29.71238],[-89.63868,29.71435],[-89.64416,29.716],[-89.64014,29.71748]]],[[[-89.58762,29.71755],[-89.58885,29.71501],[-89.5927,29.71423],[-89.58977,29.71914],[-89.58762,29.71755]]],[[[-89.48314,29.7189],[-89.48498,29.71858],[-89.4855,29.72],[-89.48314,29.7189]]],[[[-89.53928,29.71946],[-89.54054,29.71671],[-89.54143,29.72028],[-89.53779,29.72177],[-89.53928,29.71946]]],[[[-89.52852,29.72388],[-89.52225,29.72218],[-89.52301,29.71453],[-89.5275,29.71943],[-89.52493,29.72042],[-89.52524,29.72202],[-89.52781,29.72069],[-89.53395,29.72328],[-89.52902,29.72493],[-89.52852,29.72388]]],[[[-89.62129,29.724],[-89.62397,29.72393],[-89.62376,29.72251],[-89.62189,29.72235],[-89.62339,29.72041],[-89.62281,29.71773],[-89.62585,29.71757],[-89.62739,29.71991],[-89.62894,29.71975],[-89.62834,29.71741],[-89.6297,29.71844],[-89.62718,29.72224],[-89.62543,29.7203],[-89.62543,29.72432],[-89.62276,29.72522],[-89.62129,29.724]]],[[[-89.56269,29.72615],[-89.55823,29.72409],[-89.55831,29.72047],[-89.5607,29.72248],[-89.56169,29.72205],[-89.56048,29.7193],[-89.56471,29.72108],[-89.56442,29.71374],[-89.572,29.71364],[-89.5661,29.71877],[-89.56754,29.72374],[-89.56476,29.7228],[-89.56621,29.72439],[-89.56334,29.72544],[-89.56516,29.72629],[-89.56269,29.72615]]],[[[-89.61043,29.72797],[-89.61064,29.72781],[-89.61163,29.72793],[-89.61187,29.7287],[-89.61174,29.7293],[-89.6104,29.72831],[-89.61043,29.72797]]],[[[-89.42837,29.72707],[-89.42808,29.72315],[-89.43147,29.72436],[-89.43215,29.72301],[-89.42758,29.72129],[-89.42824,29.71463],[-89.42283,29.70973],[-89.42619,29.70709],[-89.42992,29.7095],[-89.4274,29.71092],[-89.43023,29.7133],[-89.43579,29.71417],[-89.43057,29.71435],[-89.43049,29.71703],[-89.43616,29.71868],[-89.43732,29.71479],[-89.44099,29.71774],[-89.43742,29.72012],[-89.44028,29.72643],[-89.43149,29.72716],[-89.43076,29.72853],[-89.4327,29.7305],[-89.42853,29.72936],[-89.42837,29.72707]]],[[[-89.51159,29.73244],[-89.51146,29.73042],[-89.50941,29.72949],[-89.5117,29.728],[-89.51917,29.73045],[-89.51408,29.7304],[-89.51613,29.73311],[-89.51159,29.73244]]],[[[-89.52841,29.73444],[-89.52574,29.73254],[-89.53065,29.73116],[-89.52319,29.73148],[-89.5239,29.72681],[-89.53335,29.73027],[-89.53661,29.7269],[-89.54301,29.72532],[-89.54282,29.72965],[-89.54589,29.73078],[-89.54705,29.72865],[-89.5444,29.72645],[-89.54723,29.72388],[-89.54855,29.71907],[-89.54666,29.7201],[-89.54235,29.71829],[-89.55117,29.71525],[-89.55019,29.71859],[-89.55177,29.7226],[-89.54922,29.72747],[-89.5508,29.72693],[-89.55334,29.72954],[-89.55888,29.72975],[-89.56203,29.73155],[-89.55503,29.73217],[-89.55146,29.72991],[-89.55083,29.73164],[-89.55385,29.73247],[-89.54862,29.73197],[-89.54345,29.73513],[-89.54356,29.73185],[-89.54075,29.72858],[-89.53539,29.73013],[-89.53151,29.73387],[-89.53209,29.73529],[-89.52841,29.73444]]],[[[-89.64772,29.7365],[-89.64806,29.73647],[-89.64838,29.73718],[-89.64801,29.73737],[-89.64775,29.73705],[-89.64772,29.7365]]],[[[-89.64856,29.73961],[-89.64859,29.73769],[-89.65124,29.73753],[-89.65142,29.73908],[-89.64856,29.73961]]],[[[-89.36029,29.82895],[-89.36055,29.82491],[-89.359,29.82312],[-89.34586,29.82028],[-89.34268,29.8119],[-89.34791,29.81712],[-89.35822,29.81016],[-89.36102,29.81309],[-89.36654,29.81384],[-89.37014,29.81228],[-89.37383,29.81281],[-89.37026,29.81185],[-89.37167,29.81017],[-89.37442,29.81204],[-89.37431,29.81031],[-89.37993,29.81061],[-89.37999,29.81453],[-89.39053,29.81728],[-89.39199,29.82099],[-89.39662,29.81994],[-89.39502,29.81754],[-89.39973,29.82003],[-89.4091,29.81747],[-89.41098,29.81509],[-89.41404,29.81731],[-89.41236,29.81988],[-89.40934,29.82084],[-89.38796,29.82388],[-89.38317,29.82177],[-89.37913,29.81652],[-89.37163,29.81599],[-89.36943,29.8178],[-89.36738,29.81659],[-89.36922,29.81934],[-89.37543,29.81897],[-89.38104,29.82413],[-89.37637,29.82429],[-89.35991,29.83038],[-89.36029,29.82895]]],[[[-89.31854,29.83447],[-89.31612,29.83069],[-89.30908,29.82897],[-89.311,29.82476],[-89.30685,29.81958],[-89.30676,29.81493],[-89.31149,29.81628],[-89.31019,29.81841],[-89.308,29.818],[-89.31065,29.82095],[-89.31205,29.81853],[-89.31102,29.82249],[-89.31307,29.82453],[-89.31851,29.8237],[-89.32114,29.8199],[-89.32327,29.82045],[-89.3231,29.82217],[-89.31966,29.82391],[-89.32135,29.82496],[-89.32017,29.82927],[-89.3225,29.83069],[-89.32009,29.83355],[-89.32561,29.83772],[-89.32365,29.83994],[-89.31886,29.83866],[-89.31854,29.83447]]],[[[-89.33134,29.8478],[-89.32082,29.84734],[-89.32332,29.84657],[-89.32285,29.84146],[-89.32697,29.83786],[-89.32413,29.83369],[-89.32311,29.8265],[-89.32751,29.82304],[-89.32781,29.82615],[-89.33359,29.82998],[-89.33646,29.83589],[-89.34305,29.83916],[-89.34265,29.84157],[-89.3414,29.83978],[-89.33551,29.83951],[-89.33073,29.84123],[-89.33015,29.84544],[-89.33628,29.84835],[-89.33134,29.8478]]],[[[-89.26934,29.8541],[-89.26803,29.85268],[-89.27063,29.85364],[-89.26905,29.85211],[-89.27271,29.8494],[-89.28018,29.84886],[-89.28117,29.85105],[-89.27988,29.85234],[-89.2866,29.85067],[-89.28942,29.85367],[-89.28546,29.85532],[-89.28298,29.85366],[-89.28018,29.85559],[-89.27652,29.85364],[-89.27707,29.85177],[-89.27512,29.85066],[-89.27179,29.85392],[-89.27197,29.85717],[-89.26934,29.8541]]],[[[-89.33536,29.85765],[-89.33357,29.85623],[-89.33084,29.85699],[-89.32986,29.8525],[-89.32899,29.85593],[-89.32582,29.85422],[-89.3205,29.85509],[-89.31909,29.85193],[-89.32369,29.8517],[-89.32751,29.84938],[-89.33,29.84991],[-89.33228,29.85392],[-89.33646,29.85385],[-89.34017,29.85192],[-89.34121,29.84714],[-89.3424,29.84757],[-89.34219,29.85039],[-89.34532,29.85339],[-89.33863,29.85735],[-89.33636,29.85719],[-89.3377,29.85815],[-89.33532,29.86111],[-89.33536,29.85765]]],[[[-89.29549,29.86013],[-89.30046,29.8601],[-89.29734,29.86137],[-89.29549,29.86013]]],[[[-89.32125,29.87479],[-89.32714,29.87229],[-89.32611,29.87497],[-89.32125,29.87479]]],[[[-89.30831,29.88146],[-89.30084,29.88018],[-89.29443,29.88217],[-89.28683,29.88135],[-89.29514,29.88095],[-89.29677,29.87729],[-89.29895,29.87766],[-89.30088,29.87465],[-89.3177,29.87456],[-89.3092,29.87835],[-89.31391,29.8811],[-89.31194,29.8832],[-89.30831,29.88146]]],[[[-89.27734,29.88299],[-89.2796,29.88114],[-89.27742,29.87832],[-89.28287,29.87816],[-89.28177,29.87536],[-89.27998,29.87465],[-89.27712,29.87744],[-89.27338,29.87433],[-89.27112,29.87442],[-89.26199,29.87914],[-89.26608,29.87465],[-89.26373,29.87123],[-89.27747,29.87325],[-89.28564,29.86961],[-89.29031,29.87058],[-89.29291,29.87447],[-89.29108,29.87597],[-89.29209,29.87995],[-89.289,29.88089],[-89.29004,29.87832],[-89.28667,29.87855],[-89.28854,29.8799],[-89.28456,29.88162],[-89.28402,29.88011],[-89.282,29.88279],[-89.27555,29.8848],[-89.27734,29.88299]]],[[[-89.23765,29.88867],[-89.23894,29.8809],[-89.23657,29.87937],[-89.24276,29.87444],[-89.24221,29.87727],[-89.24949,29.87784],[-89.25209,29.87441],[-89.25658,29.87302],[-89.25588,29.8685],[-89.2517,29.86777],[-89.2615,29.86596],[-89.26894,29.8692],[-89.26777,29.87169],[-89.26487,29.87045],[-89.26221,29.87153],[-89.26371,29.87545],[-89.256,29.8746],[-89.25364,29.87564],[-89.25287,29.87801],[-89.253,29.87937],[-89.25778,29.88042],[-89.26104,29.88587],[-89.26482,29.8867],[-89.26264,29.88899],[-89.25776,29.88622],[-89.24619,29.8866],[-89.24371,29.88841],[-89.23941,29.88716],[-89.23726,29.89426],[-89.23463,29.89595],[-89.23765,29.88867]]],[[[-89.32185,29.89667],[-89.31964,29.89374],[-89.32388,29.88957],[-89.32958,29.8893],[-89.33644,29.88581],[-89.33355,29.89246],[-89.33034,29.89285],[-89.32821,29.89773],[-89.32548,29.89724],[-89.3258,29.8959],[-89.32351,29.89622],[-89.32163,29.89908],[-89.32185,29.89667]]],[[[-89.34254,29.90226],[-89.3405,29.89862],[-89.33739,29.90057],[-89.33851,29.89637],[-89.34349,29.89811],[-89.34441,29.9018],[-89.34254,29.90226]]],[[[-89.33839,29.90831],[-89.33191,29.90891],[-89.33227,29.90618],[-89.33555,29.9043],[-89.33673,29.90141],[-89.33773,29.90417],[-89.33957,29.90265],[-89.33939,29.90464],[-89.34538,29.90187],[-89.34444,29.89773],[-89.34178,29.89686],[-89.34196,29.89527],[-89.34977,29.89706],[-89.34294,29.90762],[-89.33839,29.90831]]],[[[-89.35075,29.91321],[-89.34118,29.91234],[-89.34734,29.90698],[-89.35212,29.90879],[-89.35156,29.91174],[-89.35385,29.91055],[-89.35448,29.91316],[-89.35075,29.91321]]],[[[-89.43474,29.99415],[-89.43365,29.99179],[-89.4405,29.99488],[-89.44344,29.99853],[-89.44279,30.00026],[-89.44026,29.99701],[-89.43474,29.99415]]],[[[-89.38809,30.05351],[-89.37069,30.05362],[-89.37505,30.05298],[-89.37505,30.05176],[-89.36797,30.04986],[-89.37577,30.04915],[-89.3802,30.04375],[-89.37965,30.04022],[-89.37725,30.04079],[-89.37278,30.03772],[-89.37375,30.0332],[-89.38097,30.03548],[-89.38958,30.035],[-89.39087,30.04052],[-89.38852,30.04364],[-89.39239,30.04852],[-89.39463,30.0452],[-89.40032,30.04362],[-89.40244,30.04502],[-89.4065,30.04467],[-89.40761,30.04825],[-89.40358,30.04985],[-89.40305,30.0526],[-89.39739,30.04953],[-89.38986,30.05443],[-89.38809,30.05351]]],[[[-88.62128,30.35913],[-88.62421,30.35852],[-88.62311,30.36371],[-88.61462,30.36609],[-88.61688,30.36188],[-88.62128,30.35913]]],[[[-88.82233,30.3653],[-88.81989,30.36212],[-88.84888,30.3739],[-88.85461,30.37811],[-88.85132,30.37891],[-88.83289,30.37268],[-88.82233,30.3653]]],[[[-88.90112,30.42273],[-88.9035,30.4201],[-88.90723,30.42249],[-88.90112,30.42273]]],[[[-89.97746,29.46328],[-89.97645,29.46184],[-89.97556,29.46318],[-89.97397,29.46229],[-89.97325,29.46415],[-89.97082,29.46348],[-89.96991,29.46443],[-89.97105,29.46498],[-89.96874,29.46535],[-89.97041,29.47135],[-89.96408,29.46751],[-89.96429,29.46956],[-89.95955,29.47053],[-89.96126,29.47199],[-89.95798,29.47416],[-89.95499,29.47286],[-89.95524,29.47481],[-89.95694,29.47447],[-89.95522,29.47902],[-89.95778,29.47788],[-89.95809,29.47547],[-89.96233,29.47128],[-89.96503,29.47182],[-89.9629,29.47362],[-89.96118,29.48411],[-89.96118,29.48024],[-89.95864,29.48024],[-89.9561,29.48276],[-89.95871,29.48596],[-89.96196,29.48544],[-89.96229,29.48788],[-89.96714,29.49225],[-89.9644,29.49471],[-89.97014,29.49554],[-89.96806,29.49606],[-89.96822,29.4998],[-89.96941,29.50406],[-89.97183,29.5039],[-89.97048,29.50573],[-89.969,29.50441],[-89.96854,29.50692],[-89.96545,29.50944],[-89.96977,29.51491],[-89.96941,29.51697],[-89.96779,29.51639],[-89.96805,29.51953],[-89.9669,29.51826],[-89.96661,29.52089],[-89.96278,29.51498],[-89.9621,29.5177],[-89.95859,29.51521],[-89.95705,29.51741],[-89.96134,29.51819],[-89.96076,29.51908],[-89.95856,29.51862],[-89.95626,29.52099],[-89.94653,29.52403],[-89.94961,29.52513],[-89.95095,29.52952],[-89.94856,29.53106],[-89.95166,29.53124],[-89.95238,29.5352],[-89.95967,29.53287],[-89.97012,29.53495],[-89.97309,29.53318],[-89.97619,29.53391],[-89.9807,29.53852],[-89.98399,29.53618],[-89.98125,29.53505],[-89.98115,29.53217],[-89.97791,29.53034],[-89.98859,29.52266],[-89.989,29.52085],[-89.99026,29.52125],[-89.9895,29.52454],[-89.9922,29.52809],[-89.99535,29.52913],[-90.00094,29.52814],[-90.00193,29.53013],[-90.00378,29.52646],[-90.00542,29.52626],[-90.00599,29.52302],[-90.00886,29.52249],[-90.00705,29.52208],[-90.00675,29.51979],[-90.00957,29.51504],[-90.00773,29.51507],[-90.00951,29.51091],[-90.0126,29.51076],[-90.00923,29.50913],[-90.00663,29.50544],[-90.00747,29.50398],[-90.00394,29.50446],[-90.00383,29.50134],[-90.00723,29.49784],[-90.00398,29.49983],[-90.00197,29.49907],[-90.00233,29.49566],[-89.99899,29.49367],[-90.00052,29.4922],[-89.9972,29.48984],[-89.99764,29.48824],[-89.99888,29.48934],[-89.99833,29.48799],[-89.995,29.48773],[-89.9944,29.48478],[-89.99194,29.48496],[-89.99257,29.48804],[-89.9877,29.4868],[-89.98537,29.48826],[-89.98232,29.4839],[-89.98453,29.48044],[-89.9823,29.47588],[-89.98578,29.47951],[-89.99061,29.47664],[-89.9921,29.48107],[-89.99709,29.48515],[-90.0013,29.48453],[-90.00211,29.48666],[-90.00425,29.48718],[-90.00213,29.48327],[-90.00635,29.48256],[-90.01004,29.48847],[-90.00806,29.48865],[-90.0072,29.49157],[-90.00914,29.49317],[-90.01141,29.49224],[-90.01239,29.49521],[-90.03214,29.49497],[-90.03639,29.49444],[-90.03699,29.49287],[-90.04158,29.49411],[-90.04493,29.5043],[-90.05222,29.50486],[-90.05776,29.50938],[-90.06827,29.50983],[-90.07686,29.52122],[-90.08879,29.52458],[-90.08789,29.52637],[-90.0917,29.53291],[-90.10106,29.53448],[-90.11788,29.54236],[-90.12054,29.54848],[-90.12492,29.5521],[-90.13449,29.55288],[-90.13998,29.5502],[-90.13968,29.5471],[-90.14629,29.53799],[-90.14985,29.53537],[-90.15573,29.53683],[-90.15625,29.54392],[-90.15865,29.54639],[-90.15616,29.5474],[-90.15715,29.55083],[-90.16758,29.55617],[-90.16784,29.55901],[-90.17445,29.5608],[-90.17174,29.56535],[-90.16007,29.56532],[-90.1559,29.56731],[-90.15621,29.57674],[-90.14548,29.58144],[-90.14325,29.57532],[-90.13861,29.57338],[-90.13458,29.5739],[-90.11552,29.59517],[-90.11145,29.60812],[-90.11239,29.61155],[-90.11106,29.61416],[-90.11222,29.61819],[-90.11578,29.62069],[-90.11132,29.62741],[-90.11222,29.63207],[-90.11033,29.63729],[-90.11226,29.64039],[-90.11192,29.64632],[-90.11655,29.65225],[-90.11844,29.66165],[-90.12299,29.66441],[-90.12067,29.66575],[-90.11278,29.66553],[-90.11269,29.66754],[-90.12428,29.67216],[-90.12848,29.67179],[-90.13183,29.66605],[-90.13612,29.6659],[-90.14539,29.6782],[-90.14453,29.68238],[-90.14848,29.68566],[-90.15483,29.68775],[-90.15792,29.68641],[-90.17011,29.6882],[-90.17492,29.68536],[-90.17749,29.68581],[-90.18333,29.68342],[-90.1908,29.69125],[-90.19397,29.69241],[-90.19449,29.6977],[-90.20024,29.70493],[-90.19642,29.71045],[-90.19509,29.70986],[-90.18753,29.71593],[-90.18427,29.72473],[-90.18032,29.72741],[-90.15936,29.73222],[-90.1523,29.73143],[-90.1476,29.739],[-90.14367,29.73889],[-90.14234,29.74146],[-90.15037,29.74664],[-90.15389,29.7548],[-90.15123,29.7662],[-90.15252,29.78192],[-90.15591,29.79223],[-90.16101,29.79663],[-90.16496,29.79698],[-90.1696,29.80026],[-90.1655,29.81283],[-90.16844,29.81031],[-90.16934,29.81272],[-90.16067,29.8145],[-90.16402,29.81741],[-90.16316,29.81823],[-90.16668,29.82374],[-90.16736,29.8285],[-90.17294,29.83077],[-90.17839,29.82954],[-90.18071,29.83129],[-90.18822,29.84172],[-90.19401,29.84551],[-90.20431,29.85672],[-90.23474,29.86814],[-90.24607,29.86867],[-90.25603,29.86524],[-90.27173,29.8508],[-90.27997,29.85248],[-90.28731,29.85106],[-90.28414,29.83505],[-90.29002,29.83543],[-90.2871,29.83792],[-90.28937,29.84462],[-90.29414,29.84939],[-90.29838,29.84909],[-90.29929,29.84306],[-90.29701,29.84213],[-90.29911,29.84097],[-90.30002,29.83658],[-90.2965,29.83472],[-90.29774,29.83234],[-90.29954,29.83271],[-90.29967,29.8282],[-90.29813,29.82731],[-90.28482,29.83018],[-90.28358,29.8329],[-90.26744,29.8323],[-90.2556,29.82411],[-90.24496,29.82039],[-90.24307,29.8183],[-90.24461,29.80877],[-90.24255,29.7967],[-90.23826,29.78702],[-90.24032,29.7821],[-90.24942,29.77391],[-90.25165,29.76914],[-90.28598,29.75737],[-90.33576,29.7286],[-90.34778,29.71876],[-90.35242,29.7122],[-90.34933,29.70087],[-90.35001,29.69834],[-90.34658,29.68931],[-90.34864,29.68424],[-90.34083,29.67433],[-90.33782,29.67231],[-90.33079,29.67209],[-90.32186,29.67962],[-90.32083,29.68767],[-90.3168,29.69163],[-90.3186,29.68738],[-90.31748,29.6835],[-90.3113,29.67791],[-90.30504,29.67627],[-90.30366,29.67328],[-90.31336,29.66799],[-90.31774,29.6612],[-90.31448,29.65576],[-90.29474,29.64755],[-90.28169,29.6471],[-90.27379,29.65001],[-90.26976,29.65591],[-90.25972,29.6609],[-90.23551,29.66336],[-90.21843,29.66791],[-90.20899,29.67433],[-90.20376,29.67284],[-90.1902,29.68059],[-90.18432,29.67917],[-90.17646,29.68257],[-90.17397,29.67906],[-90.17578,29.67742],[-90.17084,29.67034],[-90.16977,29.66269],[-90.17865,29.65315],[-90.18105,29.64375],[-90.17376,29.63711],[-90.18071,29.63095],[-90.18672,29.61734],[-90.18406,29.61625],[-90.17929,29.61943],[-90.17865,29.61722],[-90.18324,29.61383],[-90.18277,29.61178],[-90.17981,29.61357],[-90.18075,29.61096],[-90.17942,29.61103],[-90.18148,29.60678],[-90.19234,29.60517],[-90.19706,29.59894],[-90.19311,29.59472],[-90.19243,29.5967],[-90.19075,29.59674],[-90.19174,29.59383],[-90.18552,29.59775],[-90.18492,29.59652],[-90.18977,29.5914],[-90.18646,29.58801],[-90.18183,29.59383],[-90.18135,29.592],[-90.17625,29.59275],[-90.17054,29.59043],[-90.16874,29.59954],[-90.16848,29.59502],[-90.16479,29.59107],[-90.16633,29.58614],[-90.17157,29.58413],[-90.17294,29.58196],[-90.17045,29.58174],[-90.17037,29.57808],[-90.1627,29.57314],[-90.16918,29.56954],[-90.17655,29.57241],[-90.18723,29.57233],[-90.19364,29.56841],[-90.19925,29.56916],[-90.21073,29.56287],[-90.2147,29.55775],[-90.21488,29.55278],[-90.22193,29.54038],[-90.22818,29.53621],[-90.22277,29.52903],[-90.21661,29.52572],[-90.22249,29.527],[-90.22219,29.52509],[-90.22558,29.52206],[-90.23002,29.52295],[-90.23012,29.5179],[-90.23337,29.51503],[-90.23241,29.50995],[-90.22164,29.50435],[-90.22081,29.50171],[-90.22109,29.49984],[-90.23751,29.48228],[-90.23648,29.4756],[-90.2379,29.47291],[-90.23401,29.46201],[-90.22517,29.45652],[-90.23281,29.45936],[-90.23693,29.46586],[-90.24088,29.4668],[-90.24457,29.46332],[-90.2468,29.4647],[-90.24744,29.46747],[-90.24895,29.46721],[-90.24899,29.46302],[-90.25221,29.46138],[-90.2465,29.45746],[-90.23478,29.44325],[-90.22706,29.44086],[-90.21629,29.43458],[-90.19732,29.42823],[-90.16239,29.42621],[-90.15732,29.42472],[-90.15458,29.42651],[-90.15681,29.42965],[-90.15895,29.42987],[-90.15981,29.44161],[-90.15389,29.42823],[-90.14925,29.43309],[-90.14805,29.43107],[-90.14582,29.431],[-90.14041,29.43825],[-90.14462,29.44325],[-90.15355,29.4437],[-90.15621,29.44565],[-90.15732,29.45155],[-90.15638,29.45985],[-90.15191,29.46635],[-90.15389,29.47457],[-90.15852,29.47681],[-90.16118,29.47427],[-90.1593,29.48092],[-90.15827,29.47801],[-90.15174,29.47382],[-90.14805,29.46515],[-90.14711,29.45805],[-90.14402,29.45775],[-90.14333,29.45514],[-90.13526,29.45447],[-90.13089,29.45633],[-90.13097,29.45133],[-90.12814,29.45013],[-90.12659,29.4514],[-90.12737,29.44707],[-90.11938,29.44363],[-90.11381,29.44467],[-90.11338,29.44871],[-90.10574,29.44759],[-90.10608,29.44968],[-90.09904,29.44602],[-90.09192,29.44662],[-90.08977,29.4434],[-90.08806,29.44348],[-90.08359,29.44871],[-90.08213,29.44669],[-90.07411,29.44811],[-90.07059,29.44576],[-90.06793,29.44923],[-90.06149,29.44882],[-90.05475,29.45263],[-90.05364,29.45088],[-90.0445,29.44796],[-90.04518,29.43593],[-90.04763,29.43141],[-90.0469,29.42909],[-90.04849,29.43212],[-90.0481,29.43593],[-90.05227,29.43862],[-90.05295,29.44157],[-90.05647,29.44445],[-90.0657,29.44819],[-90.06561,29.44176],[-90.06686,29.44053],[-90.06905,29.44269],[-90.06986,29.43808],[-90.06641,29.43363],[-90.06825,29.43245],[-90.06656,29.42993],[-90.06188,29.42973],[-90.06051,29.4227],[-90.05879,29.4227],[-90.05699,29.41971],[-90.05887,29.41522],[-90.06018,29.41558],[-90.06184,29.40885],[-90.06445,29.40967],[-90.06544,29.40836],[-90.06709,29.41001],[-90.06814,29.40874],[-90.06514,29.40657],[-90.06299,29.40653],[-90.06289,29.40771],[-90.06106,29.4055],[-90.06235,29.40386],[-90.06656,29.40492],[-90.06855,29.40273],[-90.07053,29.39776],[-90.06767,29.39438],[-90.07068,29.39142],[-90.06812,29.38802],[-90.06523,29.388],[-90.06239,29.38561],[-90.06025,29.38224],[-90.05338,29.38195],[-90.06016,29.37768],[-90.0654,29.37641],[-90.06686,29.37118],[-90.07003,29.36901],[-90.07218,29.37319],[-90.0702,29.37521],[-90.07252,29.37484],[-90.07492,29.3717],[-90.07192,29.37035],[-90.07166,29.36871],[-90.07329,29.36818],[-90.07716,29.3702],[-90.08291,29.37933],[-90.09364,29.37828],[-90.09681,29.3812],[-90.10282,29.38172],[-90.10505,29.38404],[-90.1084,29.38269],[-90.11372,29.38591],[-90.12608,29.38568],[-90.12196,29.38067],[-90.12359,29.38],[-90.11853,29.37746],[-90.1181,29.37484],[-90.11432,29.37095],[-90.09673,29.3613],[-90.09831,29.35775],[-90.10024,29.35726],[-90.09707,29.35296],[-90.09866,29.35102],[-90.09763,29.34499],[-90.10016,29.34451],[-90.10209,29.34611],[-90.10406,29.34241],[-90.1078,29.34563],[-90.11445,29.34484],[-90.1175,29.34103],[-90.11514,29.33575],[-90.11702,29.33586],[-90.11999,29.33845],[-90.12449,29.33908],[-90.12625,29.34129],[-90.12478,29.34323],[-90.12549,29.346],[-90.12901,29.34985],[-90.13623,29.35123],[-90.13949,29.3538],[-90.14532,29.35421],[-90.1618,29.36907],[-90.14904,29.35187],[-90.14954,29.34888],[-90.14595,29.34942],[-90.1435,29.3477],[-90.14899,29.34745],[-90.14609,29.34498],[-90.14552,29.34179],[-90.14297,29.34189],[-90.14447,29.34413],[-90.13705,29.34681],[-90.13673,29.34479],[-90.13568,29.34601],[-90.13069,29.34209],[-90.13247,29.34047],[-90.13719,29.34178],[-90.14091,29.33822],[-90.139,29.33601],[-90.14046,29.3328],[-90.13895,29.32906],[-90.13368,29.32726],[-90.1272,29.32965],[-90.12737,29.3273],[-90.12595,29.32696],[-90.1275,29.32576],[-90.12685,29.32277],[-90.12853,29.32333],[-90.1311,29.32097],[-90.13071,29.31652],[-90.12642,29.31371],[-90.1301,29.31431],[-90.13458,29.31824],[-90.13578,29.31678],[-90.13526,29.313],[-90.13217,29.30926],[-90.12986,29.31001],[-90.12724,29.30425],[-90.13093,29.30586],[-90.12891,29.30084],[-90.12651,29.30009],[-90.12544,29.2977],[-90.12535,29.29616],[-90.12823,29.29642],[-90.12651,29.28886],[-90.13174,29.28565],[-90.13303,29.28662],[-90.12998,29.29852],[-90.13441,29.30039],[-90.13509,29.30282],[-90.13767,29.30376],[-90.13801,29.30675],[-90.14247,29.30743],[-90.14698,29.31158],[-90.14934,29.30919],[-90.14831,29.30473],[-90.14505,29.29863],[-90.14604,29.29729],[-90.142,29.29605],[-90.13805,29.28879],[-90.14041,29.28752],[-90.13921,29.28235],[-90.13406,29.27928],[-90.13114,29.28422],[-90.12471,29.27898],[-90.11793,29.27936],[-90.11835,29.28085],[-90.11432,29.27891],[-90.112,29.27689],[-90.11252,29.27479],[-90.10994,29.27367],[-90.11286,29.27172],[-90.10728,29.26094],[-90.11175,29.26259],[-90.11424,29.26004],[-90.11406,29.25278],[-90.1072,29.2536],[-90.10831,29.25068],[-90.10419,29.24746],[-90.09851,29.24812],[-90.10268,29.24491],[-90.10566,29.24559],[-90.10308,29.24167],[-90.10076,29.24265],[-90.10104,29.23969],[-90.10465,29.23964],[-90.10582,29.23802],[-90.10432,29.23306],[-90.10574,29.23008],[-90.11054,29.23458],[-90.11097,29.23787],[-90.11921,29.24139],[-90.12453,29.23918],[-90.12187,29.23443],[-90.12385,29.23349],[-90.11642,29.23177],[-90.11544,29.22975],[-90.11351,29.22997],[-90.11484,29.22847],[-90.11033,29.22671],[-90.11042,29.22454],[-90.10827,29.22285],[-90.10535,29.22113],[-90.10475,29.22271],[-90.10325,29.22188],[-90.09831,29.21207],[-90.10192,29.21132],[-90.10664,29.21428],[-90.11218,29.21476],[-90.11424,29.21821],[-90.12041,29.21825],[-90.12166,29.22061],[-90.1305,29.22297],[-90.13071,29.21806],[-90.13458,29.21626],[-90.13604,29.21098],[-90.13874,29.21113],[-90.1381,29.20892],[-90.14333,29.21042],[-90.14578,29.20821],[-90.15058,29.19712],[-90.16011,29.18989],[-90.1626,29.18152],[-90.15466,29.17597],[-90.15668,29.17568],[-90.16157,29.16934],[-90.15698,29.16752],[-90.1285,29.17728],[-90.1013,29.182],[-90.0933,29.18678],[-90.0827,29.1903],[-90.07529,29.19652],[-90.07347,29.19641],[-90.06079,29.20492],[-90.05876,29.20847],[-90.05612,29.20728],[-90.05777,29.20875],[-90.05103,29.21172],[-90.05199,29.21271],[-90.04999,29.21216],[-90.05166,29.21326],[-90.0491,29.21365],[-90.05106,29.21475],[-90.04918,29.21459],[-90.05004,29.21585],[-90.04795,29.21548],[-90.04931,29.21126],[-90.05766,29.20172],[-90.07461,29.17499],[-90.07154,29.17695],[-90.06792,29.18348],[-90.06838,29.17937],[-90.06149,29.183],[-90.05559,29.18989],[-90.0527,29.18896],[-90.05235,29.19081],[-90.05092,29.19023],[-90.0486,29.19287],[-90.05458,29.19999],[-90.04604,29.19395],[-90.05157,29.18781],[-90.07928,29.16997],[-90.09525,29.15769],[-90.09887,29.15795],[-90.0961,29.15662],[-90.10873,29.14656],[-90.15956,29.11469],[-90.15998,29.11712],[-90.16102,29.11563],[-90.17101,29.1214],[-90.17234,29.12076],[-90.17177,29.11932],[-90.1797,29.11754],[-90.18429,29.10961],[-90.1822,29.11043],[-90.17596,29.10574],[-90.16637,29.11151],[-90.17377,29.10988],[-90.16087,29.1141],[-90.16457,29.11089],[-90.18051,29.10219],[-90.20497,29.09429],[-90.2251,29.08519],[-90.22272,29.08721],[-90.22286,29.09126],[-90.22171,29.08975],[-90.22192,29.09609],[-90.21947,29.10056],[-90.21326,29.10544],[-90.21222,29.10478],[-90.21219,29.10642],[-90.20757,29.10995],[-90.20917,29.11295],[-90.20797,29.1154],[-90.20972,29.11534],[-90.21646,29.12523],[-90.21868,29.12523],[-90.21295,29.11751],[-90.21368,29.11632],[-90.20998,29.11291],[-90.2099,29.10952],[-90.22297,29.09909],[-90.22687,29.08588],[-90.23198,29.08773],[-90.24278,29.08608],[-90.24341,29.08915],[-90.2421,29.088],[-90.241,29.09203],[-90.23853,29.08949],[-90.23736,29.09217],[-90.2341,29.08927],[-90.23402,29.0911],[-90.23144,29.0892],[-90.2299,29.09007],[-90.23295,29.09165],[-90.22945,29.09572],[-90.23791,29.0944],[-90.23694,29.0952],[-90.24043,29.09577],[-90.24152,29.09971],[-90.24581,29.10353],[-90.24362,29.10305],[-90.24354,29.10518],[-90.24079,29.10526],[-90.23356,29.11024],[-90.23161,29.11996],[-90.23309,29.12192],[-90.23152,29.12619],[-90.23292,29.12722],[-90.23127,29.12777],[-90.23133,29.12946],[-90.23472,29.12994],[-90.2365,29.13192],[-90.24069,29.13101],[-90.24572,29.1406],[-90.25049,29.13926],[-90.26484,29.14021],[-90.26196,29.14227],[-90.25428,29.14212],[-90.24431,29.14752],[-90.24485,29.14991],[-90.25088,29.15273],[-90.2514,29.15117],[-90.25323,29.15464],[-90.25592,29.15525],[-90.25512,29.15777],[-90.2541,29.15523],[-90.25391,29.15674],[-90.25138,29.15644],[-90.25028,29.15913],[-90.24894,29.15912],[-90.25018,29.16123],[-90.24802,29.16324],[-90.25052,29.16445],[-90.24941,29.16637],[-90.25053,29.16732],[-90.25447,29.16753],[-90.25281,29.16747],[-90.25315,29.1699],[-90.25837,29.17544],[-90.25297,29.18104],[-90.25534,29.18249],[-90.25546,29.18455],[-90.25858,29.184],[-90.25769,29.1878],[-90.26076,29.19089],[-90.25813,29.19985],[-90.25952,29.20373],[-90.25593,29.20285],[-90.25633,29.20433],[-90.25323,29.20492],[-90.25331,29.2075],[-90.25077,29.20931],[-90.25259,29.21462],[-90.25007,29.21655],[-90.25047,29.22035],[-90.24137,29.22231],[-90.23712,29.22443],[-90.23576,29.22748],[-90.23298,29.22792],[-90.23381,29.22944],[-90.23648,29.22959],[-90.23725,29.23308],[-90.24129,29.23714],[-90.24901,29.23604],[-90.25222,29.23338],[-90.25285,29.23912],[-90.25072,29.23914],[-90.24868,29.24499],[-90.25168,29.24614],[-90.25297,29.25002],[-90.25203,29.25396],[-90.25603,29.25478],[-90.25882,29.26107],[-90.26452,29.26262],[-90.2686,29.26114],[-90.27168,29.26544],[-90.2782,29.26829],[-90.28255,29.26639],[-90.2826,29.26389],[-90.28682,29.25899],[-90.28519,29.2492],[-90.29178,29.24602],[-90.29117,29.24879],[-90.29272,29.25227],[-90.29656,29.2557],[-90.3048,29.27067],[-90.30708,29.27219],[-90.31216,29.2703],[-90.3177,29.27494],[-90.31841,29.27785],[-90.31894,29.27499],[-90.32149,29.27561],[-90.32225,29.28098],[-90.31992,29.28129],[-90.31976,29.28299],[-90.32964,29.28965],[-90.32903,29.28565],[-90.3325,29.28269],[-90.3392,29.28976],[-90.33525,29.29096],[-90.32971,29.29639],[-90.33169,29.30687],[-90.33023,29.30821],[-90.33323,29.31353],[-90.33628,29.31472],[-90.33787,29.3191],[-90.34521,29.32442],[-90.34269,29.32503],[-90.34252,29.32284],[-90.34073,29.3224],[-90.34162,29.32393],[-90.33926,29.32494],[-90.33933,29.3267],[-90.34177,29.32782],[-90.3425,29.33201],[-90.35235,29.34224],[-90.35684,29.34009],[-90.35619,29.33375],[-90.35808,29.3336],[-90.35456,29.32529],[-90.35674,29.32189],[-90.35654,29.31816],[-90.35346,29.32126],[-90.35149,29.31952],[-90.3512,29.31434],[-90.35164,29.31315],[-90.35596,29.31498],[-90.35742,29.31041],[-90.36211,29.30956],[-90.36203,29.30529],[-90.36576,29.30168],[-90.36488,29.29916],[-90.37056,29.29879],[-90.3673,29.30339],[-90.37053,29.31093],[-90.37183,29.30642],[-90.37484,29.30471],[-90.37544,29.30037],[-90.37409,29.2971],[-90.37877,29.29107],[-90.37765,29.2883],[-90.3801,29.28297],[-90.37806,29.28183],[-90.37919,29.27509],[-90.37456,29.27284],[-90.37516,29.26708],[-90.37336,29.26491],[-90.37954,29.26101],[-90.37779,29.26589],[-90.38074,29.2676],[-90.38048,29.2709],[-90.3822,29.2706],[-90.38383,29.27277],[-90.38314,29.27531],[-90.38443,29.27719],[-90.3858,29.27681],[-90.38486,29.27097],[-90.38597,29.26902],[-90.38441,29.26527],[-90.38917,29.26938],[-90.39127,29.26899],[-90.39163,29.26502],[-90.39388,29.26678],[-90.39323,29.26784],[-90.39676,29.26564],[-90.39529,29.27982],[-90.39764,29.28489],[-90.39453,29.29455],[-90.39063,29.29702],[-90.39345,29.29891],[-90.39619,29.30728],[-90.39247,29.31243],[-90.39786,29.31522],[-90.39829,29.31199],[-90.4058,29.31817],[-90.41037,29.31867],[-90.42168,29.32819],[-90.42752,29.3383],[-90.42559,29.33832],[-90.42226,29.34345],[-90.42413,29.34469],[-90.42345,29.34291],[-90.42596,29.33883],[-90.42988,29.34245],[-90.42739,29.34974],[-90.43228,29.34806],[-90.44258,29.34929],[-90.44366,29.35156],[-90.4473,29.35154],[-90.45085,29.35431],[-90.44907,29.35736],[-90.45331,29.35874],[-90.44833,29.35072],[-90.44923,29.3487],[-90.44803,29.34772],[-90.45116,29.34533],[-90.45284,29.34727],[-90.45713,29.34769],[-90.45328,29.34623],[-90.46058,29.33779],[-90.46035,29.33607],[-90.45794,29.33523],[-90.45859,29.33141],[-90.45292,29.32655],[-90.45108,29.3267],[-90.45086,29.324],[-90.45687,29.31476],[-90.4621,29.31139],[-90.4629,29.31338],[-90.46401,29.31255],[-90.46351,29.31061],[-90.46743,29.30623],[-90.46914,29.29949],[-90.47867,29.2938],[-90.4815,29.29665],[-90.48382,29.29725],[-90.48494,29.29485],[-90.49601,29.29845],[-90.49652,29.30009],[-90.49292,29.30271],[-90.49386,29.30466],[-90.49721,29.30571],[-90.4967,29.30795],[-90.49206,29.30503],[-90.48949,29.3063],[-90.48726,29.30451],[-90.48537,29.30683],[-90.48108,29.30743],[-90.47902,29.31446],[-90.47575,29.31169],[-90.47404,29.31514],[-90.47477,29.31713],[-90.47867,29.31828],[-90.47859,29.32307],[-90.48036,29.32672],[-90.47848,29.32636],[-90.47736,29.32929],[-90.47927,29.33265],[-90.47747,29.33759],[-90.47931,29.3428],[-90.4774,29.35518],[-90.47912,29.35903],[-90.4786,29.36336],[-90.47983,29.36019],[-90.47876,29.35373],[-90.48038,29.35765],[-90.48142,29.35557],[-90.48477,29.35749],[-90.48211,29.36422],[-90.48957,29.37342],[-90.49326,29.37005],[-90.49687,29.36908],[-90.49824,29.36601],[-90.50125,29.36751],[-90.50236,29.36534],[-90.50614,29.36512],[-90.50682,29.36048],[-90.51292,29.35696],[-90.51808,29.35679],[-90.5182,29.35918],[-90.52442,29.35217],[-90.52511,29.34843],[-90.52768,29.3506],[-90.52562,29.35419],[-90.52871,29.35674],[-90.52871,29.35853],[-90.53343,29.3601],[-90.53755,29.35823],[-90.53588,29.35503],[-90.53793,29.35446],[-90.53576,29.35474],[-90.53412,29.35015],[-90.53189,29.34866],[-90.53472,29.34424],[-90.53139,29.33957],[-90.53226,29.33639],[-90.52786,29.33696],[-90.52561,29.33531],[-90.52406,29.33765],[-90.5233,29.33661],[-90.52562,29.33175],[-90.52948,29.3304],[-90.52845,29.32891],[-90.53103,29.32651],[-90.53249,29.32037],[-90.53704,29.32382],[-90.53592,29.32479],[-90.5385,29.3298],[-90.54622,29.33205],[-90.54613,29.32778],[-90.54905,29.32689],[-90.55154,29.32292],[-90.55257,29.31948],[-90.55086,29.31753],[-90.55807,29.3108],[-90.5621,29.30915],[-90.57592,29.31723],[-90.58527,29.31933],[-90.59068,29.31184],[-90.60098,29.309],[-90.60184,29.30675],[-90.59929,29.30251],[-90.60002,29.29912],[-90.6051,29.30204],[-90.60424,29.30376],[-90.6069,29.30793],[-90.6051,29.31031],[-90.60594,29.31227],[-90.61137,29.31203],[-90.6136,29.30788],[-90.61149,29.30245],[-90.61458,29.30346],[-90.62014,29.30092],[-90.62025,29.29929],[-90.6172,29.29803],[-90.61416,29.30127],[-90.61252,29.3002],[-90.61364,29.29596],[-90.61718,29.29738],[-90.61967,29.29599],[-90.61495,29.29272],[-90.61888,29.29302],[-90.62068,29.28969],[-90.61514,29.27831],[-90.61617,29.27659],[-90.62441,29.28153],[-90.63008,29.28145],[-90.62836,29.27157],[-90.63377,29.27981],[-90.63686,29.27906],[-90.63815,29.27599],[-90.6366,29.27344],[-90.63969,29.26461],[-90.63909,29.25974],[-90.63506,29.25323],[-90.63248,29.25293],[-90.63205,29.24851],[-90.62458,29.23915],[-90.6205,29.23729],[-90.60707,29.22536],[-90.60836,29.22402],[-90.60974,29.22701],[-90.61328,29.22791],[-90.61411,29.22491],[-90.61128,29.2181],[-90.61214,29.21578],[-90.62141,29.23375],[-90.6303,29.2441],[-90.63583,29.24671],[-90.64029,29.24544],[-90.64166,29.24297],[-90.63643,29.23473],[-90.6396,29.22394],[-90.6396,29.23323],[-90.6457,29.24259],[-90.64784,29.24364],[-90.64424,29.24506],[-90.64218,29.25203],[-90.64639,29.25944],[-90.64862,29.25899],[-90.65076,29.25734],[-90.65154,29.25285],[-90.6554,29.24971],[-90.65814,29.24941],[-90.66106,29.24087],[-90.65926,29.23975],[-90.66063,29.23473],[-90.65874,29.23031],[-90.66192,29.22319],[-90.65368,29.21563],[-90.65909,29.20769],[-90.6602,29.19937],[-90.66209,29.20356],[-90.6754,29.20813],[-90.67634,29.21083],[-90.67831,29.21158],[-90.6772,29.21563],[-90.67874,29.22409],[-90.68518,29.22417],[-90.68801,29.22214],[-90.68715,29.22094],[-90.69291,29.21495],[-90.69291,29.21323],[-90.68956,29.21038],[-90.69179,29.20514],[-90.68561,29.20282],[-90.6923,29.1915],[-90.69685,29.18993],[-90.69745,29.19622],[-90.702,29.1981],[-90.70724,29.19877],[-90.70887,29.196],[-90.71574,29.19547],[-90.71144,29.19158],[-90.71127,29.18933],[-90.70715,29.18723],[-90.70887,29.18251],[-90.7069,29.18019],[-90.71393,29.17831],[-90.71222,29.17329],[-90.71402,29.1691],[-90.7208,29.1664],[-90.72638,29.15268],[-90.72535,29.15021],[-90.71325,29.14976],[-90.71282,29.14563],[-90.71805,29.14279],[-90.71488,29.14076],[-90.72007,29.13694],[-90.72616,29.13907],[-90.72917,29.1381],[-90.73552,29.14174],[-90.73977,29.13881],[-90.73707,29.1342],[-90.74153,29.12704],[-90.74497,29.12523],[-90.74355,29.12123],[-90.7447,29.11902],[-90.75106,29.11954],[-90.75135,29.12132],[-90.7482,29.12375],[-90.75491,29.12334],[-90.75115,29.12551],[-90.75395,29.12747],[-90.75739,29.12695],[-90.75872,29.12514],[-90.75833,29.12826],[-90.75942,29.12844],[-90.75685,29.13005],[-90.754,29.13964],[-90.75659,29.13893],[-90.75753,29.13551],[-90.75903,29.13621],[-90.75628,29.14569],[-90.75324,29.15014],[-90.74077,29.15547],[-90.73675,29.15941],[-90.73371,29.17212],[-90.72814,29.18615],[-90.73125,29.18919],[-90.73732,29.18353],[-90.73913,29.18402],[-90.74569,29.18074],[-90.74727,29.17675],[-90.7475,29.18369],[-90.74963,29.18632],[-90.75214,29.18409],[-90.75191,29.172],[-90.75857,29.17147],[-90.75734,29.16417],[-90.76029,29.16417],[-90.76405,29.16145],[-90.76116,29.15953],[-90.76176,29.15684],[-90.75998,29.156],[-90.7589,29.15022],[-90.75734,29.1494],[-90.77241,29.13729],[-90.77552,29.13908],[-90.77763,29.13639],[-90.77992,29.13739],[-90.77874,29.14159],[-90.7803,29.14195],[-90.78537,29.13299],[-90.78669,29.13335],[-90.78525,29.13514],[-90.78794,29.13753],[-90.78494,29.14082],[-90.78456,29.14418],[-90.78979,29.14959],[-90.78494,29.15538],[-90.78223,29.1662],[-90.78046,29.16574],[-90.78008,29.16266],[-90.77458,29.16154],[-90.77467,29.16303],[-90.76963,29.16555],[-90.77224,29.16798],[-90.77439,29.16751],[-90.77467,29.16891],[-90.7728,29.17115],[-90.76954,29.17153],[-90.76984,29.18125],[-90.77229,29.18299],[-90.77486,29.18944],[-90.77809,29.19135],[-90.77957,29.18934],[-90.77588,29.18562],[-90.77582,29.18352],[-90.7785,29.18753],[-90.78,29.18711],[-90.77898,29.18538],[-90.78161,29.18502],[-90.78233,29.18287],[-90.77988,29.17904],[-90.7818,29.179],[-90.78203,29.17758],[-90.78932,29.18066],[-90.79042,29.1805],[-90.78812,29.17857],[-90.79088,29.17855],[-90.79094,29.18068],[-90.79642,29.184],[-90.79995,29.18454],[-90.80074,29.1829],[-90.80449,29.18418],[-90.80687,29.18784],[-90.81076,29.18771],[-90.80716,29.18198],[-90.80845,29.18209],[-90.80662,29.17469],[-90.8082,29.17304],[-90.8085,29.16774],[-90.80623,29.16855],[-90.80626,29.16503],[-90.81212,29.16227],[-90.81347,29.15985],[-90.81761,29.16101],[-90.81738,29.16596],[-90.81901,29.16699],[-90.82018,29.16668],[-90.81994,29.16039],[-90.82221,29.16051],[-90.82357,29.16108],[-90.82141,29.16402],[-90.82274,29.1669],[-90.82599,29.16318],[-90.82843,29.16546],[-90.83383,29.16495],[-90.83721,29.16604],[-90.83892,29.17236],[-90.84484,29.17184],[-90.84728,29.17448],[-90.85121,29.17439],[-90.85423,29.17144],[-90.85153,29.16649],[-90.85339,29.16348],[-90.8473,29.15893],[-90.84763,29.15785],[-90.85057,29.1579],[-90.84842,29.1556],[-90.85052,29.15255],[-90.85699,29.14848],[-90.85378,29.15316],[-90.85622,29.15547],[-90.85945,29.15561],[-90.86245,29.15175],[-90.86258,29.14374],[-90.86,29.14442],[-90.85966,29.14299],[-90.86294,29.14277],[-90.86383,29.14094],[-90.86106,29.13672],[-90.86548,29.13775],[-90.86483,29.13395],[-90.86834,29.13533],[-90.86617,29.14004],[-90.86893,29.14249],[-90.87773,29.1345],[-90.87977,29.13422],[-90.87766,29.13686],[-90.87801,29.14497],[-90.88286,29.14294],[-90.88512,29.1403],[-90.88405,29.1377],[-90.89024,29.13579],[-90.89231,29.13231],[-90.89659,29.13416],[-90.89637,29.13591],[-90.89887,29.13544],[-90.89927,29.13346],[-90.90025,29.13603],[-90.89744,29.14016],[-90.8938,29.14081],[-90.88914,29.1392],[-90.89887,29.14673],[-90.90198,29.14667],[-90.90604,29.14129],[-90.90616,29.14446],[-90.90975,29.14517],[-90.91028,29.14714],[-90.9079,29.14792],[-90.91005,29.14852],[-90.91017,29.15121],[-90.91443,29.14754],[-90.92109,29.15109],[-90.92201,29.15409],[-90.93007,29.15877],[-90.92986,29.16258],[-90.93189,29.16191],[-90.93788,29.166],[-90.93722,29.16935],[-90.93424,29.1701],[-90.93509,29.17979],[-90.93022,29.18051],[-90.92875,29.17853],[-90.92848,29.18094],[-90.92574,29.1813],[-90.92666,29.18258],[-90.92305,29.18657],[-90.91821,29.18695],[-90.91392,29.19421],[-90.91569,29.19428],[-90.91596,29.19666],[-90.91207,29.19747],[-90.90901,29.20054],[-90.9081,29.20604],[-90.90228,29.2047],[-90.90607,29.2033],[-90.90567,29.20208],[-90.89096,29.19529],[-90.88491,29.19965],[-90.87695,29.20177],[-90.87552,29.19873],[-90.87698,29.19445],[-90.88193,29.19385],[-90.89064,29.18754],[-90.88608,29.18224],[-90.88366,29.18277],[-90.88461,29.18161],[-90.88261,29.17951],[-90.87516,29.18471],[-90.87237,29.18901],[-90.87117,29.19652],[-90.86757,29.19608],[-90.86593,29.19051],[-90.86358,29.18961],[-90.8617,29.19031],[-90.8626,29.19182],[-90.85894,29.1931],[-90.85676,29.19878],[-90.85373,29.19811],[-90.85363,29.19982],[-90.85104,29.19986],[-90.85343,29.20258],[-90.85245,29.20375],[-90.84946,29.20318],[-90.84799,29.20497],[-90.84977,29.2058],[-90.84301,29.20836],[-90.83976,29.21147],[-90.83599,29.22178],[-90.8341,29.21401],[-90.83247,29.21831],[-90.82927,29.21773],[-90.82087,29.22088],[-90.82171,29.21794],[-90.81325,29.22083],[-90.81378,29.22246],[-90.8101,29.22445],[-90.80863,29.2275],[-90.80753,29.23212],[-90.8089,29.23716],[-90.80714,29.24358],[-90.81036,29.24334],[-90.81198,29.23775],[-90.82305,29.23964],[-90.82535,29.23743],[-90.82748,29.23981],[-90.83312,29.23845],[-90.83052,29.24391],[-90.83355,29.24547],[-90.83437,29.24883],[-90.8402,29.25515],[-90.84641,29.24315],[-90.85211,29.24273],[-90.8548,29.25337],[-90.85732,29.25645],[-90.85985,29.25692],[-90.85303,29.26155],[-90.85417,29.26551],[-90.85926,29.26339],[-90.86338,29.26444],[-90.86509,29.26316],[-90.86741,29.26021],[-90.8664,29.25711],[-90.86781,29.25661],[-90.86855,29.25211],[-90.87024,29.25129],[-90.86925,29.25572],[-90.87052,29.26172],[-90.8731,29.26219],[-90.87702,29.258],[-90.87504,29.25701],[-90.87725,29.25475],[-90.87762,29.25122],[-90.87596,29.25008],[-90.87816,29.24808],[-90.88026,29.24834],[-90.88022,29.25307],[-90.87613,29.26198],[-90.87697,29.26279],[-90.89022,29.25632],[-90.89777,29.25763],[-90.90009,29.25621],[-90.89777,29.25959],[-90.89262,29.2619],[-90.89204,29.2639],[-90.89592,29.26262],[-90.89837,29.26387],[-90.90579,29.26062],[-90.90682,29.25619],[-90.92194,29.25203],[-90.92223,29.25303],[-90.90706,29.25783],[-90.90744,29.26153],[-90.90608,29.26328],[-90.91401,29.26183],[-90.91495,29.26303],[-90.91342,29.26558],[-90.9155,29.26725],[-90.92104,29.26558],[-90.92341,29.26673],[-90.92455,29.26464],[-90.93349,29.26262],[-90.93565,29.26799],[-90.92973,29.27178],[-90.93153,29.27811],[-90.93014,29.27828],[-90.92803,29.27526],[-90.92816,29.27321],[-90.92362,29.27681],[-90.92027,29.27735],[-90.90877,29.2764],[-90.90656,29.27412],[-90.90557,29.27602],[-90.90721,29.27734],[-90.90114,29.27541],[-90.89652,29.28011],[-90.89983,29.28819],[-90.89609,29.28742],[-90.89009,29.29078],[-90.88932,29.28918],[-90.88293,29.29586],[-90.88298,29.29764],[-90.89464,29.29369],[-90.89978,29.29653],[-90.90664,29.29434],[-90.90963,29.29617],[-90.91559,29.29399],[-90.9143,29.29191],[-90.91911,29.29063],[-90.92314,29.29465],[-90.92939,29.29292],[-90.93287,29.28454],[-90.9353,29.29176],[-90.93219,29.29245],[-90.9336,29.29332],[-90.92573,29.30652],[-90.92024,29.30631],[-90.92019,29.31039],[-90.92487,29.31552],[-90.92915,29.31603],[-90.93488,29.31944],[-90.93834,29.32934],[-90.93415,29.33012],[-90.93677,29.32753],[-90.93272,29.32702],[-90.9323,29.32457],[-90.93444,29.32414],[-90.93224,29.3218],[-90.93143,29.32893],[-90.9336,29.32854],[-90.93397,29.3306],[-90.937,29.33227],[-90.93946,29.33021],[-90.94484,29.33368],[-90.95155,29.33449],[-90.95217,29.33617],[-90.95335,29.3347],[-90.95633,29.33497],[-90.95803,29.33718],[-90.97629,29.33004],[-90.98439,29.32488],[-90.9868,29.32995],[-90.99135,29.32855],[-90.98994,29.3318],[-90.99221,29.33004],[-90.99449,29.33038],[-90.99624,29.32818],[-90.99718,29.32084],[-90.99592,29.3205],[-90.99598,29.32188],[-90.99326,29.31981],[-90.99644,29.31894],[-90.99908,29.31578],[-91.00012,29.32052],[-90.9997,29.30781],[-90.99821,29.30973],[-90.9944,29.30733],[-90.98966,29.30689],[-90.98843,29.30172],[-90.98619,29.30131],[-90.99099,29.29972],[-90.99021,29.30247],[-90.99142,29.30385],[-90.99128,29.30135],[-90.99416,29.30093],[-90.99447,29.30249],[-90.99745,29.30284],[-90.99975,29.30739],[-91.00012,29.30086],[-90.99664,29.30116],[-90.99445,29.29786],[-90.99329,29.2977],[-90.99301,29.29981],[-90.98731,29.2972],[-90.98814,29.29587],[-90.99259,29.29624],[-90.99138,29.29315],[-90.98892,29.29356],[-90.99091,29.2944],[-90.98932,29.29479],[-90.98683,29.29344],[-90.9895,29.29241],[-90.98728,29.29248],[-90.98707,29.28884],[-90.9931,29.28865],[-90.99522,29.28599],[-90.99339,29.28297],[-90.98803,29.28297],[-90.98675,29.28412],[-90.98772,29.28588],[-90.98555,29.28588],[-90.98485,29.28751],[-90.9833,29.28703],[-90.98414,29.2857],[-90.98207,29.28272],[-90.98196,29.2841],[-90.98003,29.28419],[-90.98019,29.28737],[-90.98194,29.28517],[-90.98231,29.28763],[-90.97943,29.29017],[-90.97954,29.29858],[-90.98354,29.29998],[-90.98417,29.29759],[-90.98072,29.29583],[-90.98498,29.29289],[-90.98448,29.29603],[-90.98613,29.29615],[-90.98537,29.29858],[-90.98713,29.29913],[-90.98461,29.30105],[-90.98775,29.30186],[-90.98621,29.30513],[-90.9888,29.30664],[-90.98001,29.30399],[-90.98255,29.30259],[-90.98135,29.30153],[-90.97923,29.30231],[-90.97894,29.30419],[-90.97698,29.30335],[-90.97815,29.29258],[-90.97582,29.2923],[-90.97502,29.29505],[-90.97318,29.29198],[-90.97447,29.2893],[-90.9723,29.28861],[-90.97292,29.29457],[-90.96958,29.28985],[-90.9706,29.28541],[-90.97229,29.28486],[-90.97164,29.28362],[-90.97467,29.28197],[-90.9743,29.27885],[-90.96429,29.27476],[-90.96058,29.27606],[-90.96014,29.27155],[-90.95044,29.26667],[-90.93784,29.26898],[-90.93575,29.26106],[-90.93899,29.25751],[-90.93556,29.24981],[-90.94066,29.24706],[-90.94413,29.2485],[-90.94208,29.25022],[-90.94619,29.24909],[-90.9545,29.25022],[-90.95349,29.24903],[-90.95464,29.24788],[-90.96407,29.24639],[-90.96506,29.24243],[-90.962,29.24071],[-90.95228,29.24428],[-90.95317,29.24064],[-90.96407,29.23679],[-90.96203,29.23314],[-90.95638,29.23221],[-90.95923,29.22902],[-90.96667,29.23237],[-90.97569,29.2311],[-90.97671,29.2341],[-90.97925,29.23532],[-90.98132,29.23401],[-90.97776,29.23417],[-90.97818,29.23169],[-90.98468,29.23055],[-90.98536,29.23419],[-90.97624,29.24132],[-90.97301,29.24755],[-90.97047,29.24684],[-90.96806,29.24979],[-90.97224,29.24946],[-90.97343,29.25337],[-90.97709,29.25059],[-90.98245,29.25156],[-90.98357,29.25021],[-90.98244,29.24803],[-90.98656,29.24516],[-90.98531,29.24964],[-90.98807,29.25662],[-90.98457,29.26084],[-90.98117,29.2618],[-90.97798,29.26089],[-90.98083,29.25972],[-90.97286,29.26167],[-90.96755,29.2583],[-90.96254,29.2597],[-90.96293,29.26291],[-90.96659,29.26401],[-90.97106,29.26167],[-90.97289,29.26304],[-90.97696,29.26187],[-90.97937,29.2657],[-90.97731,29.26815],[-90.98146,29.26984],[-90.98269,29.26847],[-90.97997,29.26496],[-90.98567,29.26531],[-90.99448,29.26021],[-91.00011,29.24582],[-91.00693,29.2447],[-91.00558,29.24218],[-90.99757,29.23822],[-91.00011,29.2373],[-91.00011,29.23345],[-90.99905,29.23629],[-90.99576,29.23673],[-90.98941,29.23385],[-90.99095,29.23038],[-90.98598,29.22933],[-90.9938,29.22837],[-90.99385,29.22353],[-90.98548,29.21675],[-90.97715,29.2138],[-90.97098,29.21626],[-90.97035,29.21974],[-90.96194,29.22627],[-90.93713,29.21172],[-90.93475,29.21273],[-90.93639,29.21573],[-90.92834,29.21472],[-90.92281,29.21738],[-90.92101,29.221],[-90.91212,29.21958],[-90.91455,29.21509],[-90.9115,29.21112],[-90.91414,29.20796],[-90.91276,29.2021],[-90.9219,29.20054],[-90.92511,29.19156],[-90.92877,29.18677],[-90.93956,29.18444],[-90.94485,29.18104],[-90.94376,29.17534],[-90.94605,29.17729],[-90.94938,29.17749],[-90.95202,29.18167],[-90.95141,29.18381],[-90.95478,29.18408],[-90.95791,29.18717],[-90.9625,29.18882],[-90.97034,29.18851],[-90.96752,29.19633],[-90.958,29.19633],[-90.9516,29.20125],[-90.95169,29.20674],[-90.95628,29.20798],[-90.95719,29.20376],[-90.96083,29.20057],[-90.97064,29.20035],[-90.98015,29.19477],[-90.97671,29.19214],[-90.97712,29.18995],[-90.98204,29.18681],[-90.97859,29.18049],[-90.97203,29.18123],[-90.97006,29.17992],[-90.97285,29.17844],[-90.98369,29.1738],[-90.99192,29.17688],[-90.99521,29.17398],[-91.00034,29.17361],[-91.0106,29.17641],[-91.01017,29.18161],[-91.01196,29.18293],[-91.0169,29.18246],[-91.01943,29.17946],[-91.02044,29.18597],[-91.01883,29.19356],[-91.00927,29.19237],[-91.00706,29.19057],[-91.00676,29.19272],[-91.00867,29.19499],[-91.0076,29.19685],[-91.00533,29.19565],[-90.99338,29.19989],[-90.99153,29.19661],[-90.9938,29.20611],[-90.99499,29.2064],[-90.99511,29.20443],[-90.9981,29.2073],[-90.99619,29.20957],[-90.99852,29.21077],[-90.99959,29.20933],[-91.00198,29.21692],[-91.00467,29.21686],[-91.00563,29.21829],[-91.00772,29.21835],[-91.00682,29.2171],[-91.01351,29.21142],[-91.0171,29.21124],[-91.01733,29.207],[-91.02556,29.20434],[-91.03233,29.21011],[-91.03155,29.20214],[-91.03693,29.20802],[-91.03944,29.21419],[-91.03749,29.21548],[-91.03564,29.21025],[-91.03344,29.21421],[-91.03503,29.21717],[-91.03456,29.22876],[-91.03673,29.23227],[-91.03016,29.23857],[-91.02951,29.24469],[-91.02834,29.24528],[-91.02685,29.24251],[-91.02196,29.24077],[-91.01902,29.24173],[-91.01707,29.24455],[-91.00996,29.24537],[-91.00745,29.24894],[-91.00787,29.25295],[-91.01389,29.25336],[-91.01587,29.2516],[-91.01406,29.24988],[-91.01647,29.2478],[-91.01947,29.24922],[-91.01916,29.25229],[-91.02222,29.25485],[-91.03226,29.25266],[-91.03382,29.24888],[-91.0379,29.2471],[-91.03866,29.24895],[-91.04062,29.24735],[-91.03863,29.24723],[-91.03709,29.23976],[-91.03121,29.2405],[-91.03176,29.23875],[-91.03555,29.23708],[-91.03482,29.23495],[-91.03905,29.23266],[-91.04274,29.23429],[-91.04253,29.23678],[-91.04427,29.23538],[-91.0512,29.2405],[-91.04843,29.24691],[-91.04707,29.24643],[-91.04508,29.2497],[-91.04099,29.25073],[-91.03986,29.2539],[-91.03296,29.2541],[-91.02658,29.25717],[-91.02546,29.2642],[-91.02721,29.26781],[-91.02935,29.26845],[-91.03484,29.26767],[-91.03591,29.269],[-91.03772,29.26224],[-91.04106,29.26366],[-91.04577,29.25894],[-91.04671,29.25584],[-91.05244,29.25344],[-91.05465,29.2487],[-91.06364,29.2465],[-91.0656,29.24199],[-91.0673,29.24336],[-91.0673,29.24185],[-91.06529,29.24112],[-91.06895,29.23926],[-91.06701,29.23759],[-91.06902,29.23562],[-91.0679,29.23401],[-91.06918,29.22915],[-91.06612,29.22918],[-91.06351,29.23566],[-91.06375,29.23121],[-91.05927,29.22725],[-91.06204,29.22305],[-91.06394,29.22603],[-91.06673,29.22308],[-91.06505,29.22015],[-91.06854,29.21969],[-91.06424,29.21958],[-91.06738,29.21391],[-91.06801,29.21525],[-91.07184,29.21107],[-91.0697,29.20913],[-91.07043,29.20626],[-91.06912,29.20555],[-91.06612,29.2086],[-91.06003,29.20917],[-91.05862,29.21119],[-91.05345,29.20938],[-91.04877,29.21165],[-91.04626,29.21932],[-91.04397,29.21982],[-91.04218,29.22764],[-91.04101,29.22929],[-91.04002,29.22851],[-91.04234,29.23334],[-91.03566,29.22925],[-91.03623,29.21887],[-91.04169,29.21366],[-91.04044,29.20942],[-91.04455,29.20741],[-91.0506,29.19482],[-91.06106,29.18603],[-91.06118,29.18358],[-91.06895,29.18872],[-91.0802,29.19297],[-91.08563,29.19293],[-91.08922,29.19113],[-91.09455,29.19327],[-91.10061,29.20074],[-91.11769,29.21446],[-91.12971,29.22178],[-91.13611,29.23288],[-91.13326,29.23963],[-91.13237,29.2483],[-91.12458,29.24978],[-91.11767,29.25759],[-91.1217,29.26071],[-91.12,29.26591],[-91.12199,29.27091],[-91.12849,29.27347],[-91.134,29.28081],[-91.13419,29.28541],[-91.13063,29.28745],[-91.12893,29.29412],[-91.12133,29.3004],[-91.12131,29.30473],[-91.11987,29.30578],[-91.1221,29.31701],[-91.12928,29.32164],[-91.12739,29.32881],[-91.12797,29.33321],[-91.13,29.33729],[-91.13557,29.34171],[-91.15051,29.34385],[-91.15239,29.34908],[-91.1554,29.35142],[-91.15333,29.35595],[-91.16382,29.36109],[-91.17214,29.3629],[-91.178,29.36215],[-91.18043,29.3659],[-91.18721,29.36902],[-91.19365,29.36927],[-91.20016,29.37321],[-91.20119,29.3752],[-91.1997,29.38062],[-91.20135,29.38495],[-91.20017,29.38709],[-91.20488,29.39282],[-91.21682,29.39575],[-91.22297,29.39329],[-91.21991,29.39799],[-91.21925,29.40507],[-91.21261,29.41889],[-91.21222,29.42341],[-91.22123,29.4364],[-91.23374,29.43559],[-91.24969,29.44429],[-91.2594,29.44464],[-91.25824,29.448],[-91.26078,29.46384],[-91.2652,29.46806],[-91.26567,29.47264],[-91.27374,29.47941],[-91.27152,29.4956],[-91.26507,29.51078],[-91.27233,29.52943],[-91.27006,29.53793],[-91.26591,29.54249],[-91.23969,29.54852],[-91.22711,29.55792],[-91.2229,29.56311],[-91.22571,29.57147],[-91.22522,29.57629],[-91.21899,29.58392],[-91.20081,29.59869],[-91.19061,29.60272],[-91.18372,29.60809],[-91.17871,29.60968],[-91.17529,29.60889],[-91.17291,29.59747],[-91.1673,29.59369],[-91.16229,29.5929],[-91.1568,29.59589],[-91.1535,29.60248],[-91.15143,29.6037],[-91.14178,29.60193],[-91.1394,29.60291],[-91.13879,29.6095],[-91.12079,29.60828],[-91.11908,29.6095],[-91.11719,29.61749],[-91.10278,29.61871],[-91.0954,29.62372],[-91.08972,29.62207],[-91.08539,29.6239],[-91.08252,29.62769],[-91.08331,29.63129],[-91.0896,29.6377],[-91.1059,29.64368],[-91.09991,29.6579],[-91.09888,29.68811],[-91.09491,29.6955],[-91.10011,29.69989],[-91.1057,29.73471],[-91.0957,29.73711],[-91.0897,29.75561],[-91.0999,29.77331],[-91.0964,29.77861],[-91.09949,29.78441],[-91.0989,29.79001],[-91.09299,29.80071],[-91.09949,29.81461],[-91.1036,29.81741],[-91.1058,29.81671],[-91.1116,29.82661],[-91.1198,29.82761],[-91.13219,29.83711],[-91.1502,29.83681],[-91.1581,29.84091],[-91.18369,29.84651],[-91.1878,29.84921],[-91.1998,29.86111],[-91.2065,29.88351],[-91.20689,29.89651],[-91.20969,29.90241],[-91.2141,29.90761],[-91.224,29.91161],[-91.2316,29.91791],[-91.2325,29.92171],[-91.2297,29.93281],[-91.231,29.93511],[-91.2384,29.93871],[-91.24249,29.94371],[-91.2476,29.95181],[-91.2454,29.95551],[-91.2505,29.95671],[-91.2512,29.96261],[-91.2599,29.98741],[-91.2597,29.99121],[-91.2587,30.00061],[-91.2391,30.00021],[-91.2347,30.00291],[-91.22189,30.03091],[-91.222,30.03841],[-91.22359,30.04081],[-91.22919,30.04231],[-91.23409,30.03821],[-91.2384,30.03111],[-91.24139,30.02941],[-91.25739,30.04151],[-91.2635,30.05051],[-91.2644,30.05461],[-91.2692,30.05931],[-91.3362,30.05901],[-91.3428,30.06141],[-91.35419,30.06061],[-91.3576,30.05711],[-91.3676,30.05591],[-91.37189,30.06221],[-91.3689,30.07011],[-91.3713,30.08031],[-91.37569,30.08561],[-91.3781,30.09411],[-91.3807,30.09691],[-91.3894,30.09951],[-91.3894,30.10231],[-91.4641,30.10311],[-91.47189,30.11251],[-91.47169,30.11511],[-91.46429,30.12381],[-91.46149,30.13121],[-91.4722,30.14221],[-91.46819,30.15031],[-91.46809,30.15951],[-91.4687,30.16801],[-91.4724,30.17971],[-91.472,30.18621],[-91.4762,30.19131],[-91.4838,30.19501],[-91.48969,30.20061],[-91.4883,30.20981],[-91.48219,30.21771],[-91.4795,30.22401],[-91.47649,30.22551],[-91.4753,30.22931],[-91.4917,30.23661],[-91.5094,30.24051],[-91.53059,30.24121],[-91.5422,30.23981],[-91.5634,30.24221],[-91.5757,30.24781],[-91.588,30.25711],[-91.59109,30.26371],[-91.5879,30.27231],[-91.59039,30.27741],[-91.604,30.28941],[-91.62109,30.30991],[-91.6273,30.33111],[-91.62469,30.34181],[-91.62679,30.35021],[-91.6255,30.35281],[-91.6477,30.36541],[-91.6437,30.37211],[-91.6329,30.37551],[-91.6282,30.37901],[-91.6251,30.39241],[-91.625,30.39531],[-91.63,30.40711],[-91.6284,30.41341],[-91.6293,30.41621],[-91.6347,30.41971],[-91.6347,30.42261],[-91.6391,30.43021],[-91.6372,30.43491],[-91.63979,30.44201],[-91.6457,30.44411],[-91.6477,30.44911],[-91.6589,30.45761],[-91.6746,30.47431],[-91.6853,30.47601],[-91.6922,30.48091],[-91.70119,30.49231],[-91.7011,30.49731],[-91.7562,30.49771],[-91.755,30.50411],[-91.7504,30.50841],[-91.73589,30.50821],[-91.7314,30.51211],[-91.7335,30.52151],[-91.7417,30.53091],[-91.7571,30.56341],[-91.751,30.60021],[-91.7539,30.60811],[-91.754,30.61741],[-91.7504,30.62241],[-91.7447,30.62561],[-91.74139,30.63121],[-91.74599,30.65291],[-91.7455,30.66061],[-91.7327,30.66811],[-91.7316,30.67021],[-91.73569,30.67861],[-91.73389,30.70261],[-91.7379,30.71211],[-91.7463,30.72331],[-91.75159,30.73511],[-91.7578,30.74131],[-91.75539,30.75661],[-91.7661,30.78091],[-91.7774,30.79361],[-91.7874,30.79791],[-91.80679,30.81071],[-91.80769,30.81991],[-91.7985,30.82901],[-91.7995,30.83431],[-91.8046,30.84071],[-91.8183,30.84901],[-91.823,30.85721],[-91.8219,30.86051],[-91.80669,30.86271],[-91.80389,30.86451],[-91.8026,30.86901],[-91.8018,30.91401],[-91.80019,30.92521],[-91.80309,30.94021],[-91.8028,30.95571],[-91.80569,30.96921],[-91.8053,30.97511],[-91.79729,30.98241],[-91.7801,30.98701],[-91.7776,30.98991],[-91.7726,31.00471],[-91.7673,31.00921],[-91.74879,31.01921],[-91.7457,31.02521],[-91.7334,31.03351],[-91.723,31.04381],[-91.72189,31.04171],[-91.7185,31.04071],[-91.69669,31.03921],[-91.6853,31.04321],[-91.6637,31.04481],[-91.655,31.04161],[-91.6489,31.03681],[-91.64449,31.02751],[-91.6441,31.02311],[-91.6542,31.00861],[-91.65929,30.99641],[-91.65829,30.99341],[-91.6626,30.98561],[-91.6635,30.98061],[-91.6625,30.97031],[-91.6598,30.97121],[-91.65569,30.97771],[-91.6494,30.98261],[-91.641,30.99531],[-91.6365,30.99941],[-91.6244,31.00561],[-91.58469,31.02021],[-91.5752,31.02651],[-91.5665,31.03591],[-91.5612,31.04621],[-91.5599,31.05411],[-91.56419,31.06681],[-91.5947,31.09141],[-91.6186,31.10731],[-91.6265,31.11911],[-91.6251,31.13131],[-91.6217,31.13691],[-91.59969,31.15961],[-91.59019,31.17561],[-91.5888,31.17981],[-91.58929,31.19021],[-91.5862,31.19281],[-91.58379,31.20061],[-91.5868,31.20481],[-91.5833,31.21281],[-91.5784,31.21811],[-91.5757,31.22451],[-91.5612,31.23511],[-91.54729,31.23921],[-91.54089,31.23831],[-91.534,31.23461],[-91.5311,31.23141],[-91.5293,31.22551],[-91.5294,31.21461],[-91.5192,31.21561],[-91.5145,31.21771],[-91.50629,31.22621],[-91.49509,31.22531],[-91.4918,31.22731],[-91.4893,31.22631],[-91.4874,31.22911],[-91.4883,31.23501],[-91.48309,31.23471],[-91.4832,31.23781],[-91.4788,31.23921],[-91.4799,31.24431],[-91.4782,31.24831],[-91.4797,31.25131],[-91.4776,31.25911],[-91.4835,31.26531],[-91.4892,31.26611],[-91.4909,31.27051],[-91.49699,31.27611],[-91.4958,31.28351],[-91.4935,31.28491],[-91.4796,31.28221],[-91.4763,31.28591],[-91.4715,31.28681],[-91.4716,31.29291],[-91.4688,31.29901],[-91.4675,31.31951],[-91.4425,31.31891],[-91.43639,31.31721],[-91.43459,31.31491],[-91.42699,31.31481],[-91.4106,31.32411],[-91.3988,31.32361],[-91.3931,31.32801],[-91.39149,31.32521],[-91.3885,31.32681],[-91.38799,31.33021],[-91.37849,31.33651],[-91.3726,31.33491],[-91.3662,31.33601],[-91.3648,31.34211],[-91.35529,31.34391],[-91.3528,31.33981],[-91.35,31.33861],[-91.34109,31.34051],[-91.33109,31.35141],[-91.324,31.35221],[-91.32339,31.35401],[-91.3202,31.35311],[-91.314,31.35661],[-91.3109,31.35461],[-91.3055,31.36091],[-91.2994,31.36201],[-91.28999,31.35671],[-91.2857,31.35661],[-91.2764,31.36401],[-91.2748,31.36941],[-91.27219,31.36811],[-91.2627,31.36921],[-91.2618,31.36471],[-91.2643,31.36301],[-91.26199,31.36091],[-91.25809,31.36101],[-91.2541,31.36501],[-91.2506,31.36371],[-91.2445,31.36771],[-91.23959,31.36701],[-91.2362,31.37151],[-91.23209,31.37271],[-91.223,31.37061],[-91.21809,31.37151],[-91.2193,31.36931],[-91.21049,31.36231],[-91.2114,31.35781],[-91.20879,31.35501],[-91.2006,31.35321],[-91.19479,31.35471],[-91.1877,31.35361],[-91.1856,31.34891],[-91.1803,31.35121],[-91.1711,31.34611],[-91.16489,31.35021],[-91.1617,31.35001],[-91.15459,31.34371],[-91.1523,31.34651],[-91.15089,31.34541],[-91.14539,31.34681],[-91.1458,31.34351],[-91.1418,31.34311],[-91.1431,31.33981],[-91.1412,31.33751],[-91.1384,31.33711],[-91.1353,31.33251],[-91.12859,31.33081],[-91.1272,31.32751],[-91.12209,31.32661],[-91.1197,31.32491],[-91.118,31.32031],[-91.11359,31.32001],[-91.10999,31.32091],[-91.1027,31.32651],[-91.09499,31.32091],[-91.0872,31.32601],[-91.0705,31.32841],[-91.0683,31.33071],[-91.0668,31.33831],[-91.0638,31.33821],[-91.0601,31.33201],[-91.0564,31.33021],[-91.0518,31.33021],[-91.04279,31.33581],[-91.0272,31.33621],[-91.0197,31.34641],[-91.0159,31.34761],[-91.0069,31.34611],[-91.00269,31.33751],[-90.98859,31.33651],[-90.98579,31.34701],[-90.9833,31.34851],[-90.9758,31.34871],[-90.1086,31.35091],[-90.1084,31.34351],[-90.09109,31.34331],[-90.091,31.33601],[-90.0823,31.33601],[-90.08199,31.32891],[-90.0534,31.32901],[-90.05309,31.33241],[-90.0488,31.33241],[-90.048,31.33611],[-90.0404,31.33611],[-90.0403,31.23501],[-90.0319,31.23391],[-90.031,31.17571],[-90.00629,31.17561],[-90.0058,31.13281],[-89.9384,31.13261],[-89.9379,31.11111],[-89.9295,31.11121],[-89.92889,31.08921],[-89.9213,31.08931],[-89.9209,31.07471],[-89.8359,31.07491],[-89.83569,31.00208],[-89.7577,31.00191],[-89.75011,30.99952],[-89.7435,31.00291],[-89.73682,31.00269],[-89.7317,31.00471],[-89.72824,31.00169],[-89.5525,31.00191],[-89.55121,31.0141],[-89.5021,31.01381],[-89.50098,31.00171],[-89.4759,31.00081],[-89.476,30.98291],[-89.4267,30.98273],[-89.4252,30.9872],[-89.4248,31.01011],[-89.34978,31.01049],[-89.34869,31.00111],[-89.34089,31.00067],[-89.3407,30.99371],[-89.34131,30.64771],[-89.24127,30.64771],[-89.23999,30.67609],[-89.23328,30.67712],[-88.88452,30.6767],[-88.88451,30.73572],[-88.841,30.73608],[-88.82782,30.73431],[-88.4129,30.73572],[-88.39648,30.39752],[-88.39972,30.39124],[-88.39368,30.38672],[-88.3988,30.38849],[-88.39691,30.38208],[-88.40442,30.38708],[-88.409,30.38593],[-88.41241,30.38129],[-88.4107,30.37561],[-88.40363,30.37347],[-88.39679,30.36609],[-88.39819,30.35968],[-88.39383,30.34994],[-88.40192,30.3443],[-88.40381,30.34772],[-88.40192,30.34991],[-88.4101,30.35193],[-88.41211,30.35828],[-88.4212,30.35773],[-88.42383,30.35553],[-88.42682,30.35553],[-88.43188,30.3609],[-88.43451,30.35828],[-88.44491,30.35747],[-88.44897,30.35529],[-88.44592,30.3443],[-88.44641,30.33929],[-88.44971,30.33411],[-88.45453,30.32953],[-88.47192,30.32013],[-88.47992,30.31848],[-88.48938,30.31891],[-88.50482,30.32172],[-88.50641,30.32788],[-88.51099,30.3313],[-88.5072,30.3465],[-88.51093,30.34412],[-88.51459,30.33429],[-88.52252,30.34009],[-88.53619,30.34332],[-88.56183,30.34351],[-88.57819,30.34692],[-88.58582,30.35889],[-88.5827,30.36169],[-88.5824,30.36853],[-88.586,30.37128],[-88.5943,30.37329],[-88.5968,30.37091],[-88.59723,30.36713],[-88.59418,30.35773],[-88.59851,30.3587],[-88.60132,30.3559],[-88.6026,30.36133],[-88.59949,30.36469],[-88.60211,30.37311],[-88.60828,30.37268],[-88.60901,30.36853],[-88.60571,30.36072],[-88.60559,30.35571],[-88.6109,30.35529],[-88.61151,30.37311],[-88.61731,30.37268],[-88.62982,30.36652],[-88.638,30.3595],[-88.66602,30.36108],[-88.67871,30.35608],[-88.69922,30.34412],[-88.7063,30.34271],[-88.73199,30.3443],[-88.74371,30.34772],[-88.75739,30.35449],[-88.77551,30.36768],[-88.80573,30.38208],[-88.80902,30.38507],[-88.79102,30.38428],[-88.78351,30.38251],[-88.78113,30.3797],[-88.77618,30.3797],[-88.77191,30.38232],[-88.77472,30.38452],[-88.78009,30.38312],[-88.78418,30.38611],[-88.7887,30.38672],[-88.79468,30.39252],[-88.80481,30.39252],[-88.8418,30.41071],[-88.84448,30.41852],[-88.85303,30.42328],[-88.8515,30.42633],[-88.84198,30.42352],[-88.83881,30.41913],[-88.83112,30.4209],[-88.83319,30.42328],[-88.83789,30.42371],[-88.8501,30.43213],[-88.86041,30.42987],[-88.86981,30.42468],[-88.87341,30.4259],[-88.87738,30.4231],[-88.88205,30.4253],[-88.89172,30.42371],[-88.90521,30.4295],[-88.91931,30.42889],[-88.92139,30.4259],[-88.92493,30.42828],[-88.9248,30.4317],[-88.92822,30.43292],[-88.93231,30.43073],[-88.9361,30.4245],[-88.94568,30.42352],[-88.9502,30.42133],[-88.96039,30.42493],[-88.97699,30.42389],[-88.9884,30.43011],[-88.99182,30.4295],[-88.99292,30.42169],[-88.99609,30.42407],[-89.00769,30.4245],[-89.00623,30.41827],[-88.98853,30.40991],[-88.98651,30.4129],[-88.98071,30.41492],[-88.95928,30.41686],[-88.95538,30.41467],[-88.94379,30.4201],[-88.94031,30.4173],[-88.92981,30.41333],[-88.91211,30.42108],[-88.90582,30.41211],[-88.89673,30.41193],[-88.89392,30.4137],[-88.88611,30.41168],[-88.88263,30.41272],[-88.8739,30.40808],[-88.86836,30.40947],[-88.86078,30.40668],[-88.85872,30.40352],[-88.85931,30.39789],[-88.85755,30.39365],[-88.8631,30.39111],[-88.91669,30.3941],[-88.97119,30.39093],[-89.01489,30.38428],[-89.08289,30.36829],[-89.08978,30.36493],[-89.09119,30.36108],[-89.09473,30.36029],[-89.09385,30.35531],[-89.09729,30.35773],[-89.09851,30.36292],[-89.11499,30.35608],[-89.12451,30.35388],[-89.14221,30.34552],[-89.15448,30.34253],[-89.18311,30.33191],[-89.2204,30.32251],[-89.24982,30.31152],[-89.28589,30.30328],[-89.29163,30.30432],[-89.29352,30.30829],[-89.29028,30.31653],[-89.29211,30.32489],[-89.29138,30.3291],[-89.27417,30.34552],[-89.28631,30.35527],[-89.28506,30.3583],[-89.28082,30.36133],[-89.28461,30.3631],[-89.29012,30.36077],[-89.29431,30.36627],[-89.29797,30.36688],[-89.30548,30.36591],[-89.30768,30.3631],[-89.31152,30.36188],[-89.31091,30.36713],[-89.3078,30.37073],[-89.3089,30.37329],[-89.31628,30.37549],[-89.3363,30.3739],[-89.34961,30.37091],[-89.35388,30.3681],[-89.36658,30.35309],[-89.37628,30.3479],[-89.37708,30.3399],[-89.37958,30.33728],[-89.38422,30.33588],[-89.37311,30.3335],[-89.36493,30.3371],[-89.36133,30.33691],[-89.35901,30.33893],[-89.35468,30.33868],[-89.34509,30.34387],[-89.33771,30.34253],[-89.33331,30.33929],[-89.33038,30.3291],[-89.32233,30.31927],[-89.32489,30.3103],[-89.32861,30.3031],[-89.33618,30.2981],[-89.36572,30.28491],[-89.37921,30.27032],[-89.39539,30.26129],[-89.41541,30.25653],[-89.42102,30.25208],[-89.42462,30.24487],[-89.42468,30.23993],[-89.42072,30.23608],[-89.41962,30.23291],[-89.42078,30.22949],[-89.42853,30.22449],[-89.43591,30.21448],[-89.44751,30.20428],[-89.44849,30.20148],[-89.44672,30.19452],[-89.44342,30.18829],[-89.46039,30.17572],[-89.46448,30.17468],[-89.46881,30.17651],[-89.46271,30.17853],[-89.45978,30.18652],[-89.46161,30.19012],[-89.46588,30.19312],[-89.47632,30.19208],[-89.48041,30.19348],[-89.48828,30.18951],[-89.49219,30.18347],[-89.49902,30.18152],[-89.50311,30.18311],[-89.5213,30.18329],[-89.52722,30.18872],[-89.52979,30.18549],[-89.5318,30.17828],[-89.54321,30.1825],[-89.55829,30.1795],[-89.56311,30.17688],[-89.57172,30.16949],[-89.5731,30.16576],[-89.57239,30.16193],[-89.57471,30.15808],[-89.58588,30.15112],[-89.59161,30.15009],[-89.5957,30.15051],[-89.59839,30.15271],[-89.6189,30.15649],[-89.61872,30.1626],[-89.60931,30.15944],[-89.60303,30.16067],[-89.59589,30.15963],[-89.5943,30.16262],[-89.58148,30.16982],[-89.58101,30.1733],[-89.58801,30.17965],[-89.58319,30.18142],[-89.57809,30.18046],[-89.58051,30.18488],[-89.59167,30.18213],[-89.59583,30.18311],[-89.60718,30.18091],[-89.60937,30.17389],[-89.61963,30.16949],[-89.62341,30.1665],[-89.62518,30.16272],[-89.63422,30.16089],[-89.65259,30.16193],[-89.66101,30.16852],[-89.6875,30.17871],[-89.70813,30.16913],[-89.71881,30.1673],[-89.73523,30.1781],[-89.7475,30.18073],[-89.75403,30.17853],[-89.7619,30.19427],[-89.79687,30.21332],[-89.82019,30.21649],[-89.83118,30.22308],[-89.84961,30.22528],[-89.85461,30.23389],[-89.85211,30.23572],[-89.8584,30.23889],[-89.86525,30.25004],[-89.87769,30.24988],[-89.88562,30.25409],[-89.89648,30.25708],[-89.92969,30.24951],[-89.94049,30.25671],[-89.9552,30.26172],[-89.97552,30.2583],[-89.9823,30.2597],[-89.98779,30.26569],[-89.98499,30.27991],[-89.98541,30.28491],[-89.98779,30.29388],[-89.99359,30.30389],[-90.0011,30.3111],[-90.01111,30.3175],[-90.03802,30.32452],[-90.04169,30.32751],[-90.04932,30.33972],[-90.06042,30.34888],[-90.07758,30.35687],[-90.08533,30.3623],[-90.08893,30.36249],[-90.09131,30.3653],[-90.09442,30.3645],[-90.12433,30.36792],[-90.14209,30.3739],[-90.15887,30.3761],[-90.164,30.37988],[-90.18121,30.38129],[-90.1886,30.3877],[-90.19983,30.38812],[-90.2121,30.38489],[-90.22321,30.37848],[-90.26038,30.35071],[-90.26898,30.34052],[-90.26788,30.33854],[-90.27399,30.3349],[-90.27703,30.33111],[-90.2953,30.30192],[-90.29902,30.29773],[-90.31,30.29529],[-90.30609,30.29132],[-90.31293,30.28809],[-90.31989,30.28168],[-90.33899,30.25531],[-90.34637,30.24988],[-90.35468,30.24011],[-90.36249,30.23889],[-90.3739,30.23212],[-90.38129,30.22968],[-90.39008,30.22351],[-90.40399,30.21753],[-90.4248,30.18872],[-90.43079,30.16968],[-90.43279,30.15764],[-90.43221,30.13975],[-90.42588,30.11329],[-90.41644,30.09332],[-90.4064,30.08042],[-90.39387,30.06905],[-90.37541,30.05764],[-90.37698,30.0597],[-90.37499,30.06046],[-90.37439,30.05847],[-90.36871,30.05662],[-90.36267,30.05768],[-90.34666,30.05396],[-90.32807,30.05402],[-90.32616,30.05231],[-90.32362,30.05486],[-90.31358,30.05672],[-90.28091,30.04932],[-90.27965,30.04322],[-90.28039,30.04865],[-90.27838,30.05011],[-90.26989,30.0501],[-90.26599,30.04801],[-90.26007,30.04889],[-90.24528,30.04151],[-90.23767,30.04132],[-90.22311,30.03468],[-90.19528,30.0263],[-90.18027,30.0225],[-90.15441,30.0213],[-90.14977,30.0198],[-90.12828,30.02007],[-90.12091,30.02344],[-90.11497,30.0222],[-90.11287,30.0269],[-90.09697,30.02801],[-90.09211,30.02989],[-90.08247,30.02603],[-90.07767,30.0322],[-90.07407,30.0312],[-90.06334,30.03409],[-90.04335,30.03499],[-90.03777,30.0313],[-90.03407,30.03168],[-90.03416,30.03323],[-90.03157,30.034],[-90.03067,30.0528],[-90.02808,30.0529],[-90.02807,30.0448],[-90.01807,30.0374],[-90.01227,30.038],[-89.99249,30.04608],[-89.96027,30.064],[-89.93366,30.08491],[-89.91748,30.10168],[-89.90167,30.1217],[-89.89319,30.13507],[-89.88067,30.14771],[-89.87825,30.14669],[-89.87402,30.1507],[-89.87191,30.14991],[-89.87281,30.14769],[-89.87048,30.14788],[-89.87115,30.14508],[-89.87598,30.14288],[-89.87686,30.14042],[-89.867,30.13489],[-89.86631,30.13669],[-89.87231,30.13989],[-89.86794,30.14184],[-89.86829,30.14532],[-89.8657,30.14669],[-89.86652,30.1485],[-89.86951,30.14893],[-89.8703,30.1521],[-89.86407,30.15448],[-89.85286,30.15436],[-89.85574,30.14388],[-89.85682,30.14209],[-89.85905,30.14212],[-89.85963,30.13547],[-89.84665,30.1102],[-89.84146,30.1048],[-89.83852,30.10449],[-89.83975,30.10084],[-89.83789,30.10388],[-89.82961,30.1037],[-89.82038,30.1004],[-89.81822,30.09682],[-89.8059,30.0995],[-89.79116,30.10609],[-89.78601,30.11511],[-89.77217,30.12711],[-89.76535,30.13094],[-89.75796,30.13964],[-89.75044,30.14417],[-89.74469,30.15369],[-89.7475,30.16809],[-89.74582,30.17332],[-89.74316,30.17457],[-89.73903,30.16822],[-89.73652,30.16688],[-89.73734,30.16579],[-89.73608,30.16528],[-89.73783,30.16385],[-89.73276,30.16161],[-89.73064,30.15446],[-89.72383,30.15623],[-89.71649,30.15448],[-89.70941,30.15661],[-89.69308,30.16551],[-89.69122,30.1673],[-89.69079,30.17187],[-89.68703,30.17307],[-89.6633,30.16165],[-89.66003,30.15751],[-89.66072,30.14965],[-89.66052,30.15254],[-89.65638,30.15638],[-89.65028,30.15341],[-89.65112,30.15491],[-89.63938,30.15467],[-89.62694,30.15003],[-89.62947,30.14391],[-89.64038,30.14087],[-89.64211,30.13671],[-89.6485,30.13092],[-89.65698,30.11853],[-89.66901,30.11108],[-89.67743,30.10931],[-89.6825,30.09131],[-89.68378,30.07611],[-89.69531,30.07129],[-89.70923,30.07013],[-89.71942,30.06732],[-89.72961,30.0603],[-89.73168,30.05351],[-89.73125,30.04878],[-89.7204,30.03248],[-89.72502,30.03282],[-89.71791,30.03033],[-89.71634,30.02802],[-89.71759,30.02551],[-89.72622,30.02237],[-89.73328,30.02228],[-89.74432,30.03009],[-89.75399,30.04068],[-89.75517,30.0403],[-89.75296,30.03919],[-89.75201,30.03632],[-89.76508,30.04388],[-89.77301,30.04327],[-89.78229,30.04547],[-89.79388,30.0459],[-89.81561,30.04492],[-89.82587,30.03532],[-89.82953,30.03333],[-89.83193,30.0341],[-89.83124,30.03205],[-89.83733,30.02691],[-89.85052,30.00788],[-89.85669,30.00232],[-89.8534,29.99325],[-89.85211,29.97823],[-89.83862,29.94362],[-89.83368,29.94283],[-89.81921,29.93484],[-89.80713,29.93282],[-89.77478,29.93783],[-89.74933,29.94582],[-89.72821,29.95882],[-89.71979,29.95443],[-89.7146,29.94985],[-89.71369,29.94647],[-89.73669,29.93652],[-89.7428,29.9361],[-89.74625,29.93775],[-89.74872,29.93231],[-89.74494,29.93731],[-89.74374,29.9356],[-89.74577,29.93058],[-89.74939,29.92749],[-89.75219,29.92777],[-89.7519,29.92532],[-89.75582,29.92356],[-89.75648,29.91989],[-89.75039,29.91867],[-89.75091,29.91692],[-89.749,29.91737],[-89.74895,29.91909],[-89.75556,29.92],[-89.75587,29.92184],[-89.7513,29.92486],[-89.75159,29.9274],[-89.7493,29.92671],[-89.74627,29.92822],[-89.7439,29.91342],[-89.75005,29.91464],[-89.7497,29.913],[-89.7475,29.91406],[-89.74362,29.91126],[-89.74222,29.90074],[-89.74004,29.9014],[-89.74168,29.90085],[-89.74152,29.90356],[-89.74323,29.90398],[-89.74213,29.90844],[-89.73785,29.90355],[-89.72557,29.89707],[-89.71332,29.88186],[-89.70483,29.87565],[-89.71307,29.8804],[-89.72202,29.89041],[-89.71468,29.88106],[-89.70504,29.87521],[-89.70394,29.87242],[-89.70433,29.87542],[-89.69023,29.86887],[-89.67537,29.86845],[-89.67747,29.85818],[-89.67474,29.86386],[-89.67418,29.86944],[-89.6628,29.86399],[-89.65211,29.86383],[-89.65083,29.86051],[-89.64869,29.8598],[-89.65056,29.86188],[-89.64917,29.86399],[-89.6298,29.86642],[-89.60994,29.87447],[-89.6086,29.87281],[-89.60887,29.87514],[-89.59767,29.88135],[-89.59365,29.8868],[-89.58974,29.89647],[-89.58973,29.90055],[-89.59068,29.89595],[-89.59179,29.89636],[-89.59339,29.91823],[-89.58241,29.93147],[-89.58067,29.93764],[-89.58167,29.94251],[-89.57856,29.9471],[-89.58177,29.94485],[-89.58325,29.94671],[-89.57178,29.96517],[-89.57321,29.9709],[-89.57153,29.97566],[-89.57261,29.98118],[-89.58018,29.9902],[-89.58114,29.99462],[-89.57286,29.99987],[-89.56879,29.99797],[-89.56104,30.00097],[-89.55581,30.00097],[-89.5531,30.00581],[-89.54565,30.00821],[-89.54382,30.01064],[-89.54176,30.01061],[-89.54199,30.01194],[-89.53544,30.01494],[-89.53518,30.01666],[-89.52689,30.0184],[-89.52032,30.02328],[-89.5193,30.02243],[-89.50801,30.02822],[-89.49778,30.03662],[-89.49244,30.04716],[-89.49429,30.04766],[-89.49579,30.05629],[-89.49677,30.05526],[-89.49893,30.05705],[-89.49406,30.06147],[-89.49847,30.05932],[-89.49911,30.06067],[-89.49312,30.06631],[-89.49256,30.06853],[-89.49443,30.07206],[-89.4911,30.07524],[-89.48777,30.07582],[-89.48541,30.08035],[-89.48111,30.07877],[-89.47753,30.0733],[-89.47218,30.07296],[-89.46317,30.06808],[-89.45702,30.0611],[-89.45244,30.06284],[-89.44535,30.06289],[-89.43734,30.05565],[-89.42786,30.05283],[-89.44235,30.0471],[-89.4411,30.03987],[-89.4347,30.0351],[-89.42486,30.03618],[-89.42299,30.03837],[-89.42288,30.04172],[-89.42459,30.0441],[-89.42278,30.04504],[-89.42107,30.04957],[-89.41257,30.04813],[-89.41454,30.04259],[-89.40864,30.03808],[-89.39375,30.03706],[-89.393,30.03491],[-89.38536,30.03433],[-89.3896,30.0306],[-89.39964,30.03068],[-89.40556,30.02848],[-89.40798,30.02561],[-89.40706,30.0231],[-89.40206,30.02041],[-89.40448,30.01654],[-89.40238,30.01079],[-89.39643,30.00685],[-89.39828,30.00314],[-89.39773,30.00007],[-89.40264,30.00538],[-89.40519,30.00479],[-89.40562,30.00701],[-89.4093,30.00862],[-89.40896,30.01998],[-89.41214,30.02312],[-89.41917,30.02311],[-89.42211,30.01614],[-89.42359,30.01826],[-89.42159,30.01975],[-89.42741,30.02882],[-89.43346,30.02887],[-89.439,30.02505],[-89.44736,30.02227],[-89.44889,30.01895],[-89.44691,30.01473],[-89.44842,30.01359],[-89.44776,30.01077],[-89.45044,30.01233],[-89.45271,30.01142],[-89.4535,30.00809],[-89.45815,30.00427],[-89.45794,30.00038],[-89.456,29.99559],[-89.45092,29.99445],[-89.44736,29.99463],[-89.44305,29.99768],[-89.44129,29.99539],[-89.44197,29.98884],[-89.4376,29.98726],[-89.43446,29.98929],[-89.43402,29.9843],[-89.44231,29.98453],[-89.44403,29.98599],[-89.45187,29.98256],[-89.4547,29.97891],[-89.45581,29.97301],[-89.44802,29.96939],[-89.44812,29.96714],[-89.45228,29.96217],[-89.45042,29.95623],[-89.45168,29.95324],[-89.44739,29.95434],[-89.43578,29.96893],[-89.43381,29.96898],[-89.43536,29.97447],[-89.43272,29.9769],[-89.42979,29.97424],[-89.42389,29.97303],[-89.41979,29.97541],[-89.418,29.9717],[-89.42323,29.9704],[-89.424,29.96507],[-89.416,29.96203],[-89.4109,29.96762],[-89.41122,29.97149],[-89.40951,29.96584],[-89.40508,29.96377],[-89.40235,29.96384],[-89.40194,29.96759],[-89.40056,29.96608],[-89.39156,29.96585],[-89.38447,29.9612],[-89.37772,29.96422],[-89.38017,29.96157],[-89.37999,29.95687],[-89.38616,29.95692],[-89.38851,29.95903],[-89.39419,29.95935],[-89.39629,29.96109],[-89.39804,29.958],[-89.38791,29.94674],[-89.37952,29.94262],[-89.3799,29.9335],[-89.37759,29.92565],[-89.37951,29.92072],[-89.37436,29.90493],[-89.37081,29.90195],[-89.37012,29.89776],[-89.3717,29.89611],[-89.3701,29.89652],[-89.36833,29.89377],[-89.37247,29.89],[-89.37535,29.89426],[-89.3746,29.88806],[-89.37421,29.89034],[-89.37044,29.88782],[-89.36612,29.88851],[-89.36457,29.89048],[-89.36657,29.89174],[-89.36352,29.89279],[-89.3565,29.8917],[-89.35611,29.89752],[-89.35146,29.90308],[-89.35112,29.90739],[-89.34681,29.90641],[-89.34415,29.90977],[-89.3421,29.9101],[-89.34509,29.90368],[-89.34801,29.90248],[-89.35146,29.89621],[-89.35031,29.89478],[-89.34871,29.8961],[-89.34609,29.89364],[-89.34217,29.89317],[-89.3427,29.89051],[-89.35145,29.887],[-89.35423,29.8826],[-89.35148,29.87956],[-89.34569,29.87905],[-89.34144,29.88586],[-89.33851,29.88762],[-89.34067,29.8824],[-89.33773,29.87926],[-89.33823,29.87447],[-89.32956,29.87362],[-89.32811,29.86968],[-89.3202,29.87314],[-89.32903,29.86718],[-89.32848,29.8659],[-89.33029,29.86466],[-89.32916,29.86212],[-89.32533,29.86244],[-89.32616,29.86379],[-89.32309,29.8659],[-89.31414,29.86801],[-89.30985,29.8686],[-89.30755,29.86616],[-89.30669,29.86771],[-89.30894,29.86872],[-89.30419,29.87312],[-89.30298,29.87225],[-89.30663,29.87035],[-89.30505,29.86876],[-89.29989,29.86888],[-89.29935,29.86753],[-89.29832,29.87161],[-89.29964,29.87323],[-89.29559,29.87369],[-89.29063,29.86913],[-89.28608,29.86744],[-89.28722,29.86556],[-89.28515,29.86817],[-89.28237,29.867],[-89.28158,29.87018],[-89.27956,29.87133],[-89.27104,29.8713],[-89.27147,29.8629],[-89.26981,29.86214],[-89.26887,29.85614],[-89.27184,29.85799],[-89.27418,29.85433],[-89.28009,29.85719],[-89.28331,29.85546],[-89.28537,29.85864],[-89.29282,29.85974],[-89.29391,29.86242],[-89.29182,29.8613],[-89.28479,29.86269],[-89.28873,29.86597],[-89.29081,29.86318],[-89.29381,29.86315],[-89.29388,29.86595],[-89.29102,29.86613],[-89.29224,29.86826],[-89.30801,29.86476],[-89.31091,29.86485],[-89.31187,29.86656],[-89.31518,29.86634],[-89.31712,29.86405],[-89.31917,29.86503],[-89.31962,29.8615],[-89.31718,29.86015],[-89.31596,29.86102],[-89.31828,29.86313],[-89.31201,29.8656],[-89.31276,29.86238],[-89.31075,29.86418],[-89.30757,29.86386],[-89.30495,29.86139],[-89.30532,29.85821],[-89.31294,29.85591],[-89.31461,29.85285],[-89.31836,29.85481],[-89.32104,29.8601],[-89.3333,29.86033],[-89.34138,29.86729],[-89.33965,29.86374],[-89.33694,29.86265],[-89.33788,29.86063],[-89.34364,29.8588],[-89.34592,29.86239],[-89.34985,29.86328],[-89.3552,29.86254],[-89.35699,29.86076],[-89.354,29.86152],[-89.35652,29.85973],[-89.35624,29.85751],[-89.35781,29.85787],[-89.3578,29.85261],[-89.35333,29.85112],[-89.35649,29.84837],[-89.36395,29.84646],[-89.3656,29.8444],[-89.3722,29.84474],[-89.37505,29.84279],[-89.38232,29.84161],[-89.38584,29.839],[-89.39154,29.84026],[-89.39123,29.83817],[-89.38673,29.83753],[-89.38311,29.83398],[-89.38214,29.82917],[-89.3867,29.82729],[-89.38853,29.82977],[-89.39123,29.83036],[-89.39021,29.83188],[-89.39454,29.83162],[-89.40362,29.82636],[-89.4054,29.82819],[-89.41046,29.82723],[-89.40826,29.82792],[-89.41041,29.82918],[-89.41191,29.82776],[-89.40865,29.82586],[-89.4133,29.82528],[-89.41346,29.82205],[-89.41782,29.81779],[-89.41601,29.81616],[-89.41979,29.8172],[-89.42149,29.81973],[-89.42261,29.81895],[-89.42019,29.81685],[-89.42019,29.81484],[-89.41424,29.81555],[-89.40623,29.81307],[-89.40776,29.81119],[-89.40103,29.81223],[-89.40256,29.81433],[-89.39738,29.81245],[-89.39019,29.81359],[-89.38922,29.81096],[-89.38544,29.81087],[-89.38331,29.80826],[-89.3754,29.80605],[-89.37811,29.80488],[-89.37759,29.80335],[-89.37233,29.80284],[-89.37212,29.8041],[-89.36823,29.80492],[-89.36454,29.79908],[-89.36315,29.80232],[-89.36114,29.79994],[-89.35629,29.80161],[-89.35261,29.79941],[-89.34241,29.79949],[-89.34409,29.79575],[-89.33887,29.79383],[-89.34007,29.79144],[-89.33829,29.78879],[-89.33093,29.7846],[-89.32552,29.78531],[-89.32305,29.78861],[-89.31969,29.78606],[-89.31299,29.78728],[-89.30832,29.79287],[-89.30635,29.79926],[-89.29916,29.80196],[-89.29177,29.8018],[-89.27756,29.80934],[-89.27721,29.80173],[-89.28331,29.80393],[-89.2872,29.80203],[-89.29687,29.79222],[-89.29708,29.7865],[-89.2983,29.78945],[-89.29999,29.78783],[-89.29647,29.78524],[-89.29747,29.78375],[-89.29642,29.78293],[-89.29494,29.78801],[-89.29445,29.78586],[-89.29079,29.78801],[-89.28268,29.78613],[-89.28287,29.78441],[-89.28888,29.78517],[-89.28783,29.78441],[-89.29106,29.78013],[-89.28894,29.77614],[-89.2914,29.77532],[-89.29078,29.77064],[-89.28844,29.7675],[-89.28154,29.76352],[-89.27528,29.7642],[-89.27526,29.76122],[-89.27283,29.7636],[-89.26962,29.75863],[-89.28306,29.76212],[-89.29266,29.75942],[-89.30099,29.75937],[-89.30611,29.75722],[-89.30643,29.7605],[-89.30957,29.76375],[-89.31609,29.76146],[-89.31785,29.76744],[-89.32444,29.77211],[-89.32867,29.77798],[-89.35246,29.78262],[-89.35686,29.78118],[-89.36349,29.78163],[-89.36655,29.77741],[-89.37185,29.78339],[-89.37743,29.785],[-89.37705,29.78633],[-89.37442,29.78616],[-89.3745,29.78772],[-89.37611,29.78685],[-89.3772,29.78912],[-89.37429,29.79134],[-89.38048,29.79201],[-89.38152,29.7894],[-89.38773,29.79204],[-89.39661,29.78908],[-89.40018,29.78473],[-89.39952,29.77868],[-89.40331,29.77765],[-89.40434,29.7744],[-89.39903,29.77044],[-89.40138,29.76767],[-89.4029,29.77016],[-89.40843,29.76964],[-89.41022,29.76684],[-89.40988,29.7605],[-89.41487,29.75681],[-89.41484,29.75239],[-89.41916,29.75189],[-89.41983,29.76247],[-89.41592,29.76973],[-89.41486,29.7753],[-89.41785,29.77921],[-89.42359,29.78016],[-89.42413,29.78206],[-89.41987,29.78801],[-89.41379,29.78604],[-89.41208,29.78803],[-89.42336,29.7884],[-89.424,29.79152],[-89.42563,29.78602],[-89.42545,29.77867],[-89.42754,29.77841],[-89.43511,29.78248],[-89.43612,29.7803],[-89.43716,29.78531],[-89.44627,29.79356],[-89.46245,29.7972],[-89.46734,29.80336],[-89.47209,29.80491],[-89.47369,29.80709],[-89.47469,29.80393],[-89.47007,29.80033],[-89.46999,29.79795],[-89.47233,29.79645],[-89.46602,29.79046],[-89.45202,29.78313],[-89.44934,29.77649],[-89.44924,29.77149],[-89.44094,29.76973],[-89.43797,29.76758],[-89.43947,29.76075],[-89.43682,29.75425],[-89.43417,29.75248],[-89.43288,29.74725],[-89.42603,29.73499],[-89.42215,29.73343],[-89.42329,29.73153],[-89.42803,29.7347],[-89.42367,29.73103],[-89.42397,29.72924],[-89.43197,29.73552],[-89.43207,29.73893],[-89.43764,29.74067],[-89.43706,29.74319],[-89.44051,29.74127],[-89.44375,29.74214],[-89.44346,29.74819],[-89.44949,29.75307],[-89.44364,29.75351],[-89.44249,29.75553],[-89.44459,29.75807],[-89.4458,29.75743],[-89.44361,29.75521],[-89.44759,29.75427],[-89.45307,29.75892],[-89.45212,29.76109],[-89.46345,29.76288],[-89.46783,29.76573],[-89.47707,29.76821],[-89.4761,29.76407],[-89.47352,29.76343],[-89.47791,29.75912],[-89.47675,29.75351],[-89.47168,29.75179],[-89.46832,29.75367],[-89.46429,29.75365],[-89.46078,29.75191],[-89.46649,29.74777],[-89.47194,29.73888],[-89.42709,29.7066],[-89.4278,29.70413],[-89.42381,29.69848],[-89.42976,29.70235],[-89.43256,29.70081],[-89.43281,29.69465],[-89.42903,29.69043],[-89.43307,29.68728],[-89.43029,29.68313],[-89.42423,29.68024],[-89.42758,29.67719],[-89.43141,29.67889],[-89.4317,29.68104],[-89.43616,29.68434],[-89.43892,29.6834],[-89.43779,29.68164],[-89.44366,29.6837],[-89.44377,29.68501],[-89.44167,29.68478],[-89.4429,29.6862],[-89.44771,29.68327],[-89.44314,29.6823],[-89.44705,29.68146],[-89.44831,29.68473],[-89.44734,29.68824],[-89.44941,29.68633],[-89.46227,29.6878],[-89.4662,29.6869],[-89.46555,29.69048],[-89.45692,29.68918],[-89.45781,29.69224],[-89.4618,29.69085],[-89.46408,29.69481],[-89.46906,29.6954],[-89.46747,29.70005],[-89.4698,29.70037],[-89.46707,29.70255],[-89.45618,29.69041],[-89.45277,29.68879],[-89.45107,29.69176],[-89.45589,29.69142],[-89.45513,29.6939],[-89.45943,29.69602],[-89.46046,29.69861],[-89.45726,29.69848],[-89.46051,29.70001],[-89.46288,29.70381],[-89.46763,29.70514],[-89.47062,29.70967],[-89.46526,29.70727],[-89.46416,29.70851],[-89.46973,29.71062],[-89.47143,29.70846],[-89.475,29.70944],[-89.46862,29.70518],[-89.47193,29.70363],[-89.47886,29.70825],[-89.48025,29.7132],[-89.48267,29.71503],[-89.48075,29.71615],[-89.48128,29.71778],[-89.47377,29.71549],[-89.47107,29.71803],[-89.47931,29.7217],[-89.48159,29.71869],[-89.48327,29.72083],[-89.48566,29.72098],[-89.48558,29.72351],[-89.48367,29.72325],[-89.48569,29.72454],[-89.49747,29.72446],[-89.49975,29.72677],[-89.49876,29.72359],[-89.49661,29.7229],[-89.49542,29.71612],[-89.49962,29.7197],[-89.49755,29.71947],[-89.49776,29.72128],[-89.49954,29.72091],[-89.50343,29.72424],[-89.50044,29.72408],[-89.50056,29.72534],[-89.50925,29.7268],[-89.50889,29.72951],[-89.51044,29.73132],[-89.50849,29.73262],[-89.50008,29.7293],[-89.50492,29.73411],[-89.50886,29.73576],[-89.50686,29.7386],[-89.50906,29.74073],[-89.5129,29.73934],[-89.50999,29.73604],[-89.52196,29.74039],[-89.52405,29.74406],[-89.53313,29.74617],[-89.54576,29.74335],[-89.54518,29.74553],[-89.54687,29.74635],[-89.54692,29.74326],[-89.55149,29.74269],[-89.55025,29.74124],[-89.56083,29.73707],[-89.56403,29.74161],[-89.56017,29.74354],[-89.56561,29.74225],[-89.57529,29.7515],[-89.57655,29.75471],[-89.58157,29.75743],[-89.58445,29.75597],[-89.58482,29.75311],[-89.58712,29.75138],[-89.58466,29.75036],[-89.58448,29.7485],[-89.59882,29.74969],[-89.60372,29.74573],[-89.60287,29.73702],[-89.60751,29.73166],[-89.60479,29.73004],[-89.60495,29.73235],[-89.60268,29.73358],[-89.60348,29.72878],[-89.59253,29.72848],[-89.5893,29.73029],[-89.587,29.7346],[-89.58862,29.73893],[-89.58592,29.73938],[-89.58471,29.73359],[-89.58581,29.72819],[-89.58061,29.72166],[-89.57996,29.71412],[-89.5813,29.7133],[-89.58121,29.71584],[-89.58397,29.71636],[-89.58796,29.72147],[-89.59938,29.72186],[-89.60557,29.71963],[-89.60456,29.71343],[-89.60743,29.71627],[-89.61026,29.71177],[-89.61328,29.71193],[-89.61277,29.71699],[-89.62016,29.71685],[-89.61866,29.72048],[-89.61153,29.7205],[-89.61082,29.72428],[-89.603,29.72484],[-89.61247,29.72639],[-89.60799,29.72749],[-89.61124,29.73225],[-89.60949,29.7342],[-89.60896,29.73952],[-89.61117,29.74139],[-89.61072,29.74277],[-89.61377,29.74412],[-89.61561,29.74831],[-89.62088,29.75199],[-89.62984,29.75502],[-89.62946,29.75734],[-89.6319,29.76174],[-89.63288,29.75972],[-89.63477,29.76029],[-89.63375,29.75734],[-89.63659,29.75768],[-89.63614,29.75461],[-89.64089,29.75424],[-89.64524,29.75136],[-89.64897,29.75228],[-89.65328,29.74923],[-89.65077,29.74122],[-89.65263,29.73721],[-89.64957,29.73723],[-89.64568,29.73407],[-89.64964,29.72993],[-89.65025,29.72695],[-89.64545,29.7192],[-89.65221,29.7206],[-89.64996,29.71866],[-89.64909,29.71416],[-89.64345,29.71091],[-89.63921,29.71079],[-89.63721,29.70786],[-89.63181,29.70859],[-89.63011,29.70731],[-89.62865,29.70864],[-89.63188,29.71343],[-89.62837,29.71349],[-89.62597,29.70962],[-89.6219,29.71294],[-89.62257,29.71037],[-89.6263,29.70756],[-89.61857,29.70065],[-89.61391,29.70261],[-89.61294,29.70532],[-89.61123,29.70422],[-89.61106,29.70701],[-89.60913,29.70323],[-89.60104,29.70372],[-89.59896,29.70568],[-89.5894,29.70246],[-89.59475,29.70163],[-89.59459,29.69813],[-89.5963,29.6987],[-89.59753,29.69705],[-89.59656,29.69428],[-89.60296,29.69794],[-89.60249,29.68988],[-89.59985,29.68471],[-89.60419,29.68573],[-89.60786,29.6844],[-89.61111,29.6864],[-89.60967,29.68789],[-89.61221,29.68777],[-89.61335,29.68999],[-89.61765,29.68914],[-89.61529,29.68816],[-89.61681,29.68493],[-89.61973,29.6852],[-89.63171,29.69148],[-89.63111,29.68915],[-89.62977,29.68924],[-89.62996,29.68693],[-89.61978,29.6836],[-89.62042,29.68154],[-89.61895,29.68027],[-89.61064,29.67884],[-89.59712,29.68233],[-89.59724,29.68399],[-89.59419,29.68173],[-89.59137,29.68294],[-89.58519,29.67974],[-89.58609,29.6769],[-89.57381,29.67477],[-89.57263,29.67113],[-89.5676,29.67016],[-89.56608,29.668],[-89.55817,29.66865],[-89.55723,29.66918],[-89.5598,29.67626],[-89.55484,29.67647],[-89.56431,29.6775],[-89.55427,29.68002],[-89.5508,29.67507],[-89.54887,29.67468],[-89.54978,29.6772],[-89.54705,29.68132],[-89.55,29.68247],[-89.55429,29.68123],[-89.55199,29.68441],[-89.53816,29.6834],[-89.53233,29.68688],[-89.53236,29.68858],[-89.52914,29.68943],[-89.52722,29.69288],[-89.52858,29.69456],[-89.53231,29.69527],[-89.53448,29.69406],[-89.53629,29.69566],[-89.53069,29.69587],[-89.52887,29.69916],[-89.5248,29.69914],[-89.52677,29.69944],[-89.52724,29.70136],[-89.52895,29.70163],[-89.52792,29.70031],[-89.53013,29.69983],[-89.53427,29.70294],[-89.53952,29.704],[-89.5312,29.70917],[-89.52729,29.70942],[-89.53267,29.71316],[-89.52372,29.71313],[-89.52068,29.71627],[-89.52158,29.71064],[-89.51932,29.70782],[-89.52024,29.70567],[-89.51804,29.70388],[-89.51788,29.69962],[-89.51187,29.70099],[-89.50841,29.69964],[-89.50898,29.69645],[-89.50571,29.69641],[-89.50694,29.69389],[-89.50051,29.68978],[-89.50764,29.69238],[-89.51838,29.69236],[-89.52323,29.69526],[-89.52407,29.69192],[-89.52137,29.69073],[-89.52137,29.6889],[-89.52428,29.68592],[-89.5241,29.68358],[-89.52879,29.68315],[-89.52927,29.68045],[-89.52007,29.6752],[-89.5165,29.67609],[-89.51233,29.67263],[-89.51267,29.67016],[-89.51461,29.66977],[-89.52431,29.67623],[-89.52956,29.67428],[-89.52972,29.67756],[-89.53021,29.67451],[-89.53365,29.67374],[-89.53462,29.66959],[-89.52814,29.66691],[-89.52888,29.66377],[-89.51965,29.65868],[-89.52644,29.65791],[-89.50772,29.64945],[-89.50581,29.64505],[-89.49695,29.63553],[-89.488,29.63199],[-89.48559,29.62311],[-89.48997,29.62569],[-89.48986,29.62798],[-89.49117,29.62752],[-89.50356,29.63607],[-89.50812,29.64194],[-89.5116,29.64335],[-89.51614,29.64869],[-89.51352,29.64858],[-89.51281,29.6502],[-89.51617,29.65209],[-89.51648,29.64998],[-89.525,29.65293],[-89.5453,29.6537],[-89.55285,29.65944],[-89.55949,29.66158],[-89.56224,29.66017],[-89.56647,29.66116],[-89.56206,29.65861],[-89.57087,29.65676],[-89.58167,29.65769],[-89.58786,29.65952],[-89.58708,29.6609],[-89.60444,29.66138],[-89.60955,29.66069],[-89.61257,29.65819],[-89.61784,29.66038],[-89.61965,29.65835],[-89.62201,29.65954],[-89.62356,29.66368],[-89.62133,29.66377],[-89.62131,29.66503],[-89.62849,29.66467],[-89.62624,29.66806],[-89.62844,29.67161],[-89.63198,29.67285],[-89.63274,29.67109],[-89.63634,29.67272],[-89.63358,29.67537],[-89.63486,29.67569],[-89.63355,29.6794],[-89.63712,29.6821],[-89.64024,29.68248],[-89.64669,29.6765],[-89.65286,29.67377],[-89.65312,29.68094],[-89.6613,29.68436],[-89.66613,29.6834],[-89.6704,29.68578],[-89.67911,29.68342],[-89.68951,29.68612],[-89.68636,29.68321],[-89.68483,29.68367],[-89.68743,29.68514],[-89.67812,29.6826],[-89.67377,29.68301],[-89.66697,29.67677],[-89.66113,29.67357],[-89.65706,29.67361],[-89.6617,29.67283],[-89.66629,29.67488],[-89.67124,29.67254],[-89.6697,29.67536],[-89.67746,29.67882],[-89.68176,29.67918],[-89.68295,29.67671],[-89.68488,29.67652],[-89.68961,29.68298],[-89.68898,29.67969],[-89.68591,29.67623],[-89.68111,29.67616],[-89.67833,29.67222],[-89.67452,29.67167],[-89.68169,29.66638],[-89.68937,29.66416],[-89.68913,29.66223],[-89.69212,29.66049],[-89.70028,29.66083],[-89.70435,29.65575],[-89.70754,29.65657],[-89.7055,29.66049],[-89.71313,29.66386],[-89.72037,29.6625],[-89.72055,29.66099],[-89.7086,29.65618],[-89.71035,29.65492],[-89.72115,29.65923],[-89.72624,29.66019],[-89.72611,29.65886],[-89.72189,29.65854],[-89.71063,29.65332],[-89.70838,29.65524],[-89.7056,29.65495],[-89.70689,29.65277],[-89.70444,29.6509],[-89.70127,29.65188],[-89.70232,29.6541],[-89.70377,29.65337],[-89.70481,29.65486],[-89.69873,29.66017],[-89.69252,29.65891],[-89.68906,29.6601],[-89.68945,29.65678],[-89.69233,29.65612],[-89.6885,29.65571],[-89.688,29.65708],[-89.68287,29.65389],[-89.67867,29.65859],[-89.67636,29.65811],[-89.67586,29.66059],[-89.6729,29.66242],[-89.66705,29.65634],[-89.66475,29.65779],[-89.66157,29.65687],[-89.66338,29.65369],[-89.66708,29.65419],[-89.66905,29.6527],[-89.66252,29.65236],[-89.65905,29.656],[-89.66042,29.65793],[-89.65808,29.65925],[-89.65919,29.65339],[-89.64757,29.65288],[-89.6471,29.65176],[-89.64988,29.64933],[-89.64681,29.64675],[-89.64296,29.64731],[-89.64214,29.64512],[-89.65995,29.64668],[-89.66231,29.64494],[-89.66375,29.64562],[-89.66501,29.64304],[-89.65681,29.63804],[-89.65681,29.63298],[-89.65408,29.62853],[-89.65586,29.63452],[-89.64803,29.6311],[-89.64986,29.62709],[-89.64713,29.62578],[-89.64367,29.62704],[-89.64601,29.62482],[-89.64355,29.62397],[-89.64323,29.62775],[-89.6459,29.62945],[-89.63072,29.62846],[-89.62744,29.63205],[-89.62886,29.62562],[-89.63128,29.62356],[-89.63262,29.61872],[-89.63149,29.61627],[-89.6267,29.61467],[-89.64156,29.61918],[-89.64732,29.62379],[-89.65734,29.62491],[-89.65885,29.62769],[-89.65804,29.62893],[-89.65958,29.62836],[-89.66166,29.63041],[-89.66126,29.62872],[-89.66294,29.62902],[-89.66381,29.62733],[-89.66163,29.62774],[-89.65995,29.62572],[-89.66321,29.62379],[-89.66313,29.62073],[-89.66761,29.62813],[-89.66664,29.62568],[-89.67015,29.62808],[-89.67532,29.62877],[-89.68801,29.62703],[-89.68969,29.62196],[-89.68749,29.61848],[-89.68874,29.61589],[-89.69322,29.6136],[-89.70285,29.61601],[-89.70112,29.61307],[-89.71113,29.61305],[-89.71514,29.61115],[-89.71213,29.60764],[-89.72041,29.6089],[-89.73005,29.60697],[-89.73149,29.6089],[-89.72908,29.61087],[-89.73126,29.61112],[-89.73283,29.614],[-89.7401,29.61379],[-89.74075,29.61178],[-89.73993,29.61061],[-89.73949,29.61292],[-89.73415,29.61309],[-89.73349,29.61204],[-89.73853,29.60767],[-89.72431,29.60049],[-89.72137,29.60265],[-89.72004,29.59711],[-89.72216,29.59965],[-89.72583,29.59981],[-89.72116,29.59672],[-89.71618,29.59601],[-89.71796,29.5944],[-89.72881,29.59893],[-89.73374,29.59884],[-89.72931,29.59712],[-89.72606,29.58928],[-89.72153,29.58627],[-89.71969,29.58267],[-89.71474,29.57915],[-89.69859,29.57681],[-89.6926,29.57324],[-89.69613,29.57256],[-89.696,29.57022],[-89.70315,29.57265],[-89.70811,29.57697],[-89.70475,29.57283],[-89.70572,29.57196],[-89.70803,29.5737],[-89.70802,29.57255],[-89.69754,29.56367],[-89.70449,29.56367],[-89.70797,29.56926],[-89.70554,29.56348],[-89.70802,29.56229],[-89.69985,29.559],[-89.69503,29.5592],[-89.6939,29.55714],[-89.696,29.55599],[-89.69461,29.55419],[-89.69655,29.55496],[-89.69869,29.55146],[-89.69615,29.55389],[-89.6939,29.55311],[-89.69422,29.55009],[-89.69131,29.5467],[-89.68301,29.54928],[-89.67711,29.54092],[-89.68159,29.54074],[-89.68586,29.54338],[-89.69636,29.54099],[-89.70123,29.54317],[-89.70689,29.54292],[-89.6955,29.54035],[-89.68597,29.54292],[-89.68198,29.54012],[-89.68109,29.53449],[-89.67431,29.53268],[-89.67101,29.52961],[-89.67166,29.53263],[-89.65631,29.53272],[-89.6581,29.52837],[-89.662,29.52835],[-89.6676,29.53091],[-89.66158,29.53146],[-89.66477,29.53288],[-89.66582,29.53153],[-89.66991,29.53192],[-89.66737,29.52979],[-89.6692,29.52892],[-89.66878,29.52725],[-89.67419,29.52935],[-89.67506,29.52825],[-89.67313,29.52441],[-89.67148,29.52519],[-89.67075,29.52384],[-89.66999,29.52645],[-89.66499,29.52223],[-89.66184,29.52455],[-89.66386,29.52807],[-89.65631,29.52463],[-89.65632,29.52196],[-89.66135,29.5228],[-89.66888,29.52096],[-89.66484,29.5181],[-89.66568,29.51535],[-89.68109,29.52395],[-89.67971,29.51935],[-89.68275,29.52],[-89.6824,29.51874],[-89.67252,29.51402],[-89.67096,29.51086],[-89.66529,29.50896],[-89.65941,29.51038],[-89.66318,29.51112],[-89.66474,29.5131],[-89.65465,29.51376],[-89.65046,29.51573],[-89.65364,29.51142],[-89.64732,29.50384],[-89.64989,29.5031],[-89.64173,29.50068],[-89.64015,29.5035],[-89.63779,29.50001],[-89.63268,29.49773],[-89.62782,29.49765],[-89.62563,29.50034],[-89.6241,29.50006],[-89.62459,29.49624],[-89.62878,29.49603],[-89.63015,29.49269],[-89.62745,29.48883],[-89.6235,29.48688],[-89.62491,29.4847],[-89.62676,29.48498],[-89.6271,29.48687],[-89.6285,29.48378],[-89.62622,29.48309],[-89.62718,29.48127],[-89.62382,29.47974],[-89.62376,29.47541],[-89.6146,29.47547],[-89.61523,29.47687],[-89.61306,29.47795],[-89.60832,29.47616],[-89.60319,29.47841],[-89.60723,29.48324],[-89.61919,29.48534],[-89.61337,29.4868],[-89.61957,29.48701],[-89.6141,29.48957],[-89.61618,29.49131],[-89.61229,29.4918],[-89.61334,29.49011],[-89.61164,29.48986],[-89.61201,29.48687],[-89.61031,29.48906],[-89.60801,29.48902],[-89.60948,29.48695],[-89.60637,29.48635],[-89.6062,29.48876],[-89.60203,29.4881],[-89.60276,29.48995],[-89.60087,29.48929],[-89.59809,29.49226],[-89.58807,29.49307],[-89.58772,29.48986],[-89.59404,29.49231],[-89.59681,29.4919],[-89.59065,29.48952],[-89.59195,29.48824],[-89.5948,29.48993],[-89.59793,29.48956],[-89.59146,29.48683],[-89.59377,29.48316],[-89.59329,29.47995],[-89.59173,29.47846],[-89.58715,29.47887],[-89.58365,29.4744],[-89.5881,29.4746],[-89.57542,29.46317],[-89.57248,29.46519],[-89.57402,29.46908],[-89.57125,29.46998],[-89.57309,29.47251],[-89.5745,29.4718],[-89.57524,29.47513],[-89.57302,29.47555],[-89.56982,29.47038],[-89.56747,29.46928],[-89.56838,29.468],[-89.56597,29.46797],[-89.5661,29.46284],[-89.56447,29.46422],[-89.56285,29.45878],[-89.56108,29.45832],[-89.55827,29.46188],[-89.55663,29.45967],[-89.55506,29.46265],[-89.55211,29.46286],[-89.55362,29.46135],[-89.55356,29.45486],[-89.54814,29.44914],[-89.54044,29.44719],[-89.53402,29.45326],[-89.53001,29.45325],[-89.53608,29.45042],[-89.53753,29.44575],[-89.54358,29.44106],[-89.54235,29.43865],[-89.54334,29.43797],[-89.55026,29.44128],[-89.55258,29.44093],[-89.55157,29.44247],[-89.54754,29.44238],[-89.54805,29.44458],[-89.55188,29.44506],[-89.55263,29.44634],[-89.55102,29.44707],[-89.55276,29.44909],[-89.55826,29.45211],[-89.56078,29.44939],[-89.56019,29.44588],[-89.56455,29.44525],[-89.56472,29.43649],[-89.56189,29.43679],[-89.55666,29.43406],[-89.55782,29.43295],[-89.55324,29.43141],[-89.55188,29.42794],[-89.54894,29.42901],[-89.54857,29.43112],[-89.54512,29.43188],[-89.54822,29.42898],[-89.55025,29.42355],[-89.5457,29.42005],[-89.55107,29.42243],[-89.55399,29.41905],[-89.5521,29.41803],[-89.55353,29.41681],[-89.55399,29.42081],[-89.55827,29.42462],[-89.55989,29.42412],[-89.56034,29.41957],[-89.5628,29.41767],[-89.57063,29.41789],[-89.57097,29.41681],[-89.56772,29.41547],[-89.57417,29.41515],[-89.57222,29.4127],[-89.57411,29.41035],[-89.57259,29.41035],[-89.57664,29.4098],[-89.57474,29.4066],[-89.57528,29.40332],[-89.57355,29.40157],[-89.56989,29.40357],[-89.57042,29.40654],[-89.5653,29.40469],[-89.56678,29.39987],[-89.56572,29.3966],[-89.56207,29.39741],[-89.561,29.39527],[-89.56288,29.39311],[-89.56194,29.3926],[-89.55963,29.39255],[-89.55912,29.39471],[-89.55788,29.39232],[-89.54644,29.39266],[-89.54456,29.38797],[-89.54134,29.3877],[-89.54008,29.38421],[-89.53822,29.38618],[-89.53207,29.38367],[-89.5279,29.38447],[-89.52651,29.38313],[-89.52453,29.38512],[-89.52052,29.38275],[-89.51195,29.38245],[-89.49514,29.38958],[-89.49265,29.38985],[-89.4923,29.38793],[-89.48955,29.39095],[-89.48715,29.38987],[-89.48821,29.39166],[-89.48387,29.39644],[-89.4785,29.39479],[-89.47042,29.40036],[-89.46836,29.40009],[-89.46701,29.39636],[-89.46368,29.3936],[-89.45456,29.39118],[-89.46009,29.38933],[-89.44701,29.38845],[-89.44594,29.38737],[-89.44847,29.3828],[-89.44685,29.38346],[-89.44564,29.37748],[-89.44113,29.38458],[-89.43764,29.38469],[-89.43598,29.3796],[-89.43217,29.38044],[-89.43325,29.37832],[-89.43188,29.37668],[-89.43357,29.37369],[-89.43165,29.37339],[-89.43346,29.3713],[-89.43193,29.36913],[-89.42231,29.37513],[-89.41722,29.37437],[-89.41696,29.36705],[-89.41226,29.36397],[-89.41006,29.36532],[-89.40846,29.36427],[-89.40977,29.3627],[-89.40845,29.36266],[-89.40846,29.36049],[-89.40981,29.3596],[-89.40523,29.36158],[-89.40083,29.36068],[-89.39978,29.35966],[-89.40239,29.35746],[-89.40058,29.35571],[-89.40096,29.35349],[-89.3983,29.35562],[-89.39211,29.35235],[-89.3943,29.35121],[-89.3941,29.34982],[-89.38691,29.34932],[-89.39206,29.34894],[-89.39309,29.34728],[-89.39018,29.34521],[-89.38958,29.34211],[-89.38584,29.34336],[-89.38702,29.34142],[-89.38551,29.33767],[-89.382,29.33598],[-89.38475,29.33399],[-89.38287,29.3334],[-89.3848,29.33285],[-89.38443,29.33157],[-89.38124,29.32886],[-89.37899,29.33137],[-89.37766,29.33032],[-89.37988,29.33554],[-89.37758,29.33559],[-89.37911,29.34002],[-89.37774,29.34],[-89.37817,29.34217],[-89.37639,29.34381],[-89.37419,29.33637],[-89.3689,29.33755],[-89.36699,29.33297],[-89.3609,29.32963],[-89.35967,29.33188],[-89.35712,29.33179],[-89.35617,29.32843],[-89.35746,29.32576],[-89.35627,29.32699],[-89.3543,29.32516],[-89.35137,29.32587],[-89.35176,29.32959],[-89.34738,29.3298],[-89.34513,29.3329],[-89.34171,29.34703],[-89.34419,29.34957],[-89.33961,29.34822],[-89.33925,29.35046],[-89.33651,29.35237],[-89.33874,29.35433],[-89.3296,29.35351],[-89.33,29.35184],[-89.3287,29.35349],[-89.32246,29.35199],[-89.32061,29.35483],[-89.31477,29.35612],[-89.31406,29.35471],[-89.31016,29.35647],[-89.30818,29.35994],[-89.311,29.36138],[-89.31391,29.37142],[-89.31354,29.37307],[-89.31143,29.37259],[-89.31126,29.37427],[-89.31639,29.37545],[-89.31995,29.3785],[-89.31906,29.38056],[-89.32166,29.38835],[-89.32078,29.38904],[-89.31659,29.38577],[-89.31333,29.38577],[-89.31162,29.38769],[-89.31125,29.38443],[-89.30992,29.38419],[-89.31093,29.37685],[-89.30969,29.37487],[-89.30569,29.37528],[-89.29984,29.37884],[-89.29685,29.3757],[-89.29311,29.37501],[-89.29177,29.37265],[-89.29479,29.36988],[-89.2924,29.36553],[-89.29244,29.35954],[-89.28044,29.35618],[-89.27725,29.35313],[-89.27755,29.34575],[-89.27298,29.34727],[-89.27472,29.35196],[-89.27244,29.35002],[-89.2669,29.34938],[-89.27074,29.34801],[-89.27093,29.34349],[-89.26783,29.34316],[-89.26721,29.33956],[-89.26402,29.33888],[-89.26481,29.33569],[-89.25947,29.33838],[-89.25782,29.33764],[-89.25729,29.33407],[-89.26012,29.33189],[-89.26656,29.33198],[-89.26723,29.33002],[-89.27018,29.32929],[-89.26269,29.32278],[-89.25606,29.32262],[-89.25895,29.32167],[-89.2621,29.31711],[-89.26619,29.31779],[-89.26635,29.31462],[-89.26133,29.31302],[-89.2637,29.31118],[-89.26325,29.30882],[-89.27127,29.31132],[-89.27316,29.30738],[-89.27641,29.30578],[-89.27363,29.30446],[-89.27372,29.30146],[-89.26982,29.29989],[-89.26896,29.29771],[-89.27614,29.29659],[-89.27574,29.29891],[-89.28176,29.30175],[-89.28589,29.30053],[-89.2841,29.29723],[-89.28657,29.29359],[-89.29325,29.29109],[-89.30041,29.29167],[-89.30502,29.28777],[-89.30604,29.28179],[-89.30783,29.28049],[-89.30938,29.28266],[-89.31607,29.28019],[-89.31976,29.28071],[-89.31899,29.27344],[-89.32227,29.27114],[-89.32235,29.26916],[-89.31878,29.26802],[-89.32031,29.26677],[-89.31684,29.26526],[-89.32277,29.26562],[-89.31014,29.2535],[-89.30446,29.2519],[-89.30217,29.25268],[-89.30057,29.24897],[-89.29582,29.25318],[-89.29907,29.25598],[-89.29244,29.25498],[-89.29418,29.25254],[-89.29117,29.24704],[-89.28826,29.24948],[-89.28785,29.24614],[-89.28348,29.24855],[-89.28339,29.24431],[-89.28469,29.24265],[-89.28681,29.24351],[-89.28667,29.24108],[-89.28313,29.23761],[-89.27999,29.24162],[-89.277,29.23778],[-89.27502,29.23957],[-89.27153,29.236],[-89.26803,29.23511],[-89.26587,29.23673],[-89.2671,29.22662],[-89.2643,29.22899],[-89.26148,29.2263],[-89.25999,29.22949],[-89.2616,29.23273],[-89.25985,29.23412],[-89.26,29.23991],[-89.26234,29.23972],[-89.26462,29.24168],[-89.26738,29.2477],[-89.26542,29.25309],[-89.25838,29.26182],[-89.25675,29.26206],[-89.25671,29.26068],[-89.25399,29.26189],[-89.2528,29.26802],[-89.25054,29.2677],[-89.25,29.27021],[-89.25351,29.27398],[-89.25701,29.27398],[-89.25675,29.26936],[-89.25892,29.27075],[-89.26104,29.27727],[-89.25944,29.27936],[-89.26077,29.2872],[-89.25816,29.2901],[-89.25626,29.29057],[-89.25702,29.28133],[-89.25513,29.27798],[-89.24851,29.27627],[-89.24734,29.27718],[-89.24862,29.282],[-89.25293,29.28267],[-89.25349,29.28441],[-89.24798,29.29567],[-89.25082,29.30391],[-89.24372,29.31063],[-89.24057,29.31037],[-89.24106,29.29985],[-89.2368,29.30342],[-89.23541,29.30034],[-89.23246,29.3013],[-89.22573,29.30614],[-89.22293,29.31606],[-89.22411,29.31803],[-89.22109,29.32204],[-89.21781,29.32301],[-89.21797,29.32139],[-89.2139,29.31851],[-89.21468,29.32397],[-89.21055,29.32902],[-89.20652,29.31953],[-89.20337,29.32248],[-89.20257,29.32631],[-89.20532,29.32868],[-89.20393,29.33569],[-89.19854,29.33949],[-89.18398,29.33606],[-89.18404,29.3303],[-89.17508,29.32405],[-89.17697,29.31871],[-89.17239,29.31539],[-89.1749,29.31409],[-89.17432,29.31281],[-89.17024,29.31191],[-89.16931,29.30964],[-89.17267,29.30575],[-89.16913,29.30408],[-89.16824,29.30202],[-89.17225,29.29918],[-89.1704,29.29558],[-89.16728,29.29518],[-89.1639,29.29217],[-89.16264,29.28586],[-89.15703,29.28611],[-89.15416,29.28423],[-89.15028,29.28539],[-89.1491,29.28128],[-89.14194,29.28236],[-89.14395,29.27214],[-89.15358,29.26506],[-89.1689,29.25702],[-89.17351,29.25322],[-89.17321,29.25109],[-89.16906,29.2521],[-89.16702,29.25024],[-89.16322,29.25012],[-89.16082,29.25217],[-89.16102,29.24761],[-89.14099,29.24743],[-89.14276,29.24515],[-89.15299,29.24376],[-89.15689,29.24177],[-89.15789,29.23643],[-89.15608,29.23288],[-89.15911,29.23113],[-89.1565,29.22983],[-89.1751,29.22903],[-89.17486,29.23489],[-89.17953,29.23531],[-89.18267,29.23436],[-89.18321,29.2298],[-89.18422,29.23057],[-89.18892,29.22757],[-89.18784,29.22552],[-89.18291,29.22762],[-89.18638,29.22407],[-89.18399,29.22194],[-89.18283,29.22454],[-89.17925,29.22384],[-89.17739,29.22649],[-89.17601,29.22626],[-89.17776,29.21926],[-89.18357,29.21973],[-89.18339,29.21681],[-89.17883,29.21474],[-89.17595,29.21774],[-89.17372,29.21664],[-89.17346,29.21388],[-89.17159,29.21414],[-89.17186,29.21541],[-89.16888,29.21739],[-89.16271,29.21787],[-89.16243,29.22035],[-89.16054,29.21954],[-89.15379,29.22139],[-89.1601,29.21834],[-89.16085,29.21642],[-89.17006,29.21313],[-89.16903,29.21093],[-89.16582,29.21179],[-89.16181,29.2103],[-89.15799,29.21172],[-89.15969,29.20793],[-89.16752,29.20262],[-89.16887,29.20742],[-89.17431,29.20756],[-89.17535,29.21068],[-89.17905,29.21279],[-89.18604,29.21575],[-89.18701,29.21374],[-89.18906,29.21345],[-89.18989,29.21011],[-89.18582,29.20858],[-89.18519,29.20512],[-89.19029,29.20856],[-89.1918,29.20558],[-89.19427,29.20577],[-89.19262,29.20294],[-89.1942,29.1953],[-89.1895,29.19515],[-89.18537,29.19819],[-89.18284,29.19712],[-89.18727,29.19383],[-89.18945,29.19388],[-89.19316,29.18479],[-89.18407,29.1848],[-89.17297,29.18964],[-89.1689,29.18849],[-89.17659,29.1867],[-89.17899,29.18329],[-89.17509,29.18013],[-89.17297,29.18064],[-89.17014,29.17889],[-89.16822,29.17493],[-89.16276,29.1737],[-89.15587,29.1845],[-89.15245,29.18332],[-89.1488,29.18464],[-89.1446,29.19123],[-89.13306,29.18917],[-89.13257,29.18482],[-89.11688,29.18417],[-89.11625,29.1898],[-89.11437,29.1922],[-89.11149,29.19223],[-89.11241,29.19101],[-89.10927,29.18646],[-89.10913,29.18364],[-89.10098,29.18367],[-89.10115,29.17847],[-89.10879,29.17515],[-89.1099,29.17297],[-89.10829,29.16607],[-89.11359,29.16219],[-89.11587,29.16229],[-89.11568,29.16099],[-89.11927,29.16121],[-89.12369,29.15856],[-89.12382,29.15565],[-89.11976,29.15459],[-89.12253,29.15329],[-89.12125,29.14948],[-89.12365,29.15322],[-89.12809,29.15485],[-89.13036,29.15325],[-89.1279,29.14615],[-89.12036,29.14329],[-89.11517,29.14353],[-89.11156,29.14031],[-89.11607,29.13977],[-89.11564,29.1386],[-89.10934,29.13764],[-89.10624,29.13385],[-89.10117,29.13447],[-89.09885,29.13732],[-89.09237,29.13222],[-89.09368,29.13039],[-89.08781,29.12793],[-89.08415,29.1268],[-89.08022,29.1279],[-89.07272,29.1228],[-89.07073,29.12441],[-89.06715,29.1206],[-89.06003,29.1224],[-89.06405,29.11876],[-89.06715,29.11808],[-89.06723,29.11584],[-89.06433,29.11551],[-89.067,29.11439],[-89.06673,29.11177],[-89.06027,29.11609],[-89.05863,29.11391],[-89.05633,29.12036],[-89.05516,29.11942],[-89.05813,29.11129],[-89.07089,29.10232],[-89.06943,29.10475],[-89.07279,29.11016],[-89.07505,29.10981],[-89.07754,29.11486],[-89.08288,29.11464],[-89.08561,29.11256],[-89.08694,29.11728],[-89.09123,29.12267],[-89.09993,29.11832],[-89.10559,29.12097],[-89.10615,29.11681],[-89.10798,29.11552],[-89.11827,29.12136],[-89.12049,29.12092],[-89.13186,29.12942],[-89.13918,29.13185],[-89.14092,29.13035],[-89.14545,29.13035],[-89.14599,29.12736],[-89.1391,29.11511],[-89.14872,29.11472],[-89.1476,29.11354],[-89.14895,29.11362],[-89.14866,29.11209],[-89.14635,29.11014],[-89.15044,29.1105],[-89.1519,29.10888],[-89.15285,29.11107],[-89.15648,29.11085],[-89.15487,29.11207],[-89.15737,29.1135],[-89.16103,29.11307],[-89.16137,29.11122],[-89.1649,29.1182],[-89.1669,29.11714],[-89.16707,29.11387],[-89.17236,29.11363],[-89.17292,29.11233],[-89.16993,29.11034],[-89.16758,29.11076],[-89.16694,29.10667],[-89.16023,29.10144],[-89.15301,29.10126],[-89.15115,29.10338],[-89.14356,29.09793],[-89.15371,29.09943],[-89.15581,29.09786],[-89.15411,29.09614],[-89.15519,29.09421],[-89.15752,29.09558],[-89.15985,29.09328],[-89.15988,29.0905],[-89.15354,29.08834],[-89.15635,29.08517],[-89.15481,29.08345],[-89.15701,29.082],[-89.15473,29.07981],[-89.16497,29.08304],[-89.16659,29.08223],[-89.1711,29.08776],[-89.17643,29.08345],[-89.17619,29.07825],[-89.17349,29.07369],[-89.16135,29.06446],[-89.16262,29.06192],[-89.16161,29.05828],[-89.16605,29.05717],[-89.1674,29.05825],[-89.16452,29.06459],[-89.17158,29.0668],[-89.1711,29.06221],[-89.17621,29.06428],[-89.18624,29.08549],[-89.19026,29.08849],[-89.19462,29.08655],[-89.19156,29.08137],[-89.19448,29.08163],[-89.19692,29.07885],[-89.19072,29.07757],[-89.19728,29.0718],[-89.18342,29.0619],[-89.18207,29.06026],[-89.18373,29.05468],[-89.17627,29.04951],[-89.18275,29.05161],[-89.18651,29.05488],[-89.1901,29.06315],[-89.19636,29.06815],[-89.19986,29.06987],[-89.20482,29.06969],[-89.20422,29.06328],[-89.19687,29.05467],[-89.19749,29.05235],[-89.19187,29.04844],[-89.18909,29.04163],[-89.17999,29.03658],[-89.16832,29.03414],[-89.16832,29.0312],[-89.15892,29.0325],[-89.15784,29.03096],[-89.164,29.02881],[-89.1573,29.0148],[-89.15192,29.01272],[-89.1532,29.00287],[-89.14886,28.99814],[-89.16008,28.99507],[-89.19037,29.01359],[-89.20321,29.01985],[-89.22082,29.02557],[-89.22053,29.03073],[-89.21712,29.02904],[-89.2123,29.02911],[-89.20825,29.03361],[-89.208,29.03794],[-89.21294,29.03858],[-89.21187,29.04124],[-89.21731,29.04217],[-89.22318,29.0507],[-89.22239,29.05566],[-89.21493,29.05904],[-89.21537,29.06391],[-89.22786,29.0641],[-89.24615,29.08626],[-89.25111,29.09682],[-89.25498,29.09517],[-89.25391,29.08439],[-89.2566,29.07907],[-89.26533,29.07878],[-89.26375,29.07237],[-89.2579,29.0706],[-89.26001,29.06142],[-89.27589,29.05624],[-89.28901,29.05565],[-89.29313,29.05251],[-89.29526,29.04656],[-89.28423,29.04909],[-89.2934,29.04394],[-89.295,29.03685],[-89.29767,29.03309],[-89.30893,29.02517],[-89.32074,29.01378],[-89.32203,29.00983],[-89.34072,28.9951],[-89.35224,28.98313],[-89.36519,28.96394],[-89.38071,28.95491],[-89.40581,28.93091],[-89.41977,28.92898],[-89.40143,28.95876],[-89.39165,28.98306],[-89.37972,28.99257],[-89.37272,28.99491],[-89.37,29.00252],[-89.36216,29.00871],[-89.35778,29.0177],[-89.36325,29.02889],[-89.35861,29.03171],[-89.35189,29.03248],[-89.34757,29.03789],[-89.35199,29.04187],[-89.33407,29.04931],[-89.33527,29.05281],[-89.33054,29.05184],[-89.32702,29.04807],[-89.32355,29.04866],[-89.32267,29.05199],[-89.3249,29.05491],[-89.32264,29.05648],[-89.31957,29.056],[-89.31679,29.05885],[-89.31627,29.06344],[-89.30957,29.06748],[-89.30888,29.07199],[-89.31418,29.07385],[-89.31251,29.07718],[-89.31266,29.08277],[-89.31129,29.08593],[-89.30579,29.08689],[-89.305,29.09186],[-89.30174,29.09098],[-89.29866,29.09465],[-89.30064,29.09716],[-89.29767,29.09898],[-89.29917,29.10605],[-89.3028,29.10715],[-89.30308,29.11279],[-89.30094,29.11876],[-89.29393,29.1167],[-89.29206,29.12047],[-89.29631,29.12678],[-89.29601,29.12976],[-89.28639,29.12905],[-89.27994,29.12656],[-89.27723,29.12981],[-89.27879,29.135],[-89.27748,29.13709],[-89.27507,29.13691],[-89.28004,29.14114],[-89.28133,29.14508],[-89.28888,29.14576],[-89.28957,29.1501],[-89.29302,29.15381],[-89.30932,29.15143],[-89.3056,29.15484],[-89.29598,29.15629],[-89.29382,29.16186],[-89.28907,29.16058],[-89.28801,29.17401],[-89.28983,29.1785],[-89.30457,29.17736],[-89.31063,29.17937],[-89.31579,29.18702],[-89.31789,29.19729],[-89.32856,29.18868],[-89.33676,29.17082],[-89.34064,29.15431],[-89.33579,29.15302],[-89.33583,29.14961],[-89.35246,29.13479],[-89.35457,29.14301],[-89.35552,29.15857],[-89.35448,29.17486],[-89.35107,29.18332],[-89.35062,29.19533],[-89.35766,29.18868],[-89.36757,29.16973],[-89.38596,29.15419],[-89.39779,29.15558],[-89.39806,29.16067],[-89.37641,29.17684],[-89.3681,29.1855],[-89.36749,29.20489],[-89.35787,29.20642],[-89.35574,29.21466],[-89.36032,29.21879],[-89.35497,29.22367],[-89.35833,29.22779],[-89.36398,29.23054],[-89.36841,29.22321],[-89.36826,29.21619],[-89.37238,29.2168],[-89.37529,29.22251],[-89.3834,29.22493],[-89.38664,29.21904],[-89.38308,29.21475],[-89.39872,29.19373],[-89.41271,29.17942],[-89.41391,29.18642],[-89.42154,29.18672],[-89.42582,29.19222],[-89.4246,29.19985],[-89.43147,29.2023],[-89.44121,29.19084],[-89.45588,29.19113],[-89.47231,29.20755],[-89.47378,29.21925],[-89.48249,29.22372],[-89.48757,29.23359],[-89.4834,29.24161],[-89.47697,29.24409],[-89.47387,29.24111],[-89.47491,29.2377],[-89.4705,29.23379],[-89.47284,29.23156],[-89.47156,29.23048],[-89.46979,29.2341],[-89.46548,29.2348],[-89.46594,29.23739],[-89.46265,29.23985],[-89.46075,29.24451],[-89.46302,29.24869],[-89.46824,29.25176],[-89.47203,29.24985],[-89.47184,29.24606],[-89.48116,29.24596],[-89.48204,29.25053],[-89.48037,29.25789],[-89.47849,29.25925],[-89.47475,29.25903],[-89.46746,29.26262],[-89.46458,29.26038],[-89.45939,29.26229],[-89.4563,29.26127],[-89.45596,29.25746],[-89.43909,29.25573],[-89.42248,29.25835],[-89.42308,29.26109],[-89.40695,29.26423],[-89.39103,29.26318],[-89.38948,29.26528],[-89.37515,29.26771],[-89.37412,29.27093],[-89.36442,29.27812],[-89.36875,29.28404],[-89.38124,29.27659],[-89.38558,29.28048],[-89.38914,29.28995],[-89.39043,29.29878],[-89.39862,29.31285],[-89.39364,29.31742],[-89.39987,29.32468],[-89.40454,29.32528],[-89.41038,29.32138],[-89.41489,29.32932],[-89.41819,29.33036],[-89.41776,29.32786],[-89.42021,29.3276],[-89.42089,29.3246],[-89.42939,29.33227],[-89.44381,29.33897],[-89.44973,29.33261],[-89.45085,29.33354],[-89.47128,29.32217],[-89.4805,29.31899],[-89.48548,29.3191],[-89.50518,29.33036],[-89.51149,29.33194],[-89.52093,29.33152],[-89.52672,29.3408],[-89.52376,29.34402],[-89.52866,29.34806],[-89.53269,29.34492],[-89.54329,29.35161],[-89.55239,29.35371],[-89.55496,29.35779],[-89.58243,29.36519],[-89.59384,29.35532],[-89.60037,29.37364],[-89.60329,29.37447],[-89.60867,29.38769],[-89.62155,29.39363],[-89.6238,29.39571],[-89.622,29.39728],[-89.62406,29.39967],[-89.62869,29.40154],[-89.62861,29.39907],[-89.6317,29.39758],[-89.63676,29.39847],[-89.64088,29.40505],[-89.64517,29.4064],[-89.64723,29.40999],[-89.65135,29.40984],[-89.65298,29.3978],[-89.65152,29.39406],[-89.64646,29.39025],[-89.66834,29.38995],[-89.67118,29.39556],[-89.67839,29.39294],[-89.69203,29.39399],[-89.71632,29.38898],[-89.7207,29.38972],[-89.72697,29.39234],[-89.72594,29.39458],[-89.72433,29.39258],[-89.72332,29.3938],[-89.72319,29.39863],[-89.72575,29.40156],[-89.73233,29.40404],[-89.73494,29.4115],[-89.73851,29.41309],[-89.73645,29.41806],[-89.73782,29.42165],[-89.74203,29.42311],[-89.74598,29.41403],[-89.74877,29.41298],[-89.75349,29.40573],[-89.75482,29.40621],[-89.75383,29.40068],[-89.75673,29.40209],[-89.75934,29.39705],[-89.76856,29.39722],[-89.77021,29.39821],[-89.76892,29.4024],[-89.77374,29.40479],[-89.77582,29.40335],[-89.77591,29.41436],[-89.77437,29.4156],[-89.77315,29.40926],[-89.7743,29.40533],[-89.76374,29.40097],[-89.76049,29.40341],[-89.75594,29.40341],[-89.75504,29.40672],[-89.75268,29.40724],[-89.75534,29.40855],[-89.75482,29.41518],[-89.74455,29.42287],[-89.74335,29.42243],[-89.7425,29.42501],[-89.71159,29.45017],[-89.70833,29.45069],[-89.70724,29.45537],[-89.70395,29.45188],[-89.69857,29.45333],[-89.69878,29.44695],[-89.69637,29.44454],[-89.69715,29.44339],[-89.69083,29.43864],[-89.69171,29.43406],[-89.69065,29.43274],[-89.68794,29.43365],[-89.68709,29.43565],[-89.6865,29.43455],[-89.68649,29.43057],[-89.69149,29.42519],[-89.68825,29.42244],[-89.68881,29.42056],[-89.68733,29.41911],[-89.68655,29.42471],[-89.68399,29.42811],[-89.68282,29.42652],[-89.6823,29.42838],[-89.68039,29.42693],[-89.68173,29.42462],[-89.68275,29.42516],[-89.68254,29.42048],[-89.68468,29.42029],[-89.68537,29.41829],[-89.68336,29.41518],[-89.67937,29.41443],[-89.67952,29.40955],[-89.67703,29.41192],[-89.67556,29.41061],[-89.67585,29.41248],[-89.67443,29.41],[-89.67163,29.41301],[-89.67033,29.41027],[-89.66868,29.41156],[-89.6629,29.40882],[-89.66122,29.4063],[-89.65974,29.407],[-89.66182,29.41037],[-89.66093,29.41731],[-89.66417,29.41838],[-89.66797,29.41733],[-89.66446,29.42096],[-89.66219,29.42126],[-89.66301,29.423],[-89.65991,29.42709],[-89.66151,29.42846],[-89.65937,29.43061],[-89.66319,29.4281],[-89.66362,29.42977],[-89.65905,29.43444],[-89.65742,29.43272],[-89.65824,29.43677],[-89.6617,29.43951],[-89.66363,29.43872],[-89.66474,29.44055],[-89.66639,29.4378],[-89.67061,29.43624],[-89.67,29.43866],[-89.67162,29.44174],[-89.6754,29.43743],[-89.67787,29.43705],[-89.67971,29.43931],[-89.68258,29.43946],[-89.68553,29.44351],[-89.68766,29.44995],[-89.68711,29.45266],[-89.68941,29.45329],[-89.68898,29.45484],[-89.69277,29.46036],[-89.68753,29.46154],[-89.6914,29.46432],[-89.69022,29.46626],[-89.70046,29.46624],[-89.70272,29.47206],[-89.70965,29.47029],[-89.7132,29.47151],[-89.71234,29.46678],[-89.70653,29.46499],[-89.70465,29.46188],[-89.71288,29.4557],[-89.71553,29.45184],[-89.71748,29.45167],[-89.71715,29.4494],[-89.71952,29.44637],[-89.73049,29.43675],[-89.75558,29.41835],[-89.77006,29.41637],[-89.76836,29.41437],[-89.77024,29.41013],[-89.77319,29.41753],[-89.77455,29.41783],[-89.77481,29.41608],[-89.77503,29.4184],[-89.78379,29.4172],[-89.79113,29.41313],[-89.79168,29.4113],[-89.81071,29.4071],[-89.81477,29.40884],[-89.81097,29.41124],[-89.81088,29.41442],[-89.81329,29.41636],[-89.81178,29.41806],[-89.81473,29.42103],[-89.81035,29.42808],[-89.81185,29.4335],[-89.81859,29.43036],[-89.82443,29.42487],[-89.82803,29.42371],[-89.83301,29.42468],[-89.83537,29.42244],[-89.83962,29.42386],[-89.83509,29.42872],[-89.83256,29.42776],[-89.83205,29.42586],[-89.8319,29.42782],[-89.82967,29.42919],[-89.82799,29.42705],[-89.8243,29.42778],[-89.82812,29.43042],[-89.83492,29.43096],[-89.82732,29.4333],[-89.82607,29.43652],[-89.82852,29.43941],[-89.83112,29.43943],[-89.83163,29.43584],[-89.83426,29.43494],[-89.83647,29.43709],[-89.83947,29.43636],[-89.8346,29.44113],[-89.83232,29.44142],[-89.83486,29.44359],[-89.83391,29.45144],[-89.82944,29.45239],[-89.8232,29.4443],[-89.8158,29.44776],[-89.81386,29.45412],[-89.80791,29.45389],[-89.80316,29.45641],[-89.79261,29.45407],[-89.79033,29.45484],[-89.78392,29.45086],[-89.7745,29.45531],[-89.76973,29.45376],[-89.76849,29.4515],[-89.77113,29.45185],[-89.77123,29.45019],[-89.76883,29.44959],[-89.76928,29.44823],[-89.76319,29.4488],[-89.76055,29.45009],[-89.75851,29.45372],[-89.75632,29.46605],[-89.75763,29.47378],[-89.76387,29.48124],[-89.77074,29.48213],[-89.77731,29.47987],[-89.77862,29.47311],[-89.78235,29.46859],[-89.78533,29.46044],[-89.78471,29.45757],[-89.78771,29.45654],[-89.8034,29.45824],[-89.80872,29.45628],[-89.81518,29.45931],[-89.82398,29.4681],[-89.83541,29.47485],[-89.84902,29.47655],[-89.86041,29.47356],[-89.86387,29.47535],[-89.86395,29.47709],[-89.86107,29.47891],[-89.86573,29.4817],[-89.87055,29.47988],[-89.87209,29.47672],[-89.87096,29.47338],[-89.87565,29.47276],[-89.8783,29.46864],[-89.88042,29.47],[-89.88029,29.46674],[-89.88442,29.46787],[-89.88777,29.46492],[-89.89148,29.46807],[-89.88766,29.46771],[-89.88732,29.46942],[-89.89376,29.46994],[-89.8958,29.47494],[-89.88855,29.47371],[-89.88891,29.47586],[-89.88146,29.48353],[-89.88181,29.48802],[-89.88919,29.49205],[-89.89966,29.4922],[-89.90749,29.48251],[-89.90896,29.48699],[-89.90757,29.49258],[-89.91147,29.49776],[-89.90757,29.49675],[-89.91228,29.49977],[-89.91302,29.4979],[-89.90975,29.49297],[-89.91161,29.48878],[-89.9113,29.48427],[-89.9165,29.48641],[-89.92084,29.49381],[-89.91843,29.49784],[-89.9168,29.50774],[-89.92099,29.51099],[-89.92429,29.51136],[-89.93399,29.50778],[-89.93232,29.50216],[-89.92388,29.49756],[-89.9263,29.49095],[-89.92836,29.49142],[-89.92909,29.48963],[-89.93045,29.49423],[-89.9288,29.4981],[-89.9342,29.499],[-89.93341,29.49762],[-89.93666,29.49426],[-89.93433,29.49556],[-89.93281,29.49444],[-89.92993,29.4881],[-89.92736,29.48933],[-89.93189,29.48607],[-89.93021,29.48325],[-89.93213,29.48126],[-89.93844,29.48139],[-89.93912,29.47885],[-89.93637,29.47781],[-89.93578,29.4808],[-89.93213,29.48054],[-89.93107,29.47832],[-89.93318,29.47787],[-89.93371,29.47459],[-89.9256,29.46947],[-89.93163,29.4684],[-89.93395,29.46568],[-89.93684,29.467],[-89.93859,29.47042],[-89.93372,29.46792],[-89.93118,29.47202],[-89.93283,29.47025],[-89.93375,29.4722],[-89.9337,29.47028],[-89.93511,29.46989],[-89.93835,29.47115],[-89.93966,29.47456],[-89.94415,29.47348],[-89.94322,29.46941],[-89.9372,29.46808],[-89.93951,29.46297],[-89.9358,29.46113],[-89.93946,29.45818],[-89.94502,29.45981],[-89.95759,29.45798],[-89.96558,29.46412],[-89.97743,29.46012],[-89.97746,29.46328]],[[-90.42999,30.23413],[-90.42798,30.25549],[-90.4162,30.26813],[-90.40411,30.27509],[-90.40131,30.28088],[-90.40249,30.28793],[-90.41627,30.29077],[-90.42883,30.29725],[-90.42883,30.29968],[-90.42153,30.30494],[-90.41669,30.31128],[-90.42438,30.31952],[-90.43121,30.32147],[-90.43571,30.32601],[-90.44503,30.32561],[-90.46771,30.33411],[-90.47785,30.34465],[-90.48352,30.34387],[-90.49243,30.3406],[-90.50421,30.33173],[-90.51147,30.32892],[-90.53902,30.30414],[-90.55109,30.30011],[-90.56131,30.30332],[-90.56374,30.30211],[-90.56031,30.29389],[-90.56128,30.2901],[-90.57751,30.27456],[-90.58562,30.25471],[-90.58562,30.24701],[-90.58118,30.23529],[-90.57751,30.22959],[-90.57184,30.22635],[-90.57143,30.22189],[-90.57468,30.21744],[-90.57672,30.21069],[-90.58318,30.20731],[-90.58926,30.20812],[-90.59412,30.20532],[-90.59574,30.20001],[-90.59412,30.19151],[-90.59007,30.18462],[-90.5827,30.17767],[-90.57347,30.17247],[-90.5609,30.16963],[-90.54388,30.16801],[-90.53619,30.16963],[-90.50337,30.17084],[-90.48272,30.1753],[-90.45831,30.19031],[-90.45431,30.19965],[-90.443,30.21258],[-90.43814,30.21581],[-90.42999,30.23413]]]]}}]}
